-- MySQL dump 10.15  Distrib 10.0.30-MariaDB, for debian-linux-gnu (x86_64)
--
-- Host: localhost    Database: gesti_db
-- ------------------------------------------------------
-- Server version	10.0.30-MariaDB-0+deb8u1

/*!40101 SET @OLD_CHARACTER_SET_CLIENT=@@CHARACTER_SET_CLIENT */;
/*!40101 SET @OLD_CHARACTER_SET_RESULTS=@@CHARACTER_SET_RESULTS */;
/*!40101 SET @OLD_COLLATION_CONNECTION=@@COLLATION_CONNECTION */;
/*!40101 SET NAMES utf8 */;
/*!40103 SET @OLD_TIME_ZONE=@@TIME_ZONE */;
/*!40103 SET TIME_ZONE='+00:00' */;
/*!40014 SET @OLD_UNIQUE_CHECKS=@@UNIQUE_CHECKS, UNIQUE_CHECKS=0 */;
/*!40014 SET @OLD_FOREIGN_KEY_CHECKS=@@FOREIGN_KEY_CHECKS, FOREIGN_KEY_CHECKS=0 */;
/*!40101 SET @OLD_SQL_MODE=@@SQL_MODE, SQL_MODE='NO_AUTO_VALUE_ON_ZERO' */;
/*!40111 SET @OLD_SQL_NOTES=@@SQL_NOTES, SQL_NOTES=0 */;

--
-- Current Database: `gesti_db`
--

#CREATE DATABASE /*!32312 IF NOT EXISTS*/ `gesti` /*!40100 DEFAULT CHARACTER SET latin1 */;

#USE `gesti`;

--
-- Table structure for table `avoir`
--

DROP TABLE IF EXISTS `avoir`;
/*!40101 SET @saved_cs_client     = @@character_set_client */;
/*!40101 SET character_set_client = utf8 */;
CREATE TABLE `avoir` (
  `id` int(11) NOT NULL AUTO_INCREMENT,
  `client_id` int(11) DEFAULT NULL,
  `facture_id` int(11) DEFAULT NULL,
  `reference` varchar(255) COLLATE utf8_unicode_ci DEFAULT NULL,
  `montant` double NOT NULL,
  `payed` tinyint(1) NOT NULL,
  `date_avoir` date NOT NULL,
  PRIMARY KEY (`id`),
  KEY `IDX_659B1A4319EB6921` (`client_id`),
  KEY `IDX_659B1A437F2DEE08` (`facture_id`),
  CONSTRAINT `FK_659B1A4319EB6921` FOREIGN KEY (`client_id`) REFERENCES `tiers` (`id`),
  CONSTRAINT `FK_659B1A437F2DEE08` FOREIGN KEY (`facture_id`) REFERENCES `facture` (`id`)
) ENGINE=InnoDB AUTO_INCREMENT=2 DEFAULT CHARSET=utf8 COLLATE=utf8_unicode_ci;
/*!40101 SET character_set_client = @saved_cs_client */;

--
-- Dumping data for table `avoir`
--

LOCK TABLES `avoir` WRITE;
/*!40000 ALTER TABLE `avoir` DISABLE KEYS */;
INSERT INTO `avoir` VALUES (1,14,92,'1-AVR/18',1041600,1,'2018-04-09');
/*!40000 ALTER TABLE `avoir` ENABLE KEYS */;
UNLOCK TABLES;

--
-- Table structure for table `avoir_info_vente`
--

DROP TABLE IF EXISTS `avoir_info_vente`;
/*!40101 SET @saved_cs_client     = @@character_set_client */;
/*!40101 SET character_set_client = utf8 */;
CREATE TABLE `avoir_info_vente` (
  `avoir_id` int(11) NOT NULL,
  `info_vente_id` int(11) NOT NULL,
  PRIMARY KEY (`avoir_id`,`info_vente_id`),
  UNIQUE KEY `UNIQ_4E7503326AF26C60` (`info_vente_id`),
  KEY `IDX_4E750332C36D46DB` (`avoir_id`),
  CONSTRAINT `FK_4E7503326AF26C60` FOREIGN KEY (`info_vente_id`) REFERENCES `info_vente` (`id`) ON DELETE CASCADE,
  CONSTRAINT `FK_4E750332C36D46DB` FOREIGN KEY (`avoir_id`) REFERENCES `avoir` (`id`) ON DELETE CASCADE
) ENGINE=InnoDB DEFAULT CHARSET=utf8 COLLATE=utf8_unicode_ci;
/*!40101 SET character_set_client = @saved_cs_client */;

--
-- Dumping data for table `avoir_info_vente`
--

LOCK TABLES `avoir_info_vente` WRITE;
/*!40000 ALTER TABLE `avoir_info_vente` DISABLE KEYS */;
INSERT INTO `avoir_info_vente` VALUES (1,1),(1,2),(1,3);
/*!40000 ALTER TABLE `avoir_info_vente` ENABLE KEYS */;
UNLOCK TABLES;

--
-- Table structure for table `bonCommande`
--

DROP TABLE IF EXISTS `bonCommande`;
/*!40101 SET @saved_cs_client     = @@character_set_client */;
/*!40101 SET character_set_client = utf8 */;
CREATE TABLE `bonCommande` (
  `id` int(11) NOT NULL AUTO_INCREMENT,
  `fournissuer_id` int(11) DEFAULT NULL,
  `cur_iso` varchar(255) COLLATE utf8_unicode_ci DEFAULT NULL,
  `reference` varchar(255) COLLATE utf8_unicode_ci DEFAULT NULL,
  `pnr` varchar(255) COLLATE utf8_unicode_ci DEFAULT NULL,
  `pnr_propre` varchar(255) COLLATE utf8_unicode_ci DEFAULT NULL,
  `montant_transport` varchar(255) COLLATE utf8_unicode_ci DEFAULT NULL,
  `montant_taxe` varchar(255) COLLATE utf8_unicode_ci DEFAULT NULL,
  `fee_agv` varchar(255) COLLATE utf8_unicode_ci DEFAULT NULL,
  `etat` varchar(255) COLLATE utf8_unicode_ci NOT NULL,
  `date_bc` date NOT NULL,
  PRIMARY KEY (`id`),
  KEY `IDX_25CC809C43AE066` (`fournissuer_id`),
  KEY `IDX_25CC809CF2B81F7C` (`cur_iso`),
  CONSTRAINT `FK_25CC809C43AE066` FOREIGN KEY (`fournissuer_id`) REFERENCES `tiers` (`id`),
  CONSTRAINT `FK_25CC809CF2B81F7C` FOREIGN KEY (`cur_iso`) REFERENCES `currency` (`code_iso`)
) ENGINE=InnoDB AUTO_INCREMENT=32 DEFAULT CHARSET=utf8 COLLATE=utf8_unicode_ci;
/*!40101 SET character_set_client = @saved_cs_client */;

--
-- Dumping data for table `bonCommande`
--

LOCK TABLES `bonCommande` WRITE;
/*!40000 ALTER TABLE `bonCommande` DISABLE KEYS */;
INSERT INTO `bonCommande` VALUES (1,3,NULL,'BC-0001/HSMV/18','W4E6RL/1A -PVA42X/1A',NULL,'1399200','1082200','77800','vendu','2018-02-07'),(2,3,NULL,'BC-0002/HSMV/18','W4E6RL/1A',NULL,'722300','541100','38900','vendu','2018-02-07'),(3,3,NULL,'BC-0003/HSMV/18','PNSHRZ/1A',NULL,'739700','687900','38600','vendu','2018-02-21'),(6,3,NULL,'BC-0005/HSMV/18','UNIRUV/1A',NULL,'1095100','420700','38300','vendu','2018-02-26'),(8,3,NULL,'BC-0006/HSMV/18','UT3CQW',NULL,'1518000','1335200','75400','vendu','2018-03-14'),(9,5,NULL,'BC-0007/HSMV/18','VUDFMY',NULL,'18877000','1730200','328200','vendu','2018-03-16'),(10,5,NULL,'BC-0008/HSMV/18','VUDFMY','Pénalités remboursement','77600','0','0','vendu','2018-03-20'),(12,5,NULL,'BC-0009/HSMV/18','VUDFMY','Pénalité remboursement billet 057-1411203955','77600','0','0','vendu','2018-03-20'),(13,5,NULL,'BC-0010/HSMV/18','VUDFMY','Pénalités remboursement billet 057-1411203955','77600','0','0','vendu','2018-03-20'),(14,5,NULL,'BC-0011/HSMV/18','VUDFMY','Fees de remboursement pour billet 057-1411203955','77800','0','0','vendu','2018-03-21'),(15,3,NULL,'BC-0012/HSMV/18','LJ7AR9/1A',NULL,'885900','674900','38200','vendu','2018-03-22'),(18,32,NULL,'BC-0013/HSMV/18','GZNBAB','GZNBAB/EK','7616200','3369900','240000','valide','2018-04-16'),(19,32,NULL,'BC-0014/HSMV/18','LH6QH2-KLL6K2','LH6QH2/EK-KLL6K2/EK','1069800','3099200','240000','valide','2018-04-16'),(22,32,NULL,'BC-0017/HSMV/18','O2JUWW/F1','MPNDZ2/EK','534900','1549600','120000','valide','2018-04-16'),(26,32,NULL,'BC-0018/HSMV/18','MPNDZ2','E42NYASMN','534900','1549600','120000','valide','2018-04-16'),(27,32,NULL,'BC-0019/HSMV/18','2BZGZW','KLL6K2/EK','534200','1547200','120000','valide','2018-04-19'),(29,29,NULL,'BC-0021/HSMV/18','N9ZP5K/1A','ABYVOF/ET','2077600','1410050','120000','valide','2018-05-17'),(30,3,NULL,'BC-0022/HSMV/18','T9VI8C/1A','T9VI8C/1A','2908700','2165400','120600','vendu','2018-07-03'),(31,3,NULL,'BC-0023/HSMV/18','T9T39R/1A','T9T39R/1A','2821500','2211900','40200','vendu','2018-07-03');
/*!40000 ALTER TABLE `bonCommande` ENABLE KEYS */;
UNLOCK TABLES;

--
-- Table structure for table `classes`
--

DROP TABLE IF EXISTS `classes`;
/*!40101 SET @saved_cs_client     = @@character_set_client */;
/*!40101 SET character_set_client = utf8 */;
CREATE TABLE `classes` (
  `id` int(11) NOT NULL AUTO_INCREMENT,
  `classes` varchar(255) COLLATE utf8_unicode_ci NOT NULL,
  `simple` double NOT NULL,
  `aller_retour` double NOT NULL,
  PRIMARY KEY (`id`)
) ENGINE=InnoDB AUTO_INCREMENT=21 DEFAULT CHARSET=utf8 COLLATE=utf8_unicode_ci;
/*!40101 SET character_set_client = @saved_cs_client */;

--
-- Dumping data for table `classes`
--

LOCK TABLES `classes` WRITE;
/*!40000 ALTER TABLE `classes` DISABLE KEYS */;
INSERT INTO `classes` VALUES (1,'économique',45000,55000),(2,'affaires',45000,55000),(3,'speciale',45000,55000),(4,'économique',75000,102000),(5,'affaires',105000,120000),(6,'économique',145000,176000),(7,'affaires',207500,270000),(8,'économique',200000,200000),(9,'affaires',400000,400000),(10,'économique',145000,176000),(11,'affaires',207500,295000),(12,'économique',250000,250000),(13,'affaires',271000,271000),(14,'économique',75000,75000),(15,'économique',55000,55000),(16,'affaires',75000,75000),(17,'affaires',55000,55000),(18,'économique',145000,176000),(19,'affaires',207500,295000),(20,'affaires',145000,145000);
/*!40000 ALTER TABLE `classes` ENABLE KEYS */;
UNLOCK TABLES;

--
-- Table structure for table `client`
--

DROP TABLE IF EXISTS `client`;
/*!40101 SET @saved_cs_client     = @@character_set_client */;
/*!40101 SET character_set_client = utf8 */;
CREATE TABLE `client` (
  `id` int(11) NOT NULL AUTO_INCREMENT,
  `raison_sociale` varchar(255) COLLATE utf8_unicode_ci NOT NULL,
  `nom` varchar(255) COLLATE utf8_unicode_ci NOT NULL,
  `prenom` varchar(255) COLLATE utf8_unicode_ci NOT NULL,
  `adresse` varchar(255) COLLATE utf8_unicode_ci NOT NULL,
  `telephone` varchar(255) COLLATE utf8_unicode_ci NOT NULL,
  `email` varchar(255) COLLATE utf8_unicode_ci NOT NULL,
  PRIMARY KEY (`id`)
) ENGINE=InnoDB DEFAULT CHARSET=utf8 COLLATE=utf8_unicode_ci;
/*!40101 SET character_set_client = @saved_cs_client */;

--
-- Dumping data for table `client`
--

LOCK TABLES `client` WRITE;
/*!40000 ALTER TABLE `client` DISABLE KEYS */;
/*!40000 ALTER TABLE `client` ENABLE KEYS */;
UNLOCK TABLES;

--
-- Table structure for table `contact`
--

DROP TABLE IF EXISTS `contact`;
/*!40101 SET @saved_cs_client     = @@character_set_client */;
/*!40101 SET character_set_client = utf8 */;
CREATE TABLE `contact` (
  `id` int(11) NOT NULL AUTO_INCREMENT,
  `contact` varchar(255) COLLATE utf8_unicode_ci NOT NULL,
  `description` varchar(255) COLLATE utf8_unicode_ci NOT NULL,
  PRIMARY KEY (`id`)
) ENGINE=InnoDB AUTO_INCREMENT=100 DEFAULT CHARSET=utf8 COLLATE=utf8_unicode_ci;
/*!40101 SET character_set_client = @saved_cs_client */;

--
-- Dumping data for table `contact`
--

LOCK TABLES `contact` WRITE;
/*!40000 ALTER TABLE `contact` DISABLE KEYS */;
INSERT INTO `contact` VALUES (1,'(+261) 20 23 640 53','Tel/Fax'),(3,'A modifier','Tel/Fax'),(4,'A modifier','Tel/Fax'),(5,'020 23 230 08','Tel/Fax'),(6,'A modifier','Tel/Fax'),(7,'A modifier','Tel/Fax'),(8,'A modifier','Tel/Fax'),(9,'A modifier','Tel/Fax'),(10,'A modifier','Tel/Fax'),(11,'020 22 200 10','téléphone'),(12,'22 262 76','téléphone'),(13,'020 22 617 21','téléphone'),(14,'020 22 224 69','téléphone'),(15,'032 40 448 55','téléphone'),(16,'020 23 555 55','téléphone'),(17,'020 23 555 55','téléphone'),(18,'034 44 150 95','téléphone'),(19,'034 44 243 89','téléphone'),(20,'034 44 250 77','téléphone'),(21,'020 22 226 31','téléphone'),(22,'034 423 273 42','téléphone'),(23,'032 07 402 22','téléphone'),(24,'034 44 413 17','téléphone'),(25,'020 22 200 10','téléphone'),(26,'020 22 200 10','téléphone'),(27,'034 49 247 97','téléphone'),(28,'020 22 620 13','téléphone'),(29,'020 22 307 34','téléphone'),(31,'020 22 307 32','téléphone'),(32,'020 22 359 90','téléphone'),(33,'020 22 307 32','téléphone'),(34,'020 22 346 02','téléphone'),(35,'020 22 346 02','téléphone'),(36,'020 22 312 10','téléphone'),(37,'020 22 312 10','téléphone'),(38,'020 22 359 90','téléphone'),(39,'020 22 307 34','téléphone'),(40,'020 22 307 32','téléphone'),(41,'020 22 359 90','téléphone'),(42,'020 22 307 32','téléphone'),(43,'020 22 307 32','téléphone'),(44,'020 22 359 90','téléphone'),(45,'032 05 970 07','téléphone'),(46,'020 22 359 90','téléphone'),(47,'020 22 307 32','téléphone'),(48,'+261 3408 24343','tel'),(49,'03337 02681','tel'),(50,'0320333049','tel'),(51,'0340522020','tél'),(52,'034 44 452 50','téléphone'),(53,'+33','tel'),(54,'0324842786','tél'),(55,'0340558299','tél'),(56,'0321138258','tel'),(57,'0341125612','tel'),(58,'0331222219','tel'),(59,'22 398 50','tel'),(60,'03444 41337','tel'),(61,'0341553396','tel'),(62,'0340445621','tél'),(63,'0320725453','tél'),(64,'0344492520','tél'),(65,'0340222541','tél'),(66,'03460 94082','tél'),(67,'+491757500273','tél'),(68,'034 05 220 20','téléphone'),(69,'0320707004','tél'),(70,'0324221688','tél'),(71,'0320245379','tél'),(72,'0340107305','tel'),(73,'03460 96434','tél'),(74,'0320758434','tél'),(75,'0326773246','tél'),(76,'03405 431 86','tél'),(77,'03405 431 86','tél'),(78,'0344719384','tel'),(79,'0','téléphone'),(80,'0','téléphone'),(81,'0341837015','tel'),(82,'0331133000','tél'),(83,'03402 24307','tel'),(84,'034030042','tél'),(85,'0344325446','tel'),(86,'0346531369','tél'),(87,'0347570890','tél'),(88,'0349888344','tel'),(89,'03444403500','tél'),(90,'0344067796','tél'),(91,'+33679815789','tél'),(92,'0343837676','tél'),(93,'0320705668','tél'),(94,'0348379922','tél'),(95,'0347570890','tél'),(96,'0345136100','tél'),(97,'0331104441','tél'),(98,'+267 713 89 094','tél'),(99,'0340540183','tél');
/*!40000 ALTER TABLE `contact` ENABLE KEYS */;
UNLOCK TABLES;

--
-- Table structure for table `currency`
--

DROP TABLE IF EXISTS `currency`;
/*!40101 SET @saved_cs_client     = @@character_set_client */;
/*!40101 SET character_set_client = utf8 */;
CREATE TABLE `currency` (
  `code_iso` varchar(255) COLLATE utf8_unicode_ci NOT NULL,
  `libelle` varchar(255) COLLATE utf8_unicode_ci NOT NULL,
  `active` tinyint(1) NOT NULL,
  PRIMARY KEY (`code_iso`)
) ENGINE=InnoDB DEFAULT CHARSET=utf8 COLLATE=utf8_unicode_ci;
/*!40101 SET character_set_client = @saved_cs_client */;

--
-- Dumping data for table `currency`
--

LOCK TABLES `currency` WRITE;
/*!40000 ALTER TABLE `currency` DISABLE KEYS */;
INSERT INTO `currency` VALUES ('EUR','Euro',0),('MGA','Ariary',1),('USD','United States Dollar',0);
/*!40000 ALTER TABLE `currency` ENABLE KEYS */;
UNLOCK TABLES;

--
-- Table structure for table `facture`
--

DROP TABLE IF EXISTS `facture`;
/*!40101 SET @saved_cs_client     = @@character_set_client */;
/*!40101 SET character_set_client = utf8 */;
CREATE TABLE `facture` (
  `id` int(11) NOT NULL AUTO_INCREMENT,
  `client_id` int(11) DEFAULT NULL,
  `file_scan_id` int(11) DEFAULT NULL,
  `reference` varchar(255) COLLATE utf8_unicode_ci DEFAULT NULL,
  `type_paiement` varchar(255) COLLATE utf8_unicode_ci NOT NULL,
  `montat_rembourse` double DEFAULT NULL,
  `change_taux` varchar(255) COLLATE utf8_unicode_ci DEFAULT NULL,
  `montant_tva` double NOT NULL,
  `date_echeance` date DEFAULT NULL,
  `montant_transport` varchar(255) COLLATE utf8_unicode_ci NOT NULL,
  `montant_taxe` varchar(255) COLLATE utf8_unicode_ci NOT NULL,
  `montant_fees` varchar(255) COLLATE utf8_unicode_ci NOT NULL,
  `payed` tinyint(1) NOT NULL,
  `annule` tinyint(1) NOT NULL,
  `date_facture` date NOT NULL,
  `autre_prod` double NOT NULL,
  PRIMARY KEY (`id`),
  UNIQUE KEY `UNIQ_FE866410734113E8` (`file_scan_id`),
  KEY `IDX_FE86641019EB6921` (`client_id`),
  CONSTRAINT `FK_FE86641019EB6921` FOREIGN KEY (`client_id`) REFERENCES `tiers` (`id`),
  CONSTRAINT `FK_FE866410734113E8` FOREIGN KEY (`file_scan_id`) REFERENCES `piece_jointe` (`id`)
) ENGINE=InnoDB AUTO_INCREMENT=189 DEFAULT CHARSET=utf8 COLLATE=utf8_unicode_ci;
/*!40101 SET character_set_client = @saved_cs_client */;

--
-- Dumping data for table `facture`
--

LOCK TABLES `facture` WRITE;
/*!40000 ALTER TABLE `facture` DISABLE KEYS */;
INSERT INTO `facture` VALUES (2,48,NULL,'2/HSMV/17-Dec','comptant',0,NULL,11000,'2017-12-21','230800','358200','55000',1,0,'2017-12-06',0),(3,20,NULL,'3/HSMV/17-Dec','comptant',0,NULL,11000,'2017-12-23','230800','357000','55000',1,0,'2017-12-08',0),(4,14,NULL,'4/HSMV/17-Dec','credit',0,NULL,21000,'2017-12-23','1346100','472900','105000',1,0,'2017-12-08',0),(5,14,NULL,'5/HSMV/17-Dec','credit',0,NULL,21000,'2017-12-23','2062800','390000','105000',1,0,'2017-12-08',0),(6,49,NULL,'6/HSMV/17-Dec','comptant',0,NULL,11000,'2017-12-23','452600','372700','55000',1,0,'2017-12-08',0),(7,50,2,'7/HSMV/17-Dec','comptant',0,NULL,44000,'2017-12-26','1205200','1570400','220000',1,0,'2017-12-11',0),(8,20,NULL,'8/HSMV/17-Dec','credit',0,NULL,11000,'2017-12-26','230800','356200','55000',1,0,'2017-12-11',0),(9,21,4,'9/HSMV/17-Dec','credit',0,NULL,72000,'2017-12-27','5265300','2433900','360000',1,0,'2017-12-12',0),(11,21,NULL,'11/HSMV/17-Dec','credit',0,NULL,35000,'2018-01-14','3744400','919700','175000',1,0,'2017-12-14',0),(13,13,NULL,'13/HSMV/17-Dec','comptant',0,NULL,29000,'2017-12-30','1714900','675600','145000',1,0,'2017-12-15',0),(14,51,NULL,'14/HSMV/17-Dec','comptant',0,NULL,35200,'2017-12-30','2491400','1492700','176000',1,0,'2017-12-15',0),(15,52,NULL,'15/HSMV/17-Dec','credit',0,NULL,22000,'2017-12-30','1939200','714400','110000',1,0,'2017-12-15',0),(16,25,NULL,'16/HSMV/17-Dec','credit',0,NULL,9000,'2017-12-30','252500','132700','45000',0,0,'2017-12-15',0),(17,53,NULL,'17/HSMV/17-Dec','comptant',0,NULL,18000,'2018-01-02','969600','307000','90000',1,0,'2017-12-18',69230),(18,16,NULL,'18/HSMV/17-Dec','credit',0,NULL,20400,'2018-01-03','846700','907000','102000',1,0,'2017-12-19',0),(19,21,NULL,'19/HSMV/17-Dec','credit',0,NULL,54000,'2018-01-03','6447600','1285800','270000',1,0,'2017-12-19',0),(20,54,NULL,'20/HSMV/17-Dec','comptant',0,NULL,9000,'2018-01-04','252500','225500','45000',1,0,'2017-12-20',26600),(21,55,NULL,'21/HSMV/17-Dec','comptant',0,NULL,9000,'2018-01-04','180400','133200','45000',1,0,'2017-12-20',0),(22,56,NULL,'22/HSMV/17-Dec','comptant',0,NULL,44000,'2018-01-04','1731600','1580400','220000',1,0,'2017-12-20',0),(23,57,NULL,'23/HSMV/17-Dec','comptant',0,NULL,33000,'2018-01-05','1515000','1141200','165000',1,0,'2017-12-21',0),(24,57,NULL,'24/HSMV/17-Dec','comptant',0,NULL,11000,'2018-01-05','338400','380400','55000',1,0,'2017-12-21',0),(27,20,NULL,'27/HSMV/17-Dec','credit',0,NULL,11000,'2018-01-11','162900','0','55000',1,0,'2017-12-27',0),(28,58,NULL,'28/HSMV/17-Dec','comptant',0,NULL,44000,'2018-01-11','2400600','1520000','220000',1,0,'2017-12-27',0),(29,15,NULL,'29/HSMV/17-Dec','comptant',0,NULL,35200,'2018-01-11','1539600','1866400','176000',1,0,'2017-12-27',0),(30,48,NULL,'30/HSMV/17-Dec','comptant',0,NULL,70400,'2018-01-13','3261200','1869600','352000',1,0,'2017-12-29',0),(31,48,NULL,'31/HSMV/17-Dec','comptant',0,NULL,35200,'2018-01-13','1630600','934800','176000',1,0,'2017-12-29',0),(32,59,NULL,'32/HSMV/17-Dec','comptant',0,NULL,11000,'2018-01-13','478800','381000','55000',1,0,'2017-12-29',46290),(33,13,NULL,'33/HSMV/17-Dec','credit',0,NULL,35200,'2018-01-13','3619800','2298300','176000',1,0,'2017-12-29',0),(34,60,NULL,'34/HSMV/17-Dec','comptant',0,NULL,35200,'2018-01-15','3372400','1300500','176000',1,0,'2017-12-31',244205),(36,48,NULL,'0001/HSMV/18','comptant',0,NULL,18000,'2018-01-20','257800','267000','90000',1,0,'2018-01-05',0),(39,28,NULL,'0002/HSMV/18','credit',0,NULL,35200,'2018-01-20','3431400','1290300','176000',0,0,'2018-01-05',0),(40,21,9,'0003/HSMV/18','credit',0,NULL,35200,'2018-01-21','2356500','1757300','176000',1,0,'2018-01-06',0),(41,14,NULL,'0004/HSMV/18','credit',0,NULL,24000,'2018-01-25','2070700','931800','120000',1,0,'2018-01-10',0),(42,61,NULL,'0005/HSMV/18','comptant',0,NULL,9000,'2018-01-26','226300','226600','45000',1,0,'2018-01-11',0),(43,13,NULL,'0006/HSMV/18','credit',0,NULL,15000,'2018-01-28','806400','0','75000',1,0,'2018-01-13',0),(44,14,NULL,'0007/HSMV/18','credit',0,NULL,11000,'2018-01-30','323200','362200','55000',1,0,'2018-01-15',0),(45,14,NULL,'0008/HSMV/18','credit',0,NULL,11000,'2018-02-03','323200','363100','55000',1,0,'2018-01-19',0),(46,14,NULL,'0009/HSMV/18','credit',0,NULL,11000,'2018-02-03','0','17900','55000',1,0,'2018-01-19',0),(48,62,NULL,'0011/HSMV/18','comptant',0,NULL,35200,'2018-02-03','1798000','1565200','176000',1,0,'2018-01-19',0),(49,63,NULL,'0012/HSMV/18','comptant',0,NULL,11000,'2018-02-04','452600','400000','55000',1,0,'2018-01-20',45930),(50,21,11,'0013/HSMV/18','credit',0,NULL,11000,'2018-02-06','323200','363500','55000',1,0,'2018-01-22',0),(51,21,12,'0014/HSMV/18','credit',0,NULL,11000,'2018-02-07','50000','22300','55000',1,0,'2018-01-23',0),(52,48,NULL,'0015/HSMV/18','comptant',0,NULL,18000,'2018-02-09','230800','266400','90000',1,0,'2018-01-25',0),(53,64,NULL,'0016/HSMV/18','comptant',0,NULL,11000,'2018-02-10','452600','459000','55000',1,0,'2018-01-26',0),(54,15,NULL,'0017/HSMV/18','comptant',0,NULL,27000,'2018-02-10','484800','688500','135000',1,0,'2018-01-26',0),(55,22,NULL,'0018/HSMV/18','comptant',0,NULL,35200,'2018-02-10','1985600','1305500','176000',1,0,'2018-01-26',0),(56,65,NULL,'0019/HSMV/18','comptant',0,NULL,70400,'2018-02-11','816800','4769600','352000',1,0,'2018-01-27',0),(57,21,NULL,'0020/HSMV/18','credit',0,NULL,54000,'2018-02-13','10516800','2321300','270000',1,0,'2018-01-29',0),(58,14,NULL,'0021/HSMV/18','credit',0,NULL,63000,'2018-02-17','3772300','1467000','315000',1,0,'2018-02-02',0),(59,14,NULL,'0022/HSMV/18','credit',0,NULL,54000,'2018-02-17','10571300','2321500','270000',1,0,'2018-02-02',0),(60,48,NULL,'0023/HSMV/18','comptant',0,NULL,9000,'2018-02-20','115400','229700','45000',1,0,'2018-02-05',0),(61,66,NULL,'0024/HSMV/18','comptant',0,NULL,33000,'2018-02-21','1541900','954700','165000',1,0,'2018-02-06',0),(62,13,NULL,'0025/HSMV/18','credit',0,NULL,35200,'2018-02-23','1999800','1785000','176000',1,0,'2018-02-08',0),(63,12,27,'0026/HSMV/18','credit',0,NULL,54000,'2018-02-23','10762800','2339900','270000',1,0,'2018-02-08',0),(64,16,18,'0027/HSMV/18','credit',0,NULL,20400,'2018-02-24','1630100','1064700','102000',1,0,'2018-02-09',0),(65,11,20,'0028/HSMV/18','credit',0,NULL,33000,'2018-02-28','1357800','1368000','165000',1,0,'2018-02-13',0),(66,11,NULL,'0029/HSMV/18','credit',0,NULL,31000,'2018-02-28','2143800','1132000','155000',1,0,'2018-02-13',0),(67,20,NULL,'0030/HSMV/18','credit',0,NULL,11000,'2018-03-01','969600','358200','55000',1,0,'2018-02-14',0),(68,67,NULL,'0031/HSMV/18','comptant',0,NULL,9000,'2018-03-02','484800','227500','45000',1,0,'2018-02-15',38315),(69,25,NULL,'0032/HSMV/18','credit',0,NULL,9000,'2018-03-06','484800','224900','45000',0,0,'2018-02-19',0),(81,68,NULL,'0033/HSMV/18','comptant',0,NULL,20400,'2018-03-09','778300','687900','102000',1,0,'2018-02-22',0),(82,21,23,'0034/HSMV/18','credit',0,NULL,11000,'2018-03-09','323200','355500','55000',1,0,'2018-02-22',0),(83,13,NULL,'0035/HSMV/18','credit',0,NULL,35200,'2018-03-14','1500700','2301700','176000',1,0,'2018-02-27',0),(84,11,25,'0036/HSMV/18','credit',0,NULL,9000,'2018-03-15','226300','224600','45000',1,0,'2018-02-28',0),(85,15,NULL,'0037/HSMV/18','comptant',0,NULL,35200,'2018-03-20','1067300','1824200','176000',1,0,'2018-03-05',0),(86,55,NULL,'0038/HSMV/18','comptant',0,NULL,9000,'2018-03-24','161600','222100','45000',1,0,'2018-03-09',0),(87,12,NULL,'0039/HSMV/18','credit',0,NULL,54000,'2018-03-28','8080500','1869800','270000',1,0,'2018-03-13',0),(88,69,NULL,'0040/HSMV/18','comptant',0,NULL,45000,'2018-03-29','1068000','1167100','225000',1,0,'2018-03-14',0),(89,60,NULL,'0041/HSMV/18','credit',0,NULL,40800,'2018-03-29','1518000','1335200','204000',1,0,'2018-03-14',0),(90,11,NULL,'AN-0042/HSMV/18','credit',0,NULL,24000,'2018-03-29','1991300','913400','120000',0,1,'2018-03-14',0),(91,70,NULL,'0042/HSMV/18','comptant',0,NULL,33000,'2018-03-30','1874800','1326600','165000',1,0,'2018-03-15',0),(92,14,NULL,'AN-0043/HSMV/18','credit',1041600,NULL,33000,'2018-03-31','1708000','1047600','165000',0,1,'2018-03-16',0),(93,13,NULL,'0044/HSMV/18','credit',0,NULL,15000,'2018-04-03','315000','0','75000',1,0,'2018-03-19',0),(94,17,NULL,'0045/HSMV/18','credit',0,NULL,35200,'2018-04-03','1884400','1280600','176000',1,0,'2018-03-19',0),(95,71,NULL,'0046/HSMV/18','comptant',0,NULL,20400,'2018-04-06','885900','674900','102000',1,0,'2018-03-22',0),(96,72,NULL,'0047/HSMV/18','comptant',0,NULL,11000,'2018-04-06','452600','384600','55000',1,0,'2018-03-22',45160),(97,70,30,'0048/HSMV/18','comptant',0,NULL,20400,'2018-04-07','749700','923600','102000',1,0,'2018-03-23',0),(98,73,NULL,'0049/HSMV/18','comptant',0,NULL,35200,'2018-04-07','1863300','1293900','176000',1,0,'2018-03-23',0),(99,13,NULL,'0050/HSMV/18','credit',0,NULL,40800,'2018-04-10','1120000','1848400','204000',1,0,'2018-03-26',0),(100,12,32,'0051/HSMV/18','credit',0,NULL,35200,'2018-04-11','1381200','1682900','176000',1,0,'2018-03-27',0),(101,74,NULL,'0052/HSMV/18','comptant',0,NULL,55000,'2018-04-12','1296200','1887500','275000',1,0,'2018-03-28',0),(102,21,NULL,'0053/HSMV/18','credit',0,NULL,22000,'2018-04-12','905200','744600','110000',1,0,'2018-03-28',0),(103,12,34,'0054/HSMV/18','credit',0,NULL,81600,'2018-04-15','6885000','4251600','408000',1,0,'2018-03-31',0),(104,75,NULL,'0055/HSMV/18','comptant',0,NULL,44000,'2018-04-15','1272900','1562000','220000',1,0,'2018-03-31',0),(105,13,NULL,'0056/HSMV/18','credit',0,NULL,35200,'2018-04-19','2057200','2367400','176000',1,0,'2018-04-04',0),(106,77,NULL,'0057/HSMV/18','comptant',0,NULL,11000,'2018-04-19','230800','360700','55000',1,0,'2018-04-04',0),(107,49,NULL,'0058/HSMV/18','comptant',0,NULL,11000,'2018-04-26','452600','361300','55000',1,0,'2018-04-11',0),(108,75,NULL,'0059/HSMV/18','comptant',0,NULL,38000,'2018-04-27','830600','808500','190000',1,0,'2018-04-12',0),(109,78,36,'0060/HSMV/18','comptant',0,NULL,15000,'2018-04-28','389200','0','75000',1,0,'2018-04-13',0),(110,15,NULL,'0061/HSMV/18','comptant',0,NULL,35200,'2018-04-29','1244600','1863900','176000',1,0,'2018-04-14',0),(111,67,NULL,'0062/HSMV/18','comptant',0,NULL,9000,'2018-04-29','226300','122600','45000',1,0,'2018-04-14',0),(112,14,37,'0063/HSMV/18','credit',0,NULL,11000,'2018-05-01','50000','0','55000',1,0,'2018-04-16',0),(113,75,38,'0064/HSMV/18','comptant',0,NULL,9000,'2018-05-01','226300','228500','45000',1,0,'2018-04-16',0),(114,75,NULL,'0065/HSMV/18','comptant',0,NULL,20400,'2018-05-01','567200','935200','102000',1,0,'2018-04-16',0),(115,75,41,'0066/HSMV/18','comptant',0,NULL,40000,'2018-05-02','534300','1548100','200000',1,0,'2018-04-17',0),(116,75,43,'0067/HSMV/18','comptant',0,NULL,80000,'2018-05-02','7580800','3365600','400000',1,0,'2018-04-17',0),(117,75,45,'0068/HSMV/18','comptant',0,NULL,54000,'2018-05-04','2792400','2157100','270000',1,0,'2018-04-19',0),(118,75,46,'0069/HSMV/18','comptant',0,NULL,40000,'2018-05-04','534200','1547200','200000',1,0,'2018-04-19',0),(119,75,47,'0070/HSMV/18','credit',0,NULL,15000,'2018-04-20','1077600','4200','75000',1,0,'2018-04-19',0),(120,79,NULL,'AN-0071/HSMV/18','comptant',0,NULL,11000,'2018-05-05','692400','349200','55000',0,1,'2018-04-20',0),(121,14,NULL,'0072/HSMV/18','credit',0,NULL,22000,'2018-04-16','1015600','698400','110000',1,0,'2018-04-20',0),(122,80,NULL,'0073/HSMV/18','comptant',0,NULL,11000,'2018-05-06','692400','349200','55000',1,0,'2018-04-21',55380),(123,81,NULL,'0074/HSMV/18','comptant',0,NULL,20400,'2018-05-06','566000','934300','102000',1,0,'2018-04-21',0),(124,82,NULL,'0075/HSMV/18','comptant',0,NULL,35200,'2018-05-09','1293000','1716800','176000',1,0,'2018-04-24',0),(125,83,NULL,'0076/HSMV/18','credit',0,NULL,29000,'2018-05-10','2318800','1174300','145000',1,0,'2018-04-25',0),(126,11,NULL,'0077/HSMV/18','credit',0,NULL,11000,'2018-05-10','452600','457600','55000',1,0,'2018-04-25',0),(127,11,NULL,'0078/HSMV/18','credit',0,NULL,9000,'2018-05-10','226300','227500','45000',1,0,'2018-04-25',0),(128,15,NULL,'0079/HSMV/18','comptant',0,NULL,15000,'2018-05-11','317500','324000','75000',1,0,'2018-04-26',0),(129,72,NULL,'0080/HSMV/18','comptant',0,NULL,20400,'2018-05-11','567000','927100','102000',1,0,'2018-04-26',0),(130,72,55,'0081/HSMV/18','comptant',0,NULL,22000,'2018-05-12','646400','909200','110000',1,0,'2018-04-27',0),(131,84,NULL,'0082/HSMV/18','comptant',0,NULL,11000,'2018-05-19','452600','383400','55000',1,0,'2018-05-04',0),(132,20,63,'0083/HSMV/18','credit',0,NULL,61200,'2018-05-19','1711900','2773400','306000',0,0,'2018-05-04',0),(133,77,NULL,'0084/HSMV/18','comptant',0,NULL,11000,'2018-05-22','452600','361000','55000',1,0,'2018-05-07',0),(134,21,64,'0085/HSMV/18','credit',0,NULL,11000,'2018-05-22','323200','361000','55000',1,0,'2018-05-07',0),(135,21,65,'0086/HSMV/18','credit',0,NULL,11000,'2018-05-23','452600','349700','55000',1,0,'2018-05-08',0),(136,77,NULL,'0087/HSMV/18','comptant',0,NULL,9000,'2018-05-24','161600','226900','45000',1,0,'2018-05-09',0),(137,13,NULL,'AN-0088/HSMV/18','credit',0,NULL,9000,'2018-05-26','1787900','690600','45000',0,1,'2018-05-11',0),(138,13,NULL,'0088/HSMV/18','credit',0,NULL,29000,'2018-05-26','1787900','690600','145000',1,0,'2018-05-11',0),(139,85,NULL,'0089/HSMV/18','comptant',0,NULL,29000,'2018-05-30','539800','625900','145000',1,0,'2018-05-15',0),(140,85,NULL,'0090/HSMV/18','comptant',0,NULL,18000,'2018-05-30','161600','226600','90000',1,0,'2018-05-15',0),(141,86,NULL,'0091/HSMV/18','comptant',0,NULL,35200,'2018-05-30','1538300','2600300','176000',1,0,'2018-05-15',0),(142,72,NULL,'0092/HSMV/18','comptant',0,NULL,9000,'2018-05-31','115400','133200','45000',1,0,'2018-05-16',0),(143,49,NULL,'AN-0093/HSMV/18','comptant',0,NULL,48000,'2018-06-01','2441800','1080900','240000',0,1,'2018-05-17',0),(144,49,NULL,'0093/HSMV/18','comptant',0,NULL,44000,'2018-06-01','2441800','1080900','220000',1,0,'2018-05-17',0),(145,87,NULL,'0094/HSMV/18','comptant',0,NULL,22000,'2018-06-01','452600','360300','110000',1,0,'2018-05-17',0),(146,15,NULL,'0095/HSMV/18','comptant',0,NULL,35200,'2018-06-01','2077600','1410050','176000',1,0,'2018-05-17',0),(147,88,NULL,'0096/HSMV/18','comptant',0,NULL,9000,'2018-06-05','226300','149900','45000',1,0,'2018-05-21',0),(148,11,69,'0097/HSMV/18','credit',0,NULL,41500,'2018-06-09','5926900','1021200','207500',1,0,'2018-05-25',0),(149,17,NULL,'0098/HSMV/18','credit',0,NULL,70400,'2018-06-09','4228000','3345400','352000',1,0,'2018-05-25',0),(150,17,NULL,'0099/HSMV/18','credit',0,NULL,54000,'2018-06-09','10811300','1892600','270000',1,0,'2018-05-25',0),(151,21,72,'0100/HSMV/18','credit',0,NULL,70400,'2018-06-12','4233600','2393800','352000',1,0,'2018-05-28',0),(152,21,73,'0101/HSMV/18','credit',0,NULL,57200,'2018-06-14','3867700','1201500','286000',1,0,'2018-05-30',0),(153,89,NULL,'0102/HSMV/18','comptant',0,NULL,18000,'2018-06-20','323200','273600','90000',1,0,'2018-06-05',0),(154,13,NULL,'0103/HSMV/18','credit',0,NULL,35200,'2018-06-20','2604600','1388300','176000',0,0,'2018-06-05',0),(155,90,NULL,'0104/HSMV/18','comptant',0,NULL,20400,'2018-06-23','591900','958900','102000',1,0,'2018-06-08',0),(156,21,74,'0105/HSMV/18','credit',0,NULL,11000,'2018-06-23','452600','403500','55000',0,0,'2018-06-08',0),(157,75,NULL,'0106/HSMV/18','comptant',0,NULL,9000,'2018-06-26','609000','235100','45000',1,0,'2018-06-11',0),(158,87,NULL,'AN-0107/HSMV/18','comptant',0,NULL,15000,'2018-06-26','50000','29700','75000',0,1,'2018-06-11',0),(159,87,NULL,'0107/HSMV/18','credit',0,NULL,11000,'2018-06-26','50000','29700','55000',1,0,'2018-06-11',0),(160,49,NULL,'0108/HSMV/18','comptant',0,NULL,11000,'2018-06-26','50000','29700','55000',1,0,'2018-06-11',0),(161,13,NULL,'0109/HSMV/18','credit',0,NULL,35200,'2018-06-30','2352500','1246900','176000',0,0,'2018-06-15',0),(162,91,NULL,'0110/HSMV/18','comptant',0,NULL,22000,'2018-06-30','2886000','1553000','110000',1,0,'2018-06-15',228550),(163,92,NULL,'0111/HSMV/18','comptant',0,NULL,9000,'2018-07-01','609000','236400','45000',1,0,'2018-06-16',0),(164,26,81,'0112/HSMV/18','credit',0,NULL,11000,'2018-07-03','452600','376200','55000',0,0,'2018-06-18',0),(165,28,NULL,'0113/HSMV/18','credit',0,NULL,11000,'2018-07-03','323200','376200','55000',0,0,'2018-06-18',0),(166,15,NULL,'0114/HSMV/18','comptant',0,NULL,11000,'2018-07-04','452600','469200','55000',1,0,'2018-06-19',0),(167,75,NULL,'0115/HSMV/18','comptant',0,NULL,11000,'2018-07-04','835300','363600','55000',1,0,'2018-06-19',0),(168,21,82,'0116/HSMV/18','credit',0,NULL,11000,'2018-07-06','452600','373100','55000',0,0,'2018-06-21',0),(169,14,NULL,'0117/HSMV/18','credit',0,NULL,11000,'2018-07-07','452600','373100','55000',0,0,'2018-06-22',0),(170,93,NULL,'0118/HSMV/18','comptant',0,NULL,11000,'2018-07-07','323200','373100','55000',1,0,'2018-06-22',38115),(171,13,NULL,'0119/HSMV/18','credit',0,NULL,35200,'2018-07-07','1635100','591900','176000',0,0,'2018-06-22',0),(172,72,NULL,'0120/HSMV/18','comptant',0,NULL,9000,'2018-07-10','226300','154400','45000',1,0,'2018-06-25',0),(173,94,NULL,'0121/HSMV/18','comptant',0,NULL,35200,'2018-07-13','425800','2378900','176000',1,0,'2018-06-28',150795),(174,95,NULL,'0122/HSMV/18','comptant',0,NULL,35200,'2018-07-13','5149400','2389400','176000',1,0,'2018-06-28',0),(175,96,NULL,'AN-0123/HSMV/18','comptant',0,NULL,151800,'2018-07-14','1450000','7437000','759000',0,1,'2018-06-29',0),(176,96,NULL,'0123/HSMV/18','comptant',0,NULL,176000,'2018-07-17','1450000','7437000','880000',1,0,'2018-07-02',0),(177,21,85,'0124/HSMV/18','credit',0,NULL,11000,'2018-07-17','323200','370800','55000',0,0,'2018-07-02',0),(178,14,NULL,'0125/HSMV/18','credit',0,NULL,22000,'2018-07-17','1133200','741600','110000',0,0,'2018-07-02',0),(179,83,NULL,'0126/HSMV/18','comptant',0,NULL,61200,'2018-07-18','2908700','2165400','306000',1,0,'2018-07-03',0),(180,83,NULL,'0127/HSMV/18','comptant',0,NULL,35200,'2018-07-18','2821500','2211900','176000',1,0,'2018-07-03',0),(181,21,86,'0128/HSMV/18','credit',0,NULL,11000,'2018-07-18','360800','366900','55000',0,0,'2018-07-03',0),(182,97,NULL,'0129/HSMV/18','comptant',0,NULL,22000,'2018-07-21','1010000','788200','110000',1,0,'2018-07-06',96510),(183,98,NULL,'0130/HSMV/18','comptant',0,NULL,44000,'2018-07-21','3878400','1576400','220000',1,0,'2018-07-06',285940),(184,99,NULL,'0131/HSMV/18','credit',0,NULL,33000,'2018-07-22','1060000','1395000','165000',0,0,'2018-07-07',0),(185,11,NULL,'0132/HSMV/18','credit',0,NULL,44000,'2018-07-24','1810400','1844000','220000',0,0,'2018-07-09',0),(186,11,NULL,'0133/HSMV/18','credit',0,NULL,44000,'2018-07-24','200000','11600','220000',0,0,'2018-07-09',0),(187,60,NULL,'0134/HSMV/18','credit',0,NULL,70400,'2018-07-24','8191000','3071000','352000',0,0,'2018-07-09',0),(188,18,NULL,'0135/HSMV/18','credit',0,NULL,105600,'2018-07-24','7724100','4269900','528000',0,0,'2018-07-09',0);
/*!40000 ALTER TABLE `facture` ENABLE KEYS */;
UNLOCK TABLES;

--
-- Table structure for table `facture_annule`
--

DROP TABLE IF EXISTS `facture_annule`;
/*!40101 SET @saved_cs_client     = @@character_set_client */;
/*!40101 SET character_set_client = utf8 */;
CREATE TABLE `facture_annule` (
  `id` int(11) NOT NULL AUTO_INCREMENT,
  `client_id` int(11) DEFAULT NULL,
  `reference` varchar(255) COLLATE utf8_unicode_ci DEFAULT NULL,
  PRIMARY KEY (`id`),
  KEY `IDX_7CAC3D2019EB6921` (`client_id`),
  CONSTRAINT `FK_7CAC3D2019EB6921` FOREIGN KEY (`client_id`) REFERENCES `tiers` (`id`)
) ENGINE=InnoDB DEFAULT CHARSET=utf8 COLLATE=utf8_unicode_ci;
/*!40101 SET character_set_client = @saved_cs_client */;

--
-- Dumping data for table `facture_annule`
--

LOCK TABLES `facture_annule` WRITE;
/*!40000 ALTER TABLE `facture_annule` DISABLE KEYS */;
/*!40000 ALTER TABLE `facture_annule` ENABLE KEYS */;
UNLOCK TABLES;

--
-- Table structure for table `fees`
--

DROP TABLE IF EXISTS `fees`;
/*!40101 SET @saved_cs_client     = @@character_set_client */;
/*!40101 SET character_set_client = utf8 */;
CREATE TABLE `fees` (
  `id` int(11) NOT NULL AUTO_INCREMENT,
  `lib_court` varchar(255) COLLATE utf8_unicode_ci NOT NULL,
  `lib_long` varchar(255) COLLATE utf8_unicode_ci NOT NULL,
  PRIMARY KEY (`id`)
) ENGINE=InnoDB AUTO_INCREMENT=12 DEFAULT CHARSET=utf8 COLLATE=utf8_unicode_ci;
/*!40101 SET character_set_client = @saved_cs_client */;

--
-- Dumping data for table `fees`
--

LOCK TABLES `fees` WRITE;
/*!40000 ALTER TABLE `fees` DISABLE KEYS */;
INSERT INTO `fees` VALUES (1,'Vol Domestiques','Vol Domestiques'),(2,'Vols Domestiques spécial','Vols Domestiques(Tarif spécial, Famille,sans bgges , Jeune, 3ème âge)'),(3,'Vols Regionaux(MD-SAA-MK-KQ)','Vols Regionaux(MD-SAA-MK-KQ)'),(4,'Vols Internationaux(MD-SS-SA-MK)','Vols Internationaux(MD-SS-SA-MK)'),(5,'VOLS INTERNATIONAUX(EK-EMIRATES)','VOLS INTERNATIONAUX(EK-EMIRATES)'),(6,'Vols Internationaux(AIR FRANCE)','Vols Internationaux(AIR FRANCE)'),(7,'VOLS INTERNATIONAUX(CX-KA) (Cathay Pacific-Dragonair)','VOLS INTERNATIONAUX(CX-KA) (Cathay Pacific-Dragonair)'),(8,'REVALIDATION PART','REVAL PARTICULIER'),(9,'REVAL GROUPE','REVAL GROUPE'),(10,'VOL TK','VOL TK'),(11,'REVAL EM','REVAL EM');
/*!40000 ALTER TABLE `fees` ENABLE KEYS */;
UNLOCK TABLES;

--
-- Table structure for table `fees_classes`
--

DROP TABLE IF EXISTS `fees_classes`;
/*!40101 SET @saved_cs_client     = @@character_set_client */;
/*!40101 SET character_set_client = utf8 */;
CREATE TABLE `fees_classes` (
  `fees_id` int(11) NOT NULL,
  `classes_id` int(11) NOT NULL,
  PRIMARY KEY (`fees_id`,`classes_id`),
  KEY `IDX_705E45089C6BD325` (`fees_id`),
  KEY `IDX_705E45089E225B24` (`classes_id`),
  CONSTRAINT `FK_705E45089C6BD325` FOREIGN KEY (`fees_id`) REFERENCES `fees` (`id`) ON DELETE CASCADE,
  CONSTRAINT `FK_705E45089E225B24` FOREIGN KEY (`classes_id`) REFERENCES `classes` (`id`) ON DELETE CASCADE
) ENGINE=InnoDB DEFAULT CHARSET=utf8 COLLATE=utf8_unicode_ci;
/*!40101 SET character_set_client = @saved_cs_client */;

--
-- Dumping data for table `fees_classes`
--

LOCK TABLES `fees_classes` WRITE;
/*!40000 ALTER TABLE `fees_classes` DISABLE KEYS */;
INSERT INTO `fees_classes` VALUES (1,1),(1,2),(2,3),(3,4),(3,5),(4,6),(4,7),(5,8),(5,9),(6,10),(6,11),(7,12),(7,13),(8,14),(8,16),(9,15),(9,17),(10,18),(10,19),(11,20);
/*!40000 ALTER TABLE `fees_classes` ENABLE KEYS */;
UNLOCK TABLES;

--
-- Table structure for table `info_vente`
--

DROP TABLE IF EXISTS `info_vente`;
/*!40101 SET @saved_cs_client     = @@character_set_client */;
/*!40101 SET character_set_client = utf8 */;
CREATE TABLE `info_vente` (
  `id` int(11) NOT NULL AUTO_INCREMENT,
  `passager` varchar(255) COLLATE utf8_unicode_ci NOT NULL,
  `montant` double NOT NULL,
  `compteCie` varchar(255) COLLATE utf8_unicode_ci NOT NULL,
  `cie_name` varchar(255) COLLATE utf8_unicode_ci NOT NULL,
  `ticket_number` varchar(255) COLLATE utf8_unicode_ci NOT NULL,
  PRIMARY KEY (`id`)
) ENGINE=InnoDB AUTO_INCREMENT=4 DEFAULT CHARSET=utf8 COLLATE=utf8_unicode_ci;
/*!40101 SET character_set_client = @saved_cs_client */;

--
-- Dumping data for table `info_vente`
--

LOCK TABLES `info_vente` WRITE;
/*!40000 ALTER TABLE `info_vente` DISABLE KEYS */;
INSERT INTO `info_vente` VALUES (1,'Firoul Jean Yves (ADT)',1041600,'468AIRMD','AIR MADAGASCAR','258-2400902310'),(2,'Poblete Eduardo (ADT)',0,'468AIRMD','AIR MADAGASCAR','258-2400902311'),(3,'Mocoeur Patrick',0,'468AIRAU','AIR AUSTRAL','258-2400902309');
/*!40000 ALTER TABLE `info_vente` ENABLE KEYS */;
UNLOCK TABLES;

--
-- Table structure for table `ligne_compte`
--

DROP TABLE IF EXISTS `ligne_compte`;
/*!40101 SET @saved_cs_client     = @@character_set_client */;
/*!40101 SET character_set_client = utf8 */;
CREATE TABLE `ligne_compte` (
  `id` int(11) NOT NULL AUTO_INCREMENT,
  `date_ligne` date NOT NULL,
  `code_journal` varchar(255) COLLATE utf8_unicode_ci NOT NULL,
  `ref_saisie` varchar(255) COLLATE utf8_unicode_ci NOT NULL,
  `ref_fact` varchar(255) COLLATE utf8_unicode_ci NOT NULL,
  `ref_avoir` varchar(255) COLLATE utf8_unicode_ci NOT NULL,
  `ref_bc` varchar(255) COLLATE utf8_unicode_ci NOT NULL,
  `num_cmpt` varchar(255) COLLATE utf8_unicode_ci NOT NULL,
  `plan_compte` varchar(255) COLLATE utf8_unicode_ci DEFAULT NULL,
  `mnt_debit` int(11) NOT NULL,
  `mnt_credit` varchar(255) COLLATE utf8_unicode_ci NOT NULL,
  `detail` varchar(255) COLLATE utf8_unicode_ci NOT NULL,
  PRIMARY KEY (`id`)
) ENGINE=InnoDB AUTO_INCREMENT=1036 DEFAULT CHARSET=utf8 COLLATE=utf8_unicode_ci;
/*!40101 SET character_set_client = @saved_cs_client */;

--
-- Dumping data for table `ligne_compte`
--

LOCK TABLES `ligne_compte` WRITE;
/*!40000 ALTER TABLE `ligne_compte` DISABLE KEYS */;
INSERT INTO `ligne_compte` VALUES (1,'2017-12-06','VTE AV','','1/HSMV/17-Dec','','','41150000',NULL,4727100,'0','TROPICAL FRUIT 1/HSMV/17-Dec MR Ramarijaona Jean Yves'),(2,'2017-12-06','VTE AV','','1/HSMV/17-Dec','','','468AIRFR',NULL,0,'4515900','TROPICAL FRUIT 1/HSMV/17-Dec MR Ramarijaona Jean Yves'),(3,'2017-12-06','VTE AV','','1/HSMV/17-Dec','','','70810000',NULL,0,'176000','TROPICAL FRUIT 1/HSMV/17-Dec MR Ramarijaona Jean Yves'),(4,'2017-12-06','VTE AV','','1/HSMV/17-Dec','','','44571000',NULL,0,'35200','TROPICAL FRUIT 1/HSMV/17-Dec MR Ramarijaona Jean Yves'),(5,'2017-12-06','VTE AV','','2/HSMV/17-Dec','','','41160000',NULL,655000,'0','PART 2/HSMV/17-Dec MANANJARA TAMARA'),(6,'2017-12-06','VTE AV','','2/HSMV/17-Dec','','','468AIRMD',NULL,0,'589000','PART 2/HSMV/17-Dec MANANJARA TAMARA'),(7,'2017-12-06','VTE AV','','2/HSMV/17-Dec','','','70810000',NULL,0,'55000','PART 2/HSMV/17-Dec MANANJARA TAMARA'),(8,'2017-12-06','VTE AV','','2/HSMV/17-Dec','','','44571000',NULL,0,'11000','PART 2/HSMV/17-Dec MANANJARA TAMARA'),(9,'2017-12-08','VTE AV','','3/HSMV/17-Dec','','','41150000',NULL,653800,'0','PART 3/HSMV/17-Dec ANDRIANASOLO Renaud'),(10,'2017-12-08','VTE AV','','3/HSMV/17-Dec','','','468AIRMD',NULL,0,'587800','PART 3/HSMV/17-Dec ANDRIANASOLO Renaud'),(11,'2017-12-08','VTE AV','','3/HSMV/17-Dec','','','70810000',NULL,0,'55000','PART 3/HSMV/17-Dec ANDRIANASOLO Renaud'),(12,'2017-12-08','VTE AV','','3/HSMV/17-Dec','','','44571000',NULL,0,'11000','PART 3/HSMV/17-Dec ANDRIANASOLO Renaud'),(13,'2017-12-08','VTE AV','','4/HSMV/17-Dec','','','41150000',NULL,1945000,'0','BATPRO 4/HSMV/17-Dec MR Rajabali Sameer (ADT)'),(14,'2017-12-08','VTE AV','','4/HSMV/17-Dec','','','468AIRMD',NULL,0,'1819000','BATPRO 4/HSMV/17-Dec MR Rajabali Sameer (ADT)'),(15,'2017-12-08','VTE AV','','4/HSMV/17-Dec','','','70810000',NULL,0,'105000','BATPRO 4/HSMV/17-Dec MR Rajabali Sameer (ADT)'),(16,'2017-12-08','VTE AV','','4/HSMV/17-Dec','','','44571000',NULL,0,'21000','BATPRO 4/HSMV/17-Dec MR Rajabali Sameer (ADT)'),(17,'2017-12-08','VTE AV','','5/HSMV/17-Dec','','','41150000',NULL,2578800,'0','BATPRO 5/HSMV/17-Dec RAJABALI Sameer'),(18,'2017-12-08','VTE AV','','5/HSMV/17-Dec','','','468AIRMK',NULL,0,'2452800','BATPRO 5/HSMV/17-Dec RAJABALI Sameer'),(19,'2017-12-08','VTE AV','','5/HSMV/17-Dec','','','70810000',NULL,0,'105000','BATPRO 5/HSMV/17-Dec RAJABALI Sameer'),(20,'2017-12-08','VTE AV','','5/HSMV/17-Dec','','','44571000',NULL,0,'21000','BATPRO 5/HSMV/17-Dec RAJABALI Sameer'),(21,'2017-12-08','VTE AV','','6/HSMV/17-Dec','','','41160000',NULL,891300,'0','DELTA AUDIT & ASSOCIES 6/HSMV/17-Dec YE Maurice'),(22,'2017-12-08','VTE AV','','6/HSMV/17-Dec','','','468AIRMD',NULL,0,'825300','DELTA AUDIT & ASSOCIES 6/HSMV/17-Dec YE Maurice'),(23,'2017-12-08','VTE AV','','6/HSMV/17-Dec','','','70810000',NULL,0,'55000','DELTA AUDIT & ASSOCIES 6/HSMV/17-Dec YE Maurice'),(24,'2017-12-08','VTE AV','','6/HSMV/17-Dec','','','44571000',NULL,0,'11000','DELTA AUDIT & ASSOCIES 6/HSMV/17-Dec YE Maurice'),(25,'2017-12-11','VTE AV','','7/HSMV/17-Dec','','','41160000',NULL,3039600,'0','PART 7/HSMV/17-Dec RAVOAVAHY Clara'),(26,'2017-12-11','VTE AV','','7/HSMV/17-Dec','','','468AIRMD',NULL,0,'753400','PART 7/HSMV/17-Dec RAVOAVAHY Clara'),(27,'2017-12-11','VTE AV','','7/HSMV/17-Dec','','','468AIRMD',NULL,0,'753400','PART 7/HSMV/17-Dec RAVOAVAHY Clara'),(28,'2017-12-11','VTE AV','','7/HSMV/17-Dec','','','468AIRMD',NULL,0,'634400','PART 7/HSMV/17-Dec RAVOAVAHY Clara'),(29,'2017-12-11','VTE AV','','7/HSMV/17-Dec','','','468AIRMD',NULL,0,'634400','PART 7/HSMV/17-Dec RAVOAVAHY Clara'),(30,'2017-12-11','VTE AV','','7/HSMV/17-Dec','','','70810000',NULL,0,'220000','PART 7/HSMV/17-Dec RAVOAVAHY Clara'),(31,'2017-12-11','VTE AV','','7/HSMV/17-Dec','','','44571000',NULL,0,'44000','PART 7/HSMV/17-Dec RAVOAVAHY Clara'),(32,'2017-12-11','VTE AV','','8/HSMV/17-Dec','','','41150000',NULL,653000,'0','PART 8/HSMV/17-Dec ANDRIANASOLO Renaud'),(33,'2017-12-11','VTE AV','','8/HSMV/17-Dec','','','468AIRMD',NULL,0,'587000','PART 8/HSMV/17-Dec ANDRIANASOLO Renaud'),(34,'2017-12-11','VTE AV','','8/HSMV/17-Dec','','','70810000',NULL,0,'55000','PART 8/HSMV/17-Dec ANDRIANASOLO Renaud'),(35,'2017-12-11','VTE AV','','8/HSMV/17-Dec','','','44571000',NULL,0,'11000','PART 8/HSMV/17-Dec ANDRIANASOLO Renaud'),(36,'2017-12-12','VTE AV','','9/HSMV/17-Dec','','','41150000',NULL,8131200,'0','CIMELTA 9/HSMV/17-Dec HASSIM Yvana'),(37,'2017-12-12','VTE AV','','9/HSMV/17-Dec','','','468AIRMK',NULL,0,'2603400','CIMELTA 9/HSMV/17-Dec HASSIM Yvana'),(38,'2017-12-12','VTE AV','','9/HSMV/17-Dec','','','468AIRMK',NULL,0,'2547900','CIMELTA 9/HSMV/17-Dec HASSIM Yvana'),(39,'2017-12-12','VTE AV','','9/HSMV/17-Dec','','','468AIRMK',NULL,0,'2547900','CIMELTA 9/HSMV/17-Dec HASSIM Yvana'),(40,'2017-12-12','VTE AV','','9/HSMV/17-Dec','','','70810000',NULL,0,'360000','CIMELTA 9/HSMV/17-Dec HASSIM Yvana'),(41,'2017-12-12','VTE AV','','9/HSMV/17-Dec','','','44571000',NULL,0,'72000','CIMELTA 9/HSMV/17-Dec HASSIM Yvana'),(42,'2017-12-14','VTE AV','','10/HSMV/17-Dec','','','41150000',NULL,4796100,'0','CIMELTA 10/HSMV/17-Dec RAJABALI Sameer'),(43,'2017-12-14','VTE AV','','10/HSMV/17-Dec','','','468AIRMK',NULL,0,'858300','CIMELTA 10/HSMV/17-Dec RAJABALI Sameer'),(44,'2017-12-14','VTE AV','','10/HSMV/17-Dec','','','468AIRMK',NULL,0,'3805800','CIMELTA 10/HSMV/17-Dec RAJABALI Sameer'),(45,'2017-12-14','VTE AV','','10/HSMV/17-Dec','','','70810000',NULL,0,'110000','CIMELTA 10/HSMV/17-Dec RAJABALI Sameer'),(46,'2017-12-14','VTE AV','','10/HSMV/17-Dec','','','44571000',NULL,0,'22000','CIMELTA 10/HSMV/17-Dec RAJABALI Sameer'),(47,'2017-12-14','VTE AV','','10/HSMV/17-Dec','','','41150000',NULL,0,'4796100','ANN CIMELTA 10/HSMV/17-Dec RAJABALI Sameer'),(48,'2017-12-14','VTE AV','','10/HSMV/17-Dec','','','468AIRMK',NULL,858300,'0','ANN CIMELTA 10/HSMV/17-Dec RAJABALI Sameer'),(49,'2017-12-14','VTE AV','','10/HSMV/17-Dec','','','468AIRMK',NULL,3805800,'0','ANN CIMELTA 10/HSMV/17-Dec RAJABALI Sameer'),(50,'2017-12-14','VTE AV','','10/HSMV/17-Dec','','','70810000',NULL,110000,'0','ANN CIMELTA 10/HSMV/17-Dec RAJABALI Sameer'),(51,'2017-12-14','VTE AV','','10/HSMV/17-Dec','','','44571000',NULL,22000,'0','ANN CIMELTA 10/HSMV/17-Dec RAJABALI Sameer'),(52,'2017-12-14','VTE AV','','11/HSMV/17-Dec','','','41150000',NULL,4874100,'0','CIMELTA 11/HSMV/17-Dec RAJABALI Amir'),(53,'2017-12-14','VTE AV','','11/HSMV/17-Dec','','','468AIRMK',NULL,0,'3805800','CIMELTA 11/HSMV/17-Dec RAJABALI Amir'),(54,'2017-12-14','VTE AV','','11/HSMV/17-Dec','','','468AIRMK',NULL,0,'858300','CIMELTA 11/HSMV/17-Dec RAJABALI Amir'),(55,'2017-12-14','VTE AV','','11/HSMV/17-Dec','','','70810000',NULL,0,'175000','CIMELTA 11/HSMV/17-Dec RAJABALI Amir'),(56,'2017-12-14','VTE AV','','11/HSMV/17-Dec','','','44571000',NULL,0,'35000','CIMELTA 11/HSMV/17-Dec RAJABALI Amir'),(57,'2017-12-15','VTE AV','','12/HSMV/17-Dec','','','41150000',NULL,2444500,'0','PART 12/HSMV/17-Dec DUBOIS Jean Claude'),(58,'2017-12-15','VTE AV','','12/HSMV/17-Dec','','','468KENYA',NULL,0,'2390500','PART 12/HSMV/17-Dec DUBOIS Jean Claude'),(59,'2017-12-15','VTE AV','','12/HSMV/17-Dec','','','70810000',NULL,0,'45000','PART 12/HSMV/17-Dec DUBOIS Jean Claude'),(60,'2017-12-15','VTE AV','','12/HSMV/17-Dec','','','44571000',NULL,0,'9000','PART 12/HSMV/17-Dec DUBOIS Jean Claude'),(61,'2017-12-15','VTE AV','','12/HSMV/17-Dec','','','41150000',NULL,0,'2444500','ANN PART 12/HSMV/17-Dec DUBOIS Jean Claude'),(62,'2017-12-15','VTE AV','','12/HSMV/17-Dec','','','468KENYA',NULL,2390500,'0','ANN PART 12/HSMV/17-Dec DUBOIS Jean Claude'),(63,'2017-12-15','VTE AV','','12/HSMV/17-Dec','','','70810000',NULL,45000,'0','ANN PART 12/HSMV/17-Dec DUBOIS Jean Claude'),(64,'2017-12-15','VTE AV','','12/HSMV/17-Dec','','','44571000',NULL,9000,'0','ANN PART 12/HSMV/17-Dec DUBOIS Jean Claude'),(65,'2017-12-15','VTE AV','','13/HSMV/17-Dec','','','41150000',NULL,2564500,'0','PART 13/HSMV/17-Dec DUBOIS Jean Claude'),(66,'2017-12-15','VTE AV','','13/HSMV/17-Dec','','','468KENYA',NULL,0,'2390500','PART 13/HSMV/17-Dec DUBOIS Jean Claude'),(67,'2017-12-15','VTE AV','','13/HSMV/17-Dec','','','70810000',NULL,0,'145000','PART 13/HSMV/17-Dec DUBOIS Jean Claude'),(68,'2017-12-15','VTE AV','','13/HSMV/17-Dec','','','44571000',NULL,0,'29000','PART 13/HSMV/17-Dec DUBOIS Jean Claude'),(69,'2017-12-15','VTE AV','','14/HSMV/17-Dec','','','41160000',NULL,4195300,'0','PART 14/HSMV/17-Dec PREMDJEE Rishena'),(70,'2017-12-15','VTE AV','','14/HSMV/17-Dec','','','468AIRFR',NULL,0,'3984100','PART 14/HSMV/17-Dec PREMDJEE Rishena'),(71,'2017-12-15','VTE AV','','14/HSMV/17-Dec','','','70810000',NULL,0,'176000','PART 14/HSMV/17-Dec PREMDJEE Rishena'),(72,'2017-12-15','VTE AV','','14/HSMV/17-Dec','','','44571000',NULL,0,'35200','PART 14/HSMV/17-Dec PREMDJEE Rishena'),(73,'2017-12-15','VTE AV','','15/HSMV/17-Dec','','','41150000',NULL,2785600,'0','ANJAJAVY HOTEL 15/HSMV/17-Dec Koh Buck Song (ADT)'),(74,'2017-12-15','VTE AV','','15/HSMV/17-Dec','','','468AIRMD',NULL,0,'1326800','ANJAJAVY HOTEL 15/HSMV/17-Dec Koh Buck Song (ADT)'),(75,'2017-12-15','VTE AV','','15/HSMV/17-Dec','','','468AIRMD',NULL,0,'1326800','ANJAJAVY HOTEL 15/HSMV/17-Dec Koh Buck Song (ADT)'),(76,'2017-12-15','VTE AV','','15/HSMV/17-Dec','','','70810000',NULL,0,'110000','ANJAJAVY HOTEL 15/HSMV/17-Dec Koh Buck Song (ADT)'),(77,'2017-12-15','VTE AV','','15/HSMV/17-Dec','','','44571000',NULL,0,'22000','ANJAJAVY HOTEL 15/HSMV/17-Dec Koh Buck Song (ADT)'),(78,'2017-12-15','VTE AV','','16/HSMV/17-Dec','','','41150000',NULL,439200,'0','MARIMA 16/HSMV/17-Dec MR Randriamiarantsoa'),(79,'2017-12-15','VTE AV','','16/HSMV/17-Dec','','','468AIRMD',NULL,0,'385200','MARIMA 16/HSMV/17-Dec MR Randriamiarantsoa'),(80,'2017-12-15','VTE AV','','16/HSMV/17-Dec','','','70810000',NULL,0,'45000','MARIMA 16/HSMV/17-Dec MR Randriamiarantsoa'),(81,'2017-12-15','VTE AV','','16/HSMV/17-Dec','','','44571000',NULL,0,'9000','MARIMA 16/HSMV/17-Dec MR Randriamiarantsoa'),(82,'2017-12-18','VTE AV','','17/HSMV/17-Dec','','','41160000',NULL,1384600,'0','PART 17/HSMV/17-Dec BELHOMME Cyril'),(83,'2017-12-18','VTE AV','','17/HSMV/17-Dec','','','468AIRMD',NULL,0,'638300','PART 17/HSMV/17-Dec BELHOMME Cyril'),(84,'2017-12-18','VTE AV','','17/HSMV/17-Dec','','','468AIRMD',NULL,0,'638300','PART 17/HSMV/17-Dec BELHOMME Cyril'),(85,'2017-12-18','VTE AV','','17/HSMV/17-Dec','','','70810000',NULL,0,'90000','PART 17/HSMV/17-Dec BELHOMME Cyril'),(86,'2017-12-18','VTE AV','','17/HSMV/17-Dec','','','44571000',NULL,0,'18000','PART 17/HSMV/17-Dec BELHOMME Cyril'),(87,'2017-12-18','VTE AV','','17/HSMV/17-Dec','','','41160000',NULL,69230,'0','PART 17/HSMV/17-Dec BELHOMME Cyril'),(88,'2017-12-18','VTE AV','','17/HSMV/17-Dec','','','76800000',NULL,0,'69230','PART 17/HSMV/17-Dec BELHOMME Cyril'),(89,'2017-12-19','VTE AV','','18/HSMV/17-Dec','','','41150000',NULL,1876100,'0','IBIS HOTEL 18/HSMV/17-Dec MR Veerayen Luis Carlino'),(90,'2017-12-19','VTE AV','','18/HSMV/17-Dec','','','468AIRMK',NULL,0,'1753700','IBIS HOTEL 18/HSMV/17-Dec MR Veerayen Luis Carlino'),(91,'2017-12-19','VTE AV','','18/HSMV/17-Dec','','','70810000',NULL,0,'102000','IBIS HOTEL 18/HSMV/17-Dec MR Veerayen Luis Carlino'),(92,'2017-12-19','VTE AV','','18/HSMV/17-Dec','','','44571000',NULL,0,'20400','IBIS HOTEL 18/HSMV/17-Dec MR Veerayen Luis Carlino'),(93,'2017-12-19','VTE AV','','19/HSMV/17-Dec','','','41150000',NULL,8057400,'0','CIMELTA 19/HSMV/17-Dec MRS Rajabali Farida (ADT)'),(94,'2017-12-19','VTE AV','','19/HSMV/17-Dec','','','468AIRMK',NULL,0,'7733400','CIMELTA 19/HSMV/17-Dec MRS Rajabali Farida (ADT)'),(95,'2017-12-19','VTE AV','','19/HSMV/17-Dec','','','70810000',NULL,0,'270000','CIMELTA 19/HSMV/17-Dec MRS Rajabali Farida (ADT)'),(96,'2017-12-19','VTE AV','','19/HSMV/17-Dec','','','44571000',NULL,0,'54000','CIMELTA 19/HSMV/17-Dec MRS Rajabali Farida (ADT)'),(97,'2017-12-20','VTE AV','','20/HSMV/17-Dec','','','41160000',NULL,532000,'0','PART 20/HSMV/17-Dec MBOTIROBY Gisèle'),(98,'2017-12-20','VTE AV','','20/HSMV/17-Dec','','','468AIRMD',NULL,0,'478000','PART 20/HSMV/17-Dec MBOTIROBY Gisèle'),(99,'2017-12-20','VTE AV','','20/HSMV/17-Dec','','','70810000',NULL,0,'45000','PART 20/HSMV/17-Dec MBOTIROBY Gisèle'),(100,'2017-12-20','VTE AV','','20/HSMV/17-Dec','','','44571000',NULL,0,'9000','PART 20/HSMV/17-Dec MBOTIROBY Gisèle'),(101,'2017-12-20','VTE AV','','20/HSMV/17-Dec','','','41160000',NULL,26600,'0','PART 20/HSMV/17-Dec MBOTIROBY Gisèle'),(102,'2017-12-20','VTE AV','','20/HSMV/17-Dec','','','76800000',NULL,0,'26600','PART 20/HSMV/17-Dec MBOTIROBY Gisèle'),(103,'2017-12-20','VTE AV','','21/HSMV/17-Dec','','','41160000',NULL,367600,'0','PART 21/HSMV/17-Dec DAHY Marie Annick'),(104,'2017-12-20','VTE AV','','21/HSMV/17-Dec','','','468AIRMD',NULL,0,'313600','PART 21/HSMV/17-Dec DAHY Marie Annick'),(105,'2017-12-20','VTE AV','','21/HSMV/17-Dec','','','70810000',NULL,0,'45000','PART 21/HSMV/17-Dec DAHY Marie Annick'),(106,'2017-12-20','VTE AV','','21/HSMV/17-Dec','','','44571000',NULL,0,'9000','PART 21/HSMV/17-Dec DAHY Marie Annick'),(107,'2017-12-20','VTE AV','','22/HSMV/17-Dec','','','41160000',NULL,3576000,'0','MBOANGUI CRéATIONS EXPORT 22/HSMV/17-Dec MR Baude Gerard (ADT)'),(108,'2017-12-20','VTE AV','','22/HSMV/17-Dec','','','468AIRMD',NULL,0,'828000','MBOANGUI CRéATIONS EXPORT 22/HSMV/17-Dec MR Baude Gerard (ADT)'),(109,'2017-12-20','VTE AV','','22/HSMV/17-Dec','','','468AIRMD',NULL,0,'828000','MBOANGUI CRéATIONS EXPORT 22/HSMV/17-Dec MR Baude Gerard (ADT)'),(110,'2017-12-20','VTE AV','','22/HSMV/17-Dec','','','468AIRMD',NULL,0,'828000','MBOANGUI CRéATIONS EXPORT 22/HSMV/17-Dec MR Baude Gerard (ADT)'),(111,'2017-12-20','VTE AV','','22/HSMV/17-Dec','','','468AIRMD',NULL,0,'828000','MBOANGUI CRéATIONS EXPORT 22/HSMV/17-Dec MR Baude Gerard (ADT)'),(112,'2017-12-20','VTE AV','','22/HSMV/17-Dec','','','70810000',NULL,0,'220000','MBOANGUI CRéATIONS EXPORT 22/HSMV/17-Dec MR Baude Gerard (ADT)'),(113,'2017-12-20','VTE AV','','22/HSMV/17-Dec','','','44571000',NULL,0,'44000','MBOANGUI CRéATIONS EXPORT 22/HSMV/17-Dec MR Baude Gerard (ADT)'),(114,'2017-12-21','VTE AV','','23/HSMV/17-Dec','','','41160000',NULL,2854200,'0','PART 23/HSMV/17-Dec RAZAKAMAHEFA Marco'),(115,'2017-12-21','VTE AV','','23/HSMV/17-Dec','','','468AIRMD',NULL,0,'885400','PART 23/HSMV/17-Dec RAZAKAMAHEFA Marco'),(116,'2017-12-21','VTE AV','','23/HSMV/17-Dec','','','468AIRMD',NULL,0,'885400','PART 23/HSMV/17-Dec RAZAKAMAHEFA Marco'),(117,'2017-12-21','VTE AV','','23/HSMV/17-Dec','','','468AIRMD',NULL,0,'885400','PART 23/HSMV/17-Dec RAZAKAMAHEFA Marco'),(118,'2017-12-21','VTE AV','','23/HSMV/17-Dec','','','70810000',NULL,0,'165000','PART 23/HSMV/17-Dec RAZAKAMAHEFA Marco'),(119,'2017-12-21','VTE AV','','23/HSMV/17-Dec','','','44571000',NULL,0,'33000','PART 23/HSMV/17-Dec RAZAKAMAHEFA Marco'),(120,'2017-12-21','VTE AV','','24/HSMV/17-Dec','','','41160000',NULL,784800,'0','PART 24/HSMV/17-Dec RAZAKAMAHEFA Marco'),(121,'2017-12-21','VTE AV','','24/HSMV/17-Dec','','','468AIRMD',NULL,0,'718800','PART 24/HSMV/17-Dec RAZAKAMAHEFA Marco'),(122,'2017-12-21','VTE AV','','24/HSMV/17-Dec','','','70810000',NULL,0,'55000','PART 24/HSMV/17-Dec RAZAKAMAHEFA Marco'),(123,'2017-12-21','VTE AV','','24/HSMV/17-Dec','','','44571000',NULL,0,'11000','PART 24/HSMV/17-Dec RAZAKAMAHEFA Marco'),(124,'2017-12-26','VTE AV','','25/HSMV/17-Dec','','','41150000',NULL,252900,'0','PART 25/HSMV/17-Dec ANDRIANASOLO Renaud'),(125,'2017-12-26','VTE AV','','25/HSMV/17-Dec','','','468AIRMK',NULL,0,'162900','PART 25/HSMV/17-Dec ANDRIANASOLO Renaud'),(126,'2017-12-26','VTE AV','','25/HSMV/17-Dec','','','70810000',NULL,0,'75000','PART 25/HSMV/17-Dec ANDRIANASOLO Renaud'),(127,'2017-12-26','VTE AV','','25/HSMV/17-Dec','','','44571000',NULL,0,'15000','PART 25/HSMV/17-Dec ANDRIANASOLO Renaud'),(128,'2017-12-26','VTE AV','','25/HSMV/17-Dec','','','41150000',NULL,0,'252900','ANN PART 25/HSMV/17-Dec ANDRIANASOLO Renaud'),(129,'2017-12-26','VTE AV','','25/HSMV/17-Dec','','','468AIRMK',NULL,162900,'0','ANN PART 25/HSMV/17-Dec ANDRIANASOLO Renaud'),(130,'2017-12-26','VTE AV','','25/HSMV/17-Dec','','','70810000',NULL,75000,'0','ANN PART 25/HSMV/17-Dec ANDRIANASOLO Renaud'),(131,'2017-12-26','VTE AV','','25/HSMV/17-Dec','','','44571000',NULL,15000,'0','ANN PART 25/HSMV/17-Dec ANDRIANASOLO Renaud'),(132,'2017-12-26','VTE AV','','26/HSMV/17-Dec','','','41150000',NULL,252900,'0','PART 26/HSMV/17-Dec ANDRIANASOLO Renaud'),(133,'2017-12-26','VTE AV','','26/HSMV/17-Dec','','','468AIRMK',NULL,0,'162900','PART 26/HSMV/17-Dec ANDRIANASOLO Renaud'),(134,'2017-12-26','VTE AV','','26/HSMV/17-Dec','','','70810000',NULL,0,'75000','PART 26/HSMV/17-Dec ANDRIANASOLO Renaud'),(135,'2017-12-26','VTE AV','','26/HSMV/17-Dec','','','44571000',NULL,0,'15000','PART 26/HSMV/17-Dec ANDRIANASOLO Renaud'),(136,'2017-12-26','VTE AV','','26/HSMV/17-Dec','','','41150000',NULL,0,'252900','ANN PART 26/HSMV/17-Dec ANDRIANASOLO Renaud'),(137,'2017-12-26','VTE AV','','26/HSMV/17-Dec','','','468AIRMK',NULL,162900,'0','ANN PART 26/HSMV/17-Dec ANDRIANASOLO Renaud'),(138,'2017-12-26','VTE AV','','26/HSMV/17-Dec','','','70810000',NULL,75000,'0','ANN PART 26/HSMV/17-Dec ANDRIANASOLO Renaud'),(139,'2017-12-26','VTE AV','','26/HSMV/17-Dec','','','44571000',NULL,15000,'0','ANN PART 26/HSMV/17-Dec ANDRIANASOLO Renaud'),(140,'2017-12-27','VTE AV','','27/HSMV/17-Dec','','','41150000',NULL,228900,'0','PART 27/HSMV/17-Dec ANDRIANASOLO Renaud'),(141,'2017-12-27','VTE AV','','27/HSMV/17-Dec','','','468AIRMK',NULL,0,'162900','PART 27/HSMV/17-Dec ANDRIANASOLO Renaud'),(142,'2017-12-27','VTE AV','','27/HSMV/17-Dec','','','70810000',NULL,0,'55000','PART 27/HSMV/17-Dec ANDRIANASOLO Renaud'),(143,'2017-12-27','VTE AV','','27/HSMV/17-Dec','','','44571000',NULL,0,'11000','PART 27/HSMV/17-Dec ANDRIANASOLO Renaud'),(144,'2017-12-27','VTE AV','','28/HSMV/17-Dec','','','41160000',NULL,4184600,'0','PART 28/HSMV/17-Dec RASOHAGA Jose Alain'),(145,'2017-12-27','VTE AV','','28/HSMV/17-Dec','','','468AIRMD',NULL,0,'1173600','PART 28/HSMV/17-Dec RASOHAGA Jose Alain'),(146,'2017-12-27','VTE AV','','28/HSMV/17-Dec','','','468AIRMD',NULL,0,'1173600','PART 28/HSMV/17-Dec RASOHAGA Jose Alain'),(147,'2017-12-27','VTE AV','','28/HSMV/17-Dec','','','468AIRMD',NULL,0,'786700','PART 28/HSMV/17-Dec RASOHAGA Jose Alain'),(148,'2017-12-27','VTE AV','','28/HSMV/17-Dec','','','468AIRMD',NULL,0,'786700','PART 28/HSMV/17-Dec RASOHAGA Jose Alain'),(149,'2017-12-27','VTE AV','','28/HSMV/17-Dec','','','70810000',NULL,0,'220000','PART 28/HSMV/17-Dec RASOHAGA Jose Alain'),(150,'2017-12-27','VTE AV','','28/HSMV/17-Dec','','','44571000',NULL,0,'44000','PART 28/HSMV/17-Dec RASOHAGA Jose Alain'),(151,'2017-12-27','VTE AV','','29/HSMV/17-Dec','','','41160000',NULL,3617200,'0','PART 29/HSMV/17-Dec CAMARA ANSOUMANE'),(152,'2017-12-27','VTE AV','','29/HSMV/17-Dec','','','468KENYA',NULL,0,'3406000','PART 29/HSMV/17-Dec CAMARA ANSOUMANE'),(153,'2017-12-27','VTE AV','','29/HSMV/17-Dec','','','70810000',NULL,0,'176000','PART 29/HSMV/17-Dec CAMARA ANSOUMANE'),(154,'2017-12-27','VTE AV','','29/HSMV/17-Dec','','','44571000',NULL,0,'35200','PART 29/HSMV/17-Dec CAMARA ANSOUMANE'),(155,'2017-12-29','VTE AV','','30/HSMV/17-Dec','','','41160000',NULL,5553200,'0','PART 30/HSMV/17-Dec MANANJARA TAMARA'),(156,'2017-12-29','VTE AV','','30/HSMV/17-Dec','','','468AIRMK',NULL,0,'2565400','PART 30/HSMV/17-Dec MANANJARA TAMARA'),(157,'2017-12-29','VTE AV','','30/HSMV/17-Dec','','','468AIRMK',NULL,0,'2565400','PART 30/HSMV/17-Dec MANANJARA TAMARA'),(158,'2017-12-29','VTE AV','','30/HSMV/17-Dec','','','70810000',NULL,0,'352000','PART 30/HSMV/17-Dec MANANJARA TAMARA'),(159,'2017-12-29','VTE AV','','30/HSMV/17-Dec','','','44571000',NULL,0,'70400','PART 30/HSMV/17-Dec MANANJARA TAMARA'),(160,'2017-12-29','VTE AV','','31/HSMV/17-Dec','','','41160000',NULL,2776600,'0','PART 31/HSMV/17-Dec MANANJARA TAMARA'),(161,'2017-12-29','VTE AV','','31/HSMV/17-Dec','','','468AIRMK',NULL,0,'2565400','PART 31/HSMV/17-Dec MANANJARA TAMARA'),(162,'2017-12-29','VTE AV','','31/HSMV/17-Dec','','','70810000',NULL,0,'176000','PART 31/HSMV/17-Dec MANANJARA TAMARA'),(163,'2017-12-29','VTE AV','','31/HSMV/17-Dec','','','44571000',NULL,0,'35200','PART 31/HSMV/17-Dec MANANJARA TAMARA'),(164,'2017-12-29','VTE AV','','32/HSMV/17-Dec','','','41160000',NULL,925800,'0','PART 32/HSMV/17-Dec BODET Lydie Helene'),(165,'2017-12-29','VTE AV','','32/HSMV/17-Dec','','','468AIRMD',NULL,0,'859800','PART 32/HSMV/17-Dec BODET Lydie Helene'),(166,'2017-12-29','VTE AV','','32/HSMV/17-Dec','','','70810000',NULL,0,'55000','PART 32/HSMV/17-Dec BODET Lydie Helene'),(167,'2017-12-29','VTE AV','','32/HSMV/17-Dec','','','44571000',NULL,0,'11000','PART 32/HSMV/17-Dec BODET Lydie Helene'),(168,'2017-12-29','VTE AV','','32/HSMV/17-Dec','','','41160000',NULL,46290,'0','PART 32/HSMV/17-Dec BODET Lydie Helene'),(169,'2017-12-29','VTE AV','','32/HSMV/17-Dec','','','76800000',NULL,0,'46290','PART 32/HSMV/17-Dec BODET Lydie Helene'),(170,'2017-12-29','VTE AV','','33/HSMV/17-Dec','','','41150000',NULL,6129300,'0','PART 33/HSMV/17-Dec DUBOIS Jean Claude'),(171,'2017-12-29','VTE AV','','33/HSMV/17-Dec','','','468AIRMK',NULL,0,'5918100','PART 33/HSMV/17-Dec DUBOIS Jean Claude'),(172,'2017-12-29','VTE AV','','33/HSMV/17-Dec','','','70810000',NULL,0,'176000','PART 33/HSMV/17-Dec DUBOIS Jean Claude'),(173,'2017-12-29','VTE AV','','33/HSMV/17-Dec','','','44571000',NULL,0,'35200','PART 33/HSMV/17-Dec DUBOIS Jean Claude'),(174,'2017-12-31','VTE AV','','34/HSMV/17-Dec','','','41160000',NULL,4884100,'0','PART 34/HSMV/17-Dec RAHARISON Andrianjanahary'),(175,'2017-12-31','VTE AV','','34/HSMV/17-Dec','','','468AIRFR',NULL,0,'4672900','PART 34/HSMV/17-Dec RAHARISON Andrianjanahary'),(176,'2017-12-31','VTE AV','','34/HSMV/17-Dec','','','70810000',NULL,0,'176000','PART 34/HSMV/17-Dec RAHARISON Andrianjanahary'),(177,'2017-12-31','VTE AV','','34/HSMV/17-Dec','','','44571000',NULL,0,'35200','PART 34/HSMV/17-Dec RAHARISON Andrianjanahary'),(178,'2017-12-31','VTE AV','','34/HSMV/17-Dec','','','41160000',NULL,244205,'0','PART 34/HSMV/17-Dec RAHARISON Andrianjanahary'),(179,'2017-12-31','VTE AV','','34/HSMV/17-Dec','','','76800000',NULL,0,'244205','PART 34/HSMV/17-Dec RAHARISON Andrianjanahary'),(180,'2018-01-05','VTE AV','','1/HSMV/17-Dec','','','41150000',NULL,0,'4727100','ANN TROPICAL FRUIT 1/HSMV/17-Dec MR Ramarijaona Jean Yves'),(181,'2018-01-05','VTE AV','','1/HSMV/17-Dec','','','468AIRFR',NULL,4515900,'0','ANN TROPICAL FRUIT 1/HSMV/17-Dec MR Ramarijaona Jean Yves'),(182,'2018-01-05','VTE AV','','1/HSMV/17-Dec','','','70810000',NULL,176000,'0','ANN TROPICAL FRUIT 1/HSMV/17-Dec MR Ramarijaona Jean Yves'),(183,'2017-12-06','VTE AV','','1/HSMV/17-Dec','','','44571000',NULL,35200,'0','ANN TROPICAL FRUIT 1/HSMV/17-Dec MR Ramarijaona Jean Yves'),(184,'2018-01-05','VTE AV','','35/HSMV/18-dec','','','41150000',NULL,4932900,'0','TROPICAL FRUIT 35/HSMV/18-dec MR Ramarijaona Jean Yves'),(185,'2018-01-05','VTE AV','','35/HSMV/18-dec','','','468AIRFR',NULL,0,'4721700','TROPICAL FRUIT 35/HSMV/18-dec MR Ramarijaona Jean Yves'),(186,'2018-01-05','VTE AV','','35/HSMV/18-dec','','','70810000',NULL,0,'176000','TROPICAL FRUIT 35/HSMV/18-dec MR Ramarijaona Jean Yves'),(187,'2018-01-05','VTE AV','','35/HSMV/18-dec','','','44571000',NULL,0,'35200','TROPICAL FRUIT 35/HSMV/18-dec MR Ramarijaona Jean Yves'),(188,'2018-01-05','VTE AV','','36/HSMV/18-dec','','','41160000',NULL,632800,'0','PART 36/HSMV/18-dec MANANJARA TAMARA'),(189,'2018-01-05','VTE AV','','36/HSMV/18-dec','','','468AIRMD',NULL,0,'262400','PART 36/HSMV/18-dec MANANJARA TAMARA'),(190,'2018-01-05','VTE AV','','36/HSMV/18-dec','','','468AIRMD',NULL,0,'262400','PART 36/HSMV/18-dec MANANJARA TAMARA'),(191,'2018-01-05','VTE AV','','36/HSMV/18-dec','','','70810000',NULL,0,'90000','PART 36/HSMV/18-dec MANANJARA TAMARA'),(192,'2018-01-05','VTE AV','','36/HSMV/18-dec','','','44571000',NULL,0,'18000','PART 36/HSMV/18-dec MANANJARA TAMARA'),(193,'2018-01-05','VTE AV','','35/HSMV/18-dec','','','41150000',NULL,0,'4932900','ANN TROPICAL FRUIT 35/HSMV/18-dec MR Ramarijaona Jean Yves'),(194,'2018-01-05','VTE AV','','35/HSMV/18-dec','','','468AIRFR',NULL,4721700,'0','ANN TROPICAL FRUIT 35/HSMV/18-dec MR Ramarijaona Jean Yves'),(195,'2018-01-05','VTE AV','','35/HSMV/18-dec','','','70810000',NULL,176000,'0','ANN TROPICAL FRUIT 35/HSMV/18-dec MR Ramarijaona Jean Yves'),(196,'2018-01-05','VTE AV','','35/HSMV/18-dec','','','44571000',NULL,35200,'0','ANN TROPICAL FRUIT 35/HSMV/18-dec MR Ramarijaona Jean Yves'),(197,'2018-01-05','VTE AV','','0037/HSMV/18','','','41150000',NULL,4932900,'0','TROPICAL FRUIT 0037/HSMV/18 MR Ramarijaona Jean Yves'),(198,'2018-01-05','VTE AV','','0037/HSMV/18','','','468AIRFR',NULL,0,'4721700','TROPICAL FRUIT 0037/HSMV/18 MR Ramarijaona Jean Yves'),(199,'2018-01-05','VTE AV','','0037/HSMV/18','','','70810000',NULL,0,'176000','TROPICAL FRUIT 0037/HSMV/18 MR Ramarijaona Jean Yves'),(200,'2018-01-05','VTE AV','','0037/HSMV/18','','','44571000',NULL,0,'35200','TROPICAL FRUIT 0037/HSMV/18 MR Ramarijaona Jean Yves'),(201,'2018-01-05','VTE AV','','0037/HSMV/18','','','41150000',NULL,0,'4932900','ANN TROPICAL FRUIT 0037/HSMV/18 MR Ramarijaona Jean Yves'),(202,'2018-01-05','VTE AV','','0037/HSMV/18','','','468AIRFR',NULL,4721700,'0','ANN TROPICAL FRUIT 0037/HSMV/18 MR Ramarijaona Jean Yves'),(203,'2018-01-05','VTE AV','','0037/HSMV/18','','','70810000',NULL,176000,'0','ANN TROPICAL FRUIT 0037/HSMV/18 MR Ramarijaona Jean Yves'),(204,'2018-01-05','VTE AV','','0037/HSMV/18','','','44571000',NULL,35200,'0','ANN TROPICAL FRUIT 0037/HSMV/18 MR Ramarijaona Jean Yves'),(205,'2018-01-05','VTE AV','','0038/HSMV/18','','','41150000',NULL,4932900,'0','TROPICAL FRUIT 0038/HSMV/18 MR Ramarijaona Jean Yves'),(206,'2018-01-05','VTE AV','','0038/HSMV/18','','','468AIRFR',NULL,0,'4721700','TROPICAL FRUIT 0038/HSMV/18 MR Ramarijaona Jean Yves'),(207,'2018-01-05','VTE AV','','0038/HSMV/18','','','70810000',NULL,0,'176000','TROPICAL FRUIT 0038/HSMV/18 MR Ramarijaona Jean Yves'),(208,'2018-01-05','VTE AV','','0038/HSMV/18','','','44571000',NULL,0,'35200','TROPICAL FRUIT 0038/HSMV/18 MR Ramarijaona Jean Yves'),(209,'2018-01-05','VTE AV','','0038/HSMV/18','','','41150000',NULL,0,'4932900','ANN TROPICAL FRUIT 0038/HSMV/18 MR Ramarijaona Jean Yves'),(210,'2018-01-05','VTE AV','','0038/HSMV/18','','','468AIRFR',NULL,4721700,'0','ANN TROPICAL FRUIT 0038/HSMV/18 MR Ramarijaona Jean Yves'),(211,'2018-01-05','VTE AV','','0038/HSMV/18','','','70810000',NULL,176000,'0','ANN TROPICAL FRUIT 0038/HSMV/18 MR Ramarijaona Jean Yves'),(212,'2018-01-05','VTE AV','','0038/HSMV/18','','','44571000',NULL,35200,'0','ANN TROPICAL FRUIT 0038/HSMV/18 MR Ramarijaona Jean Yves'),(213,'2018-01-05','VTE AV','','0002/HSMV/18','','','41150000',NULL,4932900,'0','TROPICAL FRUIT 0002/HSMV/18 MR Ramarijaona Jean Yves'),(214,'2018-01-05','VTE AV','','0002/HSMV/18','','','468AIRFR',NULL,0,'4721700','TROPICAL FRUIT 0002/HSMV/18 MR Ramarijaona Jean Yves'),(215,'2018-01-05','VTE AV','','0002/HSMV/18','','','70810000',NULL,0,'176000','TROPICAL FRUIT 0002/HSMV/18 MR Ramarijaona Jean Yves'),(216,'2018-01-05','VTE AV','','0002/HSMV/18','','','44571000',NULL,0,'35200','TROPICAL FRUIT 0002/HSMV/18 MR Ramarijaona Jean Yves'),(217,'2018-01-06','VTE AV','','0003/HSMV/18','','','41150000',NULL,4325000,'0','CIMELTA 0003/HSMV/18 MR Buisson Frederic (ADT)'),(218,'2018-01-06','VTE AV','','0003/HSMV/18','','','468AIRMD',NULL,0,'4113800','CIMELTA 0003/HSMV/18 MR Buisson Frederic (ADT)'),(219,'2018-01-06','VTE AV','','0003/HSMV/18','','','70810000',NULL,0,'176000','CIMELTA 0003/HSMV/18 MR Buisson Frederic (ADT)'),(220,'2018-01-06','VTE AV','','0003/HSMV/18','','','44571000',NULL,0,'35200','CIMELTA 0003/HSMV/18 MR Buisson Frederic (ADT)'),(221,'2018-01-10','VTE AV','','0004/HSMV/18','','','41150000',NULL,3146500,'0','BATPRO 0004/HSMV/18 MR Rajabali Sameer (ADT)'),(222,'2018-01-10','VTE AV','','0004/HSMV/18','','','468AIRMK',NULL,0,'3002500','BATPRO 0004/HSMV/18 MR Rajabali Sameer (ADT)'),(223,'2018-01-10','VTE AV','','0004/HSMV/18','','','70810000',NULL,0,'120000','BATPRO 0004/HSMV/18 MR Rajabali Sameer (ADT)'),(224,'2018-01-10','VTE AV','','0004/HSMV/18','','','44571000',NULL,0,'24000','BATPRO 0004/HSMV/18 MR Rajabali Sameer (ADT)'),(225,'2018-01-11','VTE AV','','0005/HSMV/18','','','41160000',NULL,506900,'0','PART 0005/HSMV/18 FENITRA Iankinana'),(226,'2018-01-11','VTE AV','','0005/HSMV/18','','','468AIRMD',NULL,0,'452900','PART 0005/HSMV/18 FENITRA Iankinana'),(227,'2018-01-11','VTE AV','','0005/HSMV/18','','','70810000',NULL,0,'45000','PART 0005/HSMV/18 FENITRA Iankinana'),(228,'2018-01-11','VTE AV','','0005/HSMV/18','','','44571000',NULL,0,'9000','PART 0005/HSMV/18 FENITRA Iankinana'),(229,'2018-01-13','VTE AV','','0006/HSMV/18','','','41150000',NULL,896400,'0','PART 0006/HSMV/18 DUBOIS Jean Claude'),(230,'2018-01-13','VTE AV','','0006/HSMV/18','','','468AIRMK',NULL,0,'806400','PART 0006/HSMV/18 DUBOIS Jean Claude'),(231,'2018-01-13','VTE AV','','0006/HSMV/18','','','70810000',NULL,0,'75000','PART 0006/HSMV/18 DUBOIS Jean Claude'),(232,'2018-01-13','VTE AV','','0006/HSMV/18','','','44571000',NULL,0,'15000','PART 0006/HSMV/18 DUBOIS Jean Claude'),(233,'2018-01-12','B34','','RGT-1/18','','','51216000',NULL,0,'13378700','REGLT VENTE AIR FRANCE'),(234,'2018-01-12','B34','','RGT-1/18','','','468AIRFR',NULL,13378700,'0','REGLT VENTE AIR FRANCE'),(235,'2018-01-12','B34','','RGT-2/18','','','51216000',NULL,0,'23758100','REGLT VENTE AIR MADAGASCAR'),(236,'2018-01-12','B34','','RGT-2/18','','','468AIRMD',NULL,23758100,'0','REGLT VENTE AIR MADAGASCAR'),(237,'2018-01-12','B34','','RGT-3/18','','','51216000',NULL,0,'38080400','REGLT VENTE AIR MAURITIUS'),(238,'2018-01-12','B34','','RGT-3/18','','','468AIRMK',NULL,38080400,'0','REGLT VENTE AIR MAURITIUS'),(239,'2018-01-15','VTE AV','','0007/HSMV/18','','','41150000',NULL,751400,'0','BATPRO 0007/HSMV/18 MR Raharison Rivoniaina'),(240,'2018-01-15','VTE AV','','0007/HSMV/18','','','468AIRMD',NULL,0,'685400','BATPRO 0007/HSMV/18 MR Raharison Rivoniaina'),(241,'2018-01-15','VTE AV','','0007/HSMV/18','','','70810000',NULL,0,'55000','BATPRO 0007/HSMV/18 MR Raharison Rivoniaina'),(242,'2018-01-15','VTE AV','','0007/HSMV/18','','','44571000',NULL,0,'11000','BATPRO 0007/HSMV/18 MR Raharison Rivoniaina'),(243,'2018-01-19','VTE AV','','0008/HSMV/18','','','41150000',NULL,752300,'0','BATPRO 0008/HSMV/18 MR Raharison'),(244,'2018-01-19','VTE AV','','0008/HSMV/18','','','468AIRMD',NULL,0,'686300','BATPRO 0008/HSMV/18 MR Raharison'),(245,'2018-01-19','VTE AV','','0008/HSMV/18','','','70810000',NULL,0,'55000','BATPRO 0008/HSMV/18 MR Raharison'),(246,'2018-01-19','VTE AV','','0008/HSMV/18','','','44571000',NULL,0,'11000','BATPRO 0008/HSMV/18 MR Raharison'),(247,'2018-01-19','VTE AV','','0009/HSMV/18','','','41150000',NULL,83900,'0','BATPRO 0009/HSMV/18 RAJABALI Sameer'),(248,'2018-01-19','VTE AV','','0009/HSMV/18','','','468AIRMK',NULL,0,'17900','BATPRO 0009/HSMV/18 RAJABALI Sameer'),(249,'2018-01-19','VTE AV','','0009/HSMV/18','','','70810000',NULL,0,'55000','BATPRO 0009/HSMV/18 RAJABALI Sameer'),(250,'2018-01-19','VTE AV','','0009/HSMV/18','','','44571000',NULL,0,'11000','BATPRO 0009/HSMV/18 RAJABALI Sameer'),(251,'2018-01-19','VTE AV','','0010/HSMV/18','','','41150000',NULL,3212200,'0','PART 0010/HSMV/18 ANDRIANASOLO Renaud'),(252,'2018-01-19','VTE AV','','0010/HSMV/18','','','468AIRMK',NULL,0,'3068200','PART 0010/HSMV/18 ANDRIANASOLO Renaud'),(253,'2018-01-19','VTE AV','','0010/HSMV/18','','','70810000',NULL,0,'120000','PART 0010/HSMV/18 ANDRIANASOLO Renaud'),(254,'2018-01-19','VTE AV','','0010/HSMV/18','','','44571000',NULL,0,'24000','PART 0010/HSMV/18 ANDRIANASOLO Renaud'),(255,'2018-01-19','VTE AV','','0011/HSMV/18','','','41160000',NULL,3574400,'0','PART 0011/HSMV/18 ANDRIANOMENA LOVA'),(256,'2018-01-19','VTE AV','','0011/HSMV/18','','','468AIRMD',NULL,0,'3363200','PART 0011/HSMV/18 ANDRIANOMENA LOVA'),(257,'2018-01-19','VTE AV','','0011/HSMV/18','','','70810000',NULL,0,'176000','PART 0011/HSMV/18 ANDRIANOMENA LOVA'),(258,'2018-01-19','VTE AV','','0011/HSMV/18','','','44571000',NULL,0,'35200','PART 0011/HSMV/18 ANDRIANOMENA LOVA'),(259,'2018-01-20','VTE AV','','0012/HSMV/18','','','41160000',NULL,918600,'0','PART 0012/HSMV/18 TESOLIN Sylvain'),(260,'2018-01-20','VTE AV','','0012/HSMV/18','','','468AIRMD',NULL,0,'852600','PART 0012/HSMV/18 TESOLIN Sylvain'),(261,'2018-01-20','VTE AV','','0012/HSMV/18','','','70810000',NULL,0,'55000','PART 0012/HSMV/18 TESOLIN Sylvain'),(262,'2018-01-20','VTE AV','','0012/HSMV/18','','','44571000',NULL,0,'11000','PART 0012/HSMV/18 TESOLIN Sylvain'),(263,'2018-01-20','VTE AV','','0012/HSMV/18','','','41160000',NULL,45930,'0','PART 0012/HSMV/18 TESOLIN Sylvain'),(264,'2018-01-20','VTE AV','','0012/HSMV/18','','','76800000',NULL,0,'45930','PART 0012/HSMV/18 TESOLIN Sylvain'),(265,'2018-01-22','VTE AV','','0013/HSMV/18','','','41150000',NULL,752700,'0','CIMELTA 0013/HSMV/18 MR Ravelojaona Jose (ADT)'),(266,'2018-01-22','VTE AV','','0013/HSMV/18','','','468AIRMD',NULL,0,'686700','CIMELTA 0013/HSMV/18 MR Ravelojaona Jose (ADT)'),(267,'2018-01-22','VTE AV','','0013/HSMV/18','','','70810000',NULL,0,'55000','CIMELTA 0013/HSMV/18 MR Ravelojaona Jose (ADT)'),(268,'2018-01-22','VTE AV','','0013/HSMV/18','','','44571000',NULL,0,'11000','CIMELTA 0013/HSMV/18 MR Ravelojaona Jose (ADT)'),(269,'2018-01-23','VTE AV','','0014/HSMV/18','','','41150000',NULL,138300,'0','CIMELTA 0014/HSMV/18 RAHARISON Andrianjanahary'),(270,'2018-01-23','VTE AV','','0014/HSMV/18','','','468AIRMD',NULL,0,'72300','CIMELTA 0014/HSMV/18 RAHARISON Andrianjanahary'),(271,'2018-01-23','VTE AV','','0014/HSMV/18','','','70810000',NULL,0,'55000','CIMELTA 0014/HSMV/18 RAHARISON Andrianjanahary'),(272,'2018-01-23','VTE AV','','0014/HSMV/18','','','44571000',NULL,0,'11000','CIMELTA 0014/HSMV/18 RAHARISON Andrianjanahary'),(273,'2018-01-25','VTE AV','','0015/HSMV/18','','','41160000',NULL,605200,'0','PART 0015/HSMV/18 MANANJARA TAMARA'),(274,'2018-01-25','VTE AV','','0015/HSMV/18','','','468AIRMD',NULL,0,'248600','PART 0015/HSMV/18 MANANJARA TAMARA'),(275,'2018-01-25','VTE AV','','0015/HSMV/18','','','468AIRMD',NULL,0,'248600','PART 0015/HSMV/18 MANANJARA TAMARA'),(276,'2018-01-25','VTE AV','','0015/HSMV/18','','','70810000',NULL,0,'90000','PART 0015/HSMV/18 MANANJARA TAMARA'),(277,'2018-01-25','VTE AV','','0015/HSMV/18','','','44571000',NULL,0,'18000','PART 0015/HSMV/18 MANANJARA TAMARA'),(278,'2018-01-26','VTE AV','','0016/HSMV/18','','','41160000',NULL,977600,'0','PART 0016/HSMV/18 BELALAHY Anouchka'),(279,'2018-01-26','VTE AV','','0016/HSMV/18','','','468AIRMD',NULL,0,'911600','PART 0016/HSMV/18 BELALAHY Anouchka'),(280,'2018-01-26','VTE AV','','0016/HSMV/18','','','70810000',NULL,0,'55000','PART 0016/HSMV/18 BELALAHY Anouchka'),(281,'2018-01-26','VTE AV','','0016/HSMV/18','','','44571000',NULL,0,'11000','PART 0016/HSMV/18 BELALAHY Anouchka'),(282,'2018-01-26','VTE AV','','0017/HSMV/18','','','41160000',NULL,1335300,'0','PART 0017/HSMV/18 CAMARA ANSOUMANE'),(283,'2018-01-26','VTE AV','','0017/HSMV/18','','','468AIRMD',NULL,0,'391100','PART 0017/HSMV/18 CAMARA ANSOUMANE'),(284,'2018-01-26','VTE AV','','0017/HSMV/18','','','468AIRMD',NULL,0,'391100','PART 0017/HSMV/18 CAMARA ANSOUMANE'),(285,'2018-01-26','VTE AV','','0017/HSMV/18','','','468AIRMD',NULL,0,'391100','PART 0017/HSMV/18 CAMARA ANSOUMANE'),(286,'2018-01-26','VTE AV','','0017/HSMV/18','','','70810000',NULL,0,'135000','PART 0017/HSMV/18 CAMARA ANSOUMANE'),(287,'2018-01-26','VTE AV','','0017/HSMV/18','','','44571000',NULL,0,'27000','PART 0017/HSMV/18 CAMARA ANSOUMANE'),(288,'2018-01-26','VTE AV','','0018/HSMV/18','','','41160000',NULL,3502300,'0','PART 0018/HSMV/18 SIKINA Roberto'),(289,'2018-01-26','VTE AV','','0018/HSMV/18','','','468AIRFR',NULL,0,'3291100','PART 0018/HSMV/18 SIKINA Roberto'),(290,'2018-01-26','VTE AV','','0018/HSMV/18','','','70810000',NULL,0,'176000','PART 0018/HSMV/18 SIKINA Roberto'),(291,'2018-01-26','VTE AV','','0018/HSMV/18','','','44571000',NULL,0,'35200','PART 0018/HSMV/18 SIKINA Roberto'),(292,'2018-01-27','VTE AV','','0019/HSMV/18','','','41160000',NULL,6008800,'0','PART 0019/HSMV/18 RAKOTOARIMANANA Antsa ny Aina'),(293,'2018-01-27','VTE AV','','0019/HSMV/18','','','468AIRMK',NULL,0,'2793200','PART 0019/HSMV/18 RAKOTOARIMANANA Antsa ny Aina'),(294,'2018-01-27','VTE AV','','0019/HSMV/18','','','468AIRMK',NULL,0,'2793200','PART 0019/HSMV/18 RAKOTOARIMANANA Antsa ny Aina'),(295,'2018-01-27','VTE AV','','0019/HSMV/18','','','70810000',NULL,0,'352000','PART 0019/HSMV/18 RAKOTOARIMANANA Antsa ny Aina'),(296,'2018-01-27','VTE AV','','0019/HSMV/18','','','44571000',NULL,0,'70400','PART 0019/HSMV/18 RAKOTOARIMANANA Antsa ny Aina'),(297,'2018-01-29','VTE AV','','0020/HSMV/18','','','41150000',NULL,13162100,'0','CIMELTA 0020/HSMV/18 MRS Rajabali Nisha (ADT)'),(298,'2018-01-29','VTE AV','','0020/HSMV/18','','','468AIRMK',NULL,0,'12838100','CIMELTA 0020/HSMV/18 MRS Rajabali Nisha (ADT)'),(299,'2018-01-29','VTE AV','','0020/HSMV/18','','','70810000',NULL,0,'270000','CIMELTA 0020/HSMV/18 MRS Rajabali Nisha (ADT)'),(300,'2018-01-29','VTE AV','','0020/HSMV/18','','','44571000',NULL,0,'54000','CIMELTA 0020/HSMV/18 MRS Rajabali Nisha (ADT)'),(301,'2018-02-02','VTE AV','','0021/HSMV/18','','','41150000',NULL,5617300,'0','BATPRO 0021/HSMV/18 MRS Hassim Yvana (ADT)'),(302,'2018-02-02','VTE AV','','0021/HSMV/18','','','468AIRMD',NULL,0,'1830700','BATPRO 0021/HSMV/18 MRS Hassim Yvana (ADT)'),(303,'2018-02-02','VTE AV','','0021/HSMV/18','','','468AIRMD',NULL,0,'1704300','BATPRO 0021/HSMV/18 MRS Hassim Yvana (ADT)'),(304,'2018-02-02','VTE AV','','0021/HSMV/18','','','468AIRMD',NULL,0,'1704300','BATPRO 0021/HSMV/18 MRS Hassim Yvana (ADT)'),(305,'2018-02-02','VTE AV','','0021/HSMV/18','','','70810000',NULL,0,'315000','BATPRO 0021/HSMV/18 MRS Hassim Yvana (ADT)'),(306,'2018-02-02','VTE AV','','0021/HSMV/18','','','44571000',NULL,0,'63000','BATPRO 0021/HSMV/18 MRS Hassim Yvana (ADT)'),(307,'2018-02-02','VTE AV','','0022/HSMV/18','','','41150000',NULL,13216800,'0','BATPRO 0022/HSMV/18 MRS Hassim Yvana (ADT)'),(308,'2018-02-02','VTE AV','','0022/HSMV/18','','','468AIRMK',NULL,0,'12892800','BATPRO 0022/HSMV/18 MRS Hassim Yvana (ADT)'),(309,'2018-02-02','VTE AV','','0022/HSMV/18','','','70810000',NULL,0,'270000','BATPRO 0022/HSMV/18 MRS Hassim Yvana (ADT)'),(310,'2018-02-02','VTE AV','','0022/HSMV/18','','','44571000',NULL,0,'54000','BATPRO 0022/HSMV/18 MRS Hassim Yvana (ADT)'),(311,'2018-01-06','B34','','RGT-4/18','','','51216000',NULL,0,'5796500','REGLT VENTE KENYA AIRWAYS'),(312,'2018-01-06','B34','','RGT-4/18','','','468KENYA',NULL,5796500,'0','REGLT VENTE KENYA AIRWAYS'),(313,'2018-02-05','VTE AV','','0023/HSMV/18','','','41160000',NULL,399100,'0','PART 0023/HSMV/18 MANANJARA TAMARA'),(314,'2018-02-05','VTE AV','','0023/HSMV/18','','','468AIRMD',NULL,0,'345100','PART 0023/HSMV/18 MANANJARA TAMARA'),(315,'2018-02-05','VTE AV','','0023/HSMV/18','','','70810000',NULL,0,'45000','PART 0023/HSMV/18 MANANJARA TAMARA'),(316,'2018-02-05','VTE AV','','0023/HSMV/18','','','44571000',NULL,0,'9000','PART 0023/HSMV/18 MANANJARA TAMARA'),(317,'2018-02-06','VTE AV','','0024/HSMV/18','','','41160000',NULL,2694600,'0','PART 0024/HSMV/18 HASSANBAY Farida'),(318,'2018-02-06','VTE AV','','0024/HSMV/18','','','468AIRMD',NULL,0,'1320000','PART 0024/HSMV/18 HASSANBAY Farida'),(319,'2018-02-06','VTE AV','','0024/HSMV/18','','','468AIRMD',NULL,0,'673600','PART 0024/HSMV/18 HASSANBAY Farida'),(320,'2018-02-06','VTE AV','','0024/HSMV/18','','','468AIRMD',NULL,0,'503000','PART 0024/HSMV/18 HASSANBAY Farida'),(321,'2018-02-06','VTE AV','','0024/HSMV/18','','','70810000',NULL,0,'165000','PART 0024/HSMV/18 HASSANBAY Farida'),(322,'2018-02-06','VTE AV','','0024/HSMV/18','','','44571000',NULL,0,'33000','PART 0024/HSMV/18 HASSANBAY Farida'),(323,'2018-02-08','VTE AV','','0010/HSMV/18','','','41150000',NULL,0,'3212200','ANN PART 0010/HSMV/18 ANDRIANASOLO Renaud'),(324,'2018-02-08','VTE AV','','0010/HSMV/18','','','468AIRMK',NULL,3068200,'0','ANN PART 0010/HSMV/18 ANDRIANASOLO Renaud'),(325,'2018-02-08','VTE AV','','0010/HSMV/18','','','70810000',NULL,120000,'0','ANN PART 0010/HSMV/18 ANDRIANASOLO Renaud'),(326,'2018-01-19','VTE AV','','0010/HSMV/18','','','44571000',NULL,24000,'0','ANN PART 0010/HSMV/18 ANDRIANASOLO Renaud'),(327,'2018-02-08','VTE AV','','0025/HSMV/18','','','41150000',NULL,3996000,'0','PART 0025/HSMV/18 DUBOIS Jean Claude'),(328,'2018-02-08','VTE AV','','0025/HSMV/18','','','468AIRMD',NULL,0,'3784800','PART 0025/HSMV/18 DUBOIS Jean Claude'),(329,'2018-02-08','VTE AV','','0025/HSMV/18','','','70810000',NULL,0,'176000','PART 0025/HSMV/18 DUBOIS Jean Claude'),(330,'2018-02-08','VTE AV','','0025/HSMV/18','','','44571000',NULL,0,'35200','PART 0025/HSMV/18 DUBOIS Jean Claude'),(331,'2018-02-08','VTE AV','','0026/HSMV/18','','','41150000',NULL,13426700,'0','SCB 0026/HSMV/18 MR Mathe Patrice (ADT)'),(332,'2018-02-08','VTE AV','','0026/HSMV/18','','','468CORS0',NULL,0,'13102700','SCB 0026/HSMV/18 MR Mathe Patrice (ADT)'),(333,'2018-02-08','VTE AV','','0026/HSMV/18','','','70810000',NULL,0,'270000','SCB 0026/HSMV/18 MR Mathe Patrice (ADT)'),(334,'2018-02-08','VTE AV','','0026/HSMV/18','','','44571000',NULL,0,'54000','SCB 0026/HSMV/18 MR Mathe Patrice (ADT)'),(335,'2018-02-09','B34','','RGT-5/18','','','51216000',NULL,0,'22083100','REGLT VENTE AIR MADAGASCAR'),(336,'2018-02-09','B34','','RGT-5/18','','','468AIRMD',NULL,22083100,'0','REGLT VENTE AIR MADAGASCAR'),(337,'2018-02-09','B34','','RGT-6/18','','','468AIRMK',NULL,25319500,'0','REGLT VENTE AIR MAURITIUS'),(338,'2018-02-09','B34','','RGT-6/18','','','51216000',NULL,0,'25319500','REGLT VENTE AIR MAURITIUS'),(339,'2018-02-09','B34','','RGT-7/18','','','468AIRFR',NULL,21335700,'0','REGLT VENTE AIR FRANCE'),(340,'2018-02-09','B34','','RGT-7/18','','','51216000',NULL,0,'21335700','REGLT VENTE AIR FRANCE'),(341,'2018-02-09','VTE AV','','0027/HSMV/18','','','41150000',NULL,2817200,'0','IBIS HOTEL 0027/HSMV/18 MR Mouafik Abderrazzak'),(342,'2018-02-09','VTE AV','','0027/HSMV/18','','','468KENYA',NULL,0,'2694800','IBIS HOTEL 0027/HSMV/18 MR Mouafik Abderrazzak'),(343,'2018-02-09','VTE AV','','0027/HSMV/18','','','70810000',NULL,0,'102000','IBIS HOTEL 0027/HSMV/18 MR Mouafik Abderrazzak'),(344,'2018-02-09','VTE AV','','0027/HSMV/18','','','44571000',NULL,0,'20400','IBIS HOTEL 0027/HSMV/18 MR Mouafik Abderrazzak'),(345,'2018-02-13','VTE AV','','0028/HSMV/18','','','41150000',NULL,2923800,'0','SIDI 0028/HSMV/18 Andriatsitohaina Robinson'),(346,'2018-02-13','VTE AV','','0028/HSMV/18','','','468AIRMD',NULL,0,'908600','SIDI 0028/HSMV/18 Andriatsitohaina Robinson'),(347,'2018-02-13','VTE AV','','0028/HSMV/18','','','468AIRMD',NULL,0,'908600','SIDI 0028/HSMV/18 Andriatsitohaina Robinson'),(348,'2018-02-13','VTE AV','','0028/HSMV/18','','','468AIRMD',NULL,0,'908600','SIDI 0028/HSMV/18 Andriatsitohaina Robinson'),(349,'2018-02-13','VTE AV','','0028/HSMV/18','','','70810000',NULL,0,'165000','SIDI 0028/HSMV/18 Andriatsitohaina Robinson'),(350,'2018-02-13','VTE AV','','0028/HSMV/18','','','44571000',NULL,0,'33000','SIDI 0028/HSMV/18 Andriatsitohaina Robinson'),(351,'2018-02-13','VTE AV','','0029/HSMV/18','','','41150000',NULL,3461800,'0','SIDI 0029/HSMV/18 MR Rajabali Amirali (ADT)'),(352,'2018-02-13','VTE AV','','0029/HSMV/18','','','468AIRMD',NULL,0,'1535000','SIDI 0029/HSMV/18 MR Rajabali Amirali (ADT)'),(353,'2018-02-13','VTE AV','','0029/HSMV/18','','','468AIRMD',NULL,0,'905400','SIDI 0029/HSMV/18 MR Rajabali Amirali (ADT)'),(354,'2018-02-13','VTE AV','','0029/HSMV/18','','','468AIRMD',NULL,0,'835400','SIDI 0029/HSMV/18 MR Rajabali Amirali (ADT)'),(355,'2018-02-13','VTE AV','','0029/HSMV/18','','','70810000',NULL,0,'155000','SIDI 0029/HSMV/18 MR Rajabali Amirali (ADT)'),(356,'2018-02-13','VTE AV','','0029/HSMV/18','','','44571000',NULL,0,'31000','SIDI 0029/HSMV/18 MR Rajabali Amirali (ADT)'),(357,'2018-02-14','VTE AV','','0030/HSMV/18','','','41150000',NULL,1393800,'0','PART 0030/HSMV/18 ANDRIANASOLO Renaud'),(358,'2018-02-14','VTE AV','','0030/HSMV/18','','','468AIRMD',NULL,0,'1327800','PART 0030/HSMV/18 ANDRIANASOLO Renaud'),(359,'2018-02-14','VTE AV','','0030/HSMV/18','','','70810000',NULL,0,'55000','PART 0030/HSMV/18 ANDRIANASOLO Renaud'),(360,'2018-02-14','VTE AV','','0030/HSMV/18','','','44571000',NULL,0,'11000','PART 0030/HSMV/18 ANDRIANASOLO Renaud'),(361,'2018-02-15','VTE AV','','0031/HSMV/18','','','41160000',NULL,766300,'0','PART 0031/HSMV/18 STEFAN Andreas'),(362,'2018-02-15','VTE AV','','0031/HSMV/18','','','468AIRMD',NULL,0,'712300','PART 0031/HSMV/18 STEFAN Andreas'),(363,'2018-02-15','VTE AV','','0031/HSMV/18','','','70810000',NULL,0,'45000','PART 0031/HSMV/18 STEFAN Andreas'),(364,'2018-02-15','VTE AV','','0031/HSMV/18','','','44571000',NULL,0,'9000','PART 0031/HSMV/18 STEFAN Andreas'),(365,'2018-02-15','VTE AV','','0031/HSMV/18','','','41160000',NULL,38315,'0','PART 0031/HSMV/18 STEFAN Andreas'),(366,'2018-02-15','VTE AV','','0031/HSMV/18','','','76800000',NULL,0,'38315','PART 0031/HSMV/18 STEFAN Andreas'),(367,'2018-02-19','VTE AV','','0032/HSMV/18','','','41150000',NULL,763700,'0','MARIMA 0032/HSMV/18 MR Randriamiarantsoa'),(368,'2018-02-19','VTE AV','','0032/HSMV/18','','','468AIRMD',NULL,0,'709700','MARIMA 0032/HSMV/18 MR Randriamiarantsoa'),(369,'2018-02-19','VTE AV','','0032/HSMV/18','','','70810000',NULL,0,'45000','MARIMA 0032/HSMV/18 MR Randriamiarantsoa'),(370,'2018-02-19','VTE AV','','0032/HSMV/18','','','44571000',NULL,0,'9000','MARIMA 0032/HSMV/18 MR Randriamiarantsoa'),(371,'2018-02-22','VTE AV','','0033/HSMV/18','','','41160000',NULL,1550000,'0','PART 0033/HSMV/18 PREMDJEE Rishena'),(372,'2018-02-22','VTE AV','','0033/HSMV/18','','','468AIRAU',NULL,0,'1427600','PART 0033/HSMV/18 PREMDJEE Rishena'),(373,'2018-02-22','VTE AV','','0033/HSMV/18','','','70810000',NULL,0,'102000','PART 0033/HSMV/18 PREMDJEE Rishena'),(374,'2018-02-22','VTE AV','','0033/HSMV/18','','','44571000',NULL,0,'20400','PART 0033/HSMV/18 PREMDJEE Rishena'),(375,'2018-02-22','VTE AV','','0034/HSMV/18','','','41160000',NULL,1596320,'0','PART 0034/HSMV/18 PREMDJEE Rishena'),(376,'2018-02-22','VTE AV','','0034/HSMV/18','','','468AIRAU',NULL,0,'1466200','PART 0034/HSMV/18 PREMDJEE Rishena'),(377,'2018-02-22','VTE AV','','0034/HSMV/18','','','70810000',NULL,0,'140600','PART 0034/HSMV/18 PREMDJEE Rishena'),(378,'2018-02-22','VTE AV','','0034/HSMV/18','','','44571000',NULL,0,'28120','PART 0034/HSMV/18 PREMDJEE Rishena'),(379,'2018-02-22','VTE AV','','0033/HSMV/18','','','41160000',NULL,0,'1550000','ANN PART 0033/HSMV/18 PREMDJEE Rishena'),(380,'2018-02-22','VTE AV','','0033/HSMV/18','','','468AIRAU',NULL,1427600,'0','ANN PART 0033/HSMV/18 PREMDJEE Rishena'),(381,'2018-02-22','VTE AV','','0033/HSMV/18','','','70810000',NULL,102000,'0','ANN PART 0033/HSMV/18 PREMDJEE Rishena'),(382,'2018-02-22','VTE AV','','0033/HSMV/18','','','44571000',NULL,20400,'0','ANN PART 0033/HSMV/18 PREMDJEE Rishena'),(383,'2018-02-22','VTE AV','','0035/HSMV/18','','','41160000',NULL,1473920,'0','PART 0035/HSMV/18 PREMDJEE Rishena'),(384,'2018-02-22','VTE AV','','0035/HSMV/18','','','468AIRAU',NULL,0,'1427600','PART 0035/HSMV/18 PREMDJEE Rishena'),(385,'2018-02-22','VTE AV','','0035/HSMV/18','','','70810000',NULL,0,'38600','PART 0035/HSMV/18 PREMDJEE Rishena'),(386,'2018-02-22','VTE AV','','0035/HSMV/18','','','44571000',NULL,0,'7720','PART 0035/HSMV/18 PREMDJEE Rishena'),(387,'2018-02-22','VTE AV','','0034/HSMV/18','','','41160000',NULL,0,'1596320','ANN PART 0034/HSMV/18 PREMDJEE Rishena'),(388,'2018-02-22','VTE AV','','0034/HSMV/18','','','468AIRAU',NULL,1466200,'0','ANN PART 0034/HSMV/18 PREMDJEE Rishena'),(389,'2018-02-22','VTE AV','','0034/HSMV/18','','','70810000',NULL,140600,'0','ANN PART 0034/HSMV/18 PREMDJEE Rishena'),(390,'2018-02-22','VTE AV','','0034/HSMV/18','','','44571000',NULL,28120,'0','ANN PART 0034/HSMV/18 PREMDJEE Rishena'),(391,'2018-02-22','VTE AV','','0035/HSMV/18','','','41160000',NULL,0,'1473920','ANN PART 0035/HSMV/18 PREMDJEE Rishena'),(392,'2018-02-22','VTE AV','','0035/HSMV/18','','','468AIRAU',NULL,1427600,'0','ANN PART 0035/HSMV/18 PREMDJEE Rishena'),(393,'2018-02-22','VTE AV','','0035/HSMV/18','','','70810000',NULL,38600,'0','ANN PART 0035/HSMV/18 PREMDJEE Rishena'),(394,'2018-02-22','VTE AV','','0035/HSMV/18','','','44571000',NULL,7720,'0','ANN PART 0035/HSMV/18 PREMDJEE Rishena'),(395,'2018-02-22','VTE AV','','0036/HSMV/18','','','41160000',NULL,1473920,'0','PART 0036/HSMV/18 PREMDJEE Rishena'),(396,'2018-02-22','VTE AV','','0036/HSMV/18','','','468AIRAU',NULL,0,'1427600','PART 0036/HSMV/18 PREMDJEE Rishena'),(397,'2018-02-22','VTE AV','','0036/HSMV/18','','','70810000',NULL,0,'38600','PART 0036/HSMV/18 PREMDJEE Rishena'),(398,'2018-02-22','VTE AV','','0036/HSMV/18','','','44571000',NULL,0,'7720','PART 0036/HSMV/18 PREMDJEE Rishena'),(399,'2018-02-22','VTE AV','','0036/HSMV/18','','','41160000',NULL,0,'1473920','ANN PART 0036/HSMV/18 PREMDJEE Rishena'),(400,'2018-02-22','VTE AV','','0036/HSMV/18','','','468AIRAU',NULL,1427600,'0','ANN PART 0036/HSMV/18 PREMDJEE Rishena'),(401,'2018-02-22','VTE AV','','0036/HSMV/18','','','70810000',NULL,38600,'0','ANN PART 0036/HSMV/18 PREMDJEE Rishena'),(402,'2018-02-22','VTE AV','','0036/HSMV/18','','','44571000',NULL,7720,'0','ANN PART 0036/HSMV/18 PREMDJEE Rishena'),(403,'2018-02-22','VTE AV','','0037/HSMV/18','','','41150000',NULL,1473920,'0','SIDI 0037/HSMV/18 MR Goulamaly Kamil Reza'),(404,'2018-02-22','VTE AV','','0037/HSMV/18','','','468AIRAU',NULL,0,'1427600','SIDI 0037/HSMV/18 MR Goulamaly Kamil Reza'),(405,'2018-02-22','VTE AV','','0037/HSMV/18','','','70810000',NULL,0,'38600','SIDI 0037/HSMV/18 MR Goulamaly Kamil Reza'),(406,'2018-02-22','VTE AV','','0037/HSMV/18','','','44571000',NULL,0,'7720','SIDI 0037/HSMV/18 MR Goulamaly Kamil Reza'),(407,'2018-02-22','VTE AV','','0037/HSMV/18','','','41150000',NULL,0,'1473920','ANN SIDI 0037/HSMV/18 MR Goulamaly Kamil Reza'),(408,'2018-02-22','VTE AV','','0037/HSMV/18','','','468AIRAU',NULL,1427600,'0','ANN SIDI 0037/HSMV/18 MR Goulamaly Kamil Reza'),(409,'2018-02-22','VTE AV','','0037/HSMV/18','','','70810000',NULL,38600,'0','ANN SIDI 0037/HSMV/18 MR Goulamaly Kamil Reza'),(410,'2018-02-22','VTE AV','','0037/HSMV/18','','','44571000',NULL,7720,'0','ANN SIDI 0037/HSMV/18 MR Goulamaly Kamil Reza'),(411,'2018-02-22','VTE AV','','0038/HSMV/18','','','41160000',NULL,1550000,'0','PART 0038/HSMV/18 PREMDJEE Rishena'),(412,'2018-02-22','VTE AV','','0038/HSMV/18','','','468AIRAU',NULL,0,'1427600','PART 0038/HSMV/18 PREMDJEE Rishena'),(413,'2018-02-22','VTE AV','','0038/HSMV/18','','','70810000',NULL,0,'102000','PART 0038/HSMV/18 PREMDJEE Rishena'),(414,'2018-02-22','VTE AV','','0038/HSMV/18','','','44571000',NULL,0,'20400','PART 0038/HSMV/18 PREMDJEE Rishena'),(415,'2018-02-22','VTE AV','','0038/HSMV/18','','','41160000',NULL,0,'1550000','ANN PART 0038/HSMV/18 PREMDJEE Rishena'),(416,'2018-02-22','VTE AV','','0038/HSMV/18','','','468AIRAU',NULL,1427600,'0','ANN PART 0038/HSMV/18 PREMDJEE Rishena'),(417,'2018-02-22','VTE AV','','0038/HSMV/18','','','70810000',NULL,102000,'0','ANN PART 0038/HSMV/18 PREMDJEE Rishena'),(418,'2018-02-22','VTE AV','','0038/HSMV/18','','','44571000',NULL,20400,'0','ANN PART 0038/HSMV/18 PREMDJEE Rishena'),(419,'2018-02-22','VTE AV','','0039/HSMV/18','','','41160000',NULL,1627200,'0','PART 0039/HSMV/18 PREMDJEE Rishena'),(420,'2018-02-22','VTE AV','','0039/HSMV/18','','','468AIRAU',NULL,0,'1504800','PART 0039/HSMV/18 PREMDJEE Rishena'),(421,'2018-02-22','VTE AV','','0039/HSMV/18','','','70810000',NULL,0,'102000','PART 0039/HSMV/18 PREMDJEE Rishena'),(422,'2018-02-22','VTE AV','','0039/HSMV/18','','','44571000',NULL,0,'20400','PART 0039/HSMV/18 PREMDJEE Rishena'),(423,'2018-02-22','VTE AV','','0039/HSMV/18','','','41160000',NULL,0,'1627200','ANN PART 0039/HSMV/18 PREMDJEE Rishena'),(424,'2018-02-22','VTE AV','','0039/HSMV/18','','','468AIRAU',NULL,1504800,'0','ANN PART 0039/HSMV/18 PREMDJEE Rishena'),(425,'2018-02-22','VTE AV','','0039/HSMV/18','','','70810000',NULL,102000,'0','ANN PART 0039/HSMV/18 PREMDJEE Rishena'),(426,'2018-02-22','VTE AV','','0039/HSMV/18','','','44571000',NULL,20400,'0','ANN PART 0039/HSMV/18 PREMDJEE Rishena'),(427,'2018-02-22','VTE AV','','0040/HSMV/18','','','41160000',NULL,1550000,'0','PART 0040/HSMV/18 PREMDJEE Rishena'),(428,'2018-02-22','VTE AV','','0040/HSMV/18','','','468AIRAU',NULL,0,'1466200','PART 0040/HSMV/18 PREMDJEE Rishena'),(429,'2018-02-22','VTE AV','','0040/HSMV/18','','','70810000',NULL,0,'102000','PART 0040/HSMV/18 PREMDJEE Rishena'),(430,'2018-02-22','VTE AV','','0040/HSMV/18','','','44571000',NULL,0,'20400','PART 0040/HSMV/18 PREMDJEE Rishena'),(431,'2018-02-22','VTE AV','','0040/HSMV/18','','','41160000',NULL,0,'1550000','ANN PART 0040/HSMV/18 PREMDJEE Rishena'),(432,'2018-02-22','VTE AV','','0040/HSMV/18','','','468AIRAU',NULL,1466200,'0','ANN PART 0040/HSMV/18 PREMDJEE Rishena'),(433,'2018-02-22','VTE AV','','0040/HSMV/18','','','70810000',NULL,102000,'0','ANN PART 0040/HSMV/18 PREMDJEE Rishena'),(434,'2018-02-22','VTE AV','','0040/HSMV/18','','','44571000',NULL,20400,'0','ANN PART 0040/HSMV/18 PREMDJEE Rishena'),(435,'2018-02-22','VTE AV','','0041/HSMV/18','','','41160000',NULL,1588600,'0','PART 0041/HSMV/18 PREMDJEE Rishena'),(436,'2018-02-22','VTE AV','','0041/HSMV/18','','','468AIRAU',NULL,0,'1466200','PART 0041/HSMV/18 PREMDJEE Rishena'),(437,'2018-02-22','VTE AV','','0041/HSMV/18','','','70810000',NULL,0,'102000','PART 0041/HSMV/18 PREMDJEE Rishena'),(438,'2018-02-22','VTE AV','','0041/HSMV/18','','','44571000',NULL,0,'20400','PART 0041/HSMV/18 PREMDJEE Rishena'),(439,'2018-02-22','VTE AV','','0041/HSMV/18','','','41160000',NULL,0,'1588600','ANN PART 0041/HSMV/18 PREMDJEE Rishena'),(440,'2018-02-22','VTE AV','','0041/HSMV/18','','','468AIRAU',NULL,1466200,'0','ANN PART 0041/HSMV/18 PREMDJEE Rishena'),(441,'2018-02-22','VTE AV','','0041/HSMV/18','','','70810000',NULL,102000,'0','ANN PART 0041/HSMV/18 PREMDJEE Rishena'),(442,'2018-02-22','VTE AV','','0041/HSMV/18','','','44571000',NULL,20400,'0','ANN PART 0041/HSMV/18 PREMDJEE Rishena'),(443,'2018-02-22','VTE AV','','0033/HSMV/18','','','41150000',NULL,1588600,'0','SIDI 0033/HSMV/18 MR Goulamaly Kamil Reza'),(444,'2018-02-22','VTE AV','','0033/HSMV/18','','','468AIRAU',NULL,0,'1466200','SIDI 0033/HSMV/18 MR Goulamaly Kamil Reza'),(445,'2018-02-22','VTE AV','','0033/HSMV/18','','','70810000',NULL,0,'102000','SIDI 0033/HSMV/18 MR Goulamaly Kamil Reza'),(446,'2018-02-22','VTE AV','','0033/HSMV/18','','','44571000',NULL,0,'20400','SIDI 0033/HSMV/18 MR Goulamaly Kamil Reza'),(447,'2018-02-22','VTE AV','','0033/HSMV/18','','','41150000',NULL,0,'1588600','ANN SIDI 0033/HSMV/18 MR Goulamaly Kamil Reza'),(448,'2018-02-22','VTE AV','','0033/HSMV/18','','','468AIRAU',NULL,1466200,'0','ANN SIDI 0033/HSMV/18 MR Goulamaly Kamil Reza'),(449,'2018-02-22','VTE AV','','0033/HSMV/18','','','70810000',NULL,102000,'0','ANN SIDI 0033/HSMV/18 MR Goulamaly Kamil Reza'),(450,'2018-02-22','VTE AV','','0033/HSMV/18','','','44571000',NULL,20400,'0','ANN SIDI 0033/HSMV/18 MR Goulamaly Kamil Reza'),(451,'2018-02-22','VTE AV','','0033/HSMV/18','','','41150000',NULL,1588600,'0','SIDI 0033/HSMV/18 MR Goulamaly Kamil Reza'),(452,'2018-02-22','VTE AV','','0033/HSMV/18','','','468AIRAU',NULL,0,'1466200','SIDI 0033/HSMV/18 MR Goulamaly Kamil Reza'),(453,'2018-02-22','VTE AV','','0033/HSMV/18','','','70810000',NULL,0,'102000','SIDI 0033/HSMV/18 MR Goulamaly Kamil Reza'),(454,'2018-02-22','VTE AV','','0033/HSMV/18','','','44571000',NULL,0,'20400','SIDI 0033/HSMV/18 MR Goulamaly Kamil Reza'),(455,'2018-02-22','VTE AV','','0033/HSMV/18','','','41150000',NULL,0,'1588600','ANN SIDI 0033/HSMV/18 MR Goulamaly Kamil Reza'),(456,'2018-02-22','VTE AV','','0033/HSMV/18','','','468AIRAU',NULL,1466200,'0','ANN SIDI 0033/HSMV/18 MR Goulamaly Kamil Reza'),(457,'2018-02-22','VTE AV','','0033/HSMV/18','','','70810000',NULL,102000,'0','ANN SIDI 0033/HSMV/18 MR Goulamaly Kamil Reza'),(458,'2018-02-22','VTE AV','','0033/HSMV/18','','','44571000',NULL,20400,'0','ANN SIDI 0033/HSMV/18 MR Goulamaly Kamil Reza'),(459,'2018-02-22','VTE AV','','0033/HSMV/18','','','41160000',NULL,1588600,'0','PART 0033/HSMV/18 PREMDJEE Rishena'),(460,'2018-02-22','VTE AV','','0033/HSMV/18','','','468AIRAU',NULL,0,'1466200','PART 0033/HSMV/18 PREMDJEE Rishena'),(461,'2018-02-22','VTE AV','','0033/HSMV/18','','','70810000',NULL,0,'102000','PART 0033/HSMV/18 PREMDJEE Rishena'),(462,'2018-02-22','VTE AV','','0033/HSMV/18','','','44571000',NULL,0,'20400','PART 0033/HSMV/18 PREMDJEE Rishena'),(463,'2018-02-22','VTE AV','','0034/HSMV/18','','','41150000',NULL,744700,'0','CIMELTA 0034/HSMV/18 MR Raharison'),(464,'2018-02-22','VTE AV','','0034/HSMV/18','','','468AIRMD',NULL,0,'678700','CIMELTA 0034/HSMV/18 MR Raharison'),(465,'2018-02-22','VTE AV','','0034/HSMV/18','','','70810000',NULL,0,'55000','CIMELTA 0034/HSMV/18 MR Raharison'),(466,'2018-02-22','VTE AV','','0034/HSMV/18','','','44571000',NULL,0,'11000','CIMELTA 0034/HSMV/18 MR Raharison'),(467,'2018-02-27','VTE AV','','0035/HSMV/18','','','41150000',NULL,4013600,'0','PART 0035/HSMV/18 DUBOIS Jean Claude'),(468,'2018-02-27','VTE AV','','0035/HSMV/18','','','468AIRMK',NULL,0,'3802400','PART 0035/HSMV/18 DUBOIS Jean Claude'),(469,'2018-02-27','VTE AV','','0035/HSMV/18','','','70810000',NULL,0,'176000','PART 0035/HSMV/18 DUBOIS Jean Claude'),(470,'2018-02-27','VTE AV','','0035/HSMV/18','','','44571000',NULL,0,'35200','PART 0035/HSMV/18 DUBOIS Jean Claude'),(471,'2018-02-28','VTE AV','','0036/HSMV/18','','','41150000',NULL,504900,'0','SIDI 0036/HSMV/18 MR Razafimahefa Jean Yves'),(472,'2018-02-28','VTE AV','','0036/HSMV/18','','','468AIRMD',NULL,0,'450900','SIDI 0036/HSMV/18 MR Razafimahefa Jean Yves'),(473,'2018-02-28','VTE AV','','0036/HSMV/18','','','70810000',NULL,0,'45000','SIDI 0036/HSMV/18 MR Razafimahefa Jean Yves'),(474,'2018-02-28','VTE AV','','0036/HSMV/18','','','44571000',NULL,0,'9000','SIDI 0036/HSMV/18 MR Razafimahefa Jean Yves'),(475,'2018-03-05','VTE AV','','0037/HSMV/18','','','41160000',NULL,3102700,'0','PART 0037/HSMV/18 CAMARA ANSOUMANE'),(476,'2018-03-05','VTE AV','','0037/HSMV/18','','','468KENYA',NULL,0,'2891500','PART 0037/HSMV/18 CAMARA ANSOUMANE'),(477,'2018-03-05','VTE AV','','0037/HSMV/18','','','70810000',NULL,0,'176000','PART 0037/HSMV/18 CAMARA ANSOUMANE'),(478,'2018-03-05','VTE AV','','0037/HSMV/18','','','44571000',NULL,0,'35200','PART 0037/HSMV/18 CAMARA ANSOUMANE'),(479,'2018-03-09','VTE AV','','0038/HSMV/18','','','41160000',NULL,437700,'0','PART 0038/HSMV/18 DAHY Marie Annick'),(480,'2018-03-09','VTE AV','','0038/HSMV/18','','','468AIRMD',NULL,0,'383700','PART 0038/HSMV/18 DAHY Marie Annick'),(481,'2018-03-09','VTE AV','','0038/HSMV/18','','','70810000',NULL,0,'45000','PART 0038/HSMV/18 DAHY Marie Annick'),(482,'2018-03-09','VTE AV','','0038/HSMV/18','','','44571000',NULL,0,'9000','PART 0038/HSMV/18 DAHY Marie Annick'),(483,'2018-03-13','VTE AV','','0039/HSMV/18','','','41150000',NULL,10274300,'0','SCB 0039/HSMV/18 MR Deiber Rene (ADT)'),(484,'2018-03-13','VTE AV','','0039/HSMV/18','','','468AIRMD',NULL,0,'9950300','SCB 0039/HSMV/18 MR Deiber Rene (ADT)'),(485,'2018-03-13','VTE AV','','0039/HSMV/18','','','70810000',NULL,0,'270000','SCB 0039/HSMV/18 MR Deiber Rene (ADT)'),(486,'2018-03-13','VTE AV','','0039/HSMV/18','','','44571000',NULL,0,'54000','SCB 0039/HSMV/18 MR Deiber Rene (ADT)'),(487,'2018-03-14','VTE AV','','0040/HSMV/18','','','41160000',NULL,2505100,'0','PART 0040/HSMV/18 BERTUCAT Anouck Virginie'),(488,'2018-03-14','VTE AV','','0040/HSMV/18','','','468AIRMD',NULL,0,'705900','PART 0040/HSMV/18 BERTUCAT Anouck Virginie'),(489,'2018-03-14','VTE AV','','0040/HSMV/18','','','468AIRMD',NULL,0,'398100','PART 0040/HSMV/18 BERTUCAT Anouck Virginie'),(490,'2018-03-14','VTE AV','','0040/HSMV/18','','','468AIRMD',NULL,0,'398100','PART 0040/HSMV/18 BERTUCAT Anouck Virginie'),(491,'2018-03-14','VTE AV','','0040/HSMV/18','','','468AIRMD',NULL,0,'344800','PART 0040/HSMV/18 BERTUCAT Anouck Virginie'),(492,'2018-03-14','VTE AV','','0040/HSMV/18','','','468AIRMD',NULL,0,'388200','PART 0040/HSMV/18 BERTUCAT Anouck Virginie'),(493,'2018-03-14','VTE AV','','0040/HSMV/18','','','70810000',NULL,0,'225000','PART 0040/HSMV/18 BERTUCAT Anouck Virginie'),(494,'2018-03-14','VTE AV','','0040/HSMV/18','','','44571000',NULL,0,'45000','PART 0040/HSMV/18 BERTUCAT Anouck Virginie'),(495,'2018-03-14','VTE AV','','0041/HSMV/18','','','41160000',NULL,3098000,'0','PART 0041/HSMV/18 RAHARISON Andrianjanahary'),(496,'2018-03-14','VTE AV','','0041/HSMV/18','','','468AIRAU',NULL,0,'1426600','PART 0041/HSMV/18 RAHARISON Andrianjanahary'),(497,'2018-03-14','VTE AV','','0041/HSMV/18','','','468AIRAU',NULL,0,'1426600','PART 0041/HSMV/18 RAHARISON Andrianjanahary'),(498,'2018-03-14','VTE AV','','0041/HSMV/18','','','70810000',NULL,0,'204000','PART 0041/HSMV/18 RAHARISON Andrianjanahary'),(499,'2018-03-14','VTE AV','','0041/HSMV/18','','','44571000',NULL,0,'40800','PART 0041/HSMV/18 RAHARISON Andrianjanahary'),(500,'2018-03-14','VTE AV','','0042/HSMV/18','','','41150000',NULL,3048700,'0','SIDI 0042/HSMV/18 MR Rajabali Sameer (ADT)'),(501,'2018-03-14','VTE AV','','0042/HSMV/18','','','468AIRMK',NULL,0,'2904700','SIDI 0042/HSMV/18 MR Rajabali Sameer (ADT)'),(502,'2018-03-14','VTE AV','','0042/HSMV/18','','','70810000',NULL,0,'120000','SIDI 0042/HSMV/18 MR Rajabali Sameer (ADT)'),(503,'2018-03-14','VTE AV','','0042/HSMV/18','','','44571000',NULL,0,'24000','SIDI 0042/HSMV/18 MR Rajabali Sameer (ADT)'),(504,'2018-03-14','VTE AV','','0042/HSMV/18','','','41150000',NULL,0,'3048700','ANN SIDI 0042/HSMV/18 MR Rajabali Sameer (ADT)'),(505,'2018-03-14','VTE AV','','0042/HSMV/18','','','468AIRMK',NULL,2904700,'0','ANN SIDI 0042/HSMV/18 MR Rajabali Sameer (ADT)'),(506,'2018-03-14','VTE AV','','0042/HSMV/18','','','70810000',NULL,120000,'0','ANN SIDI 0042/HSMV/18 MR Rajabali Sameer (ADT)'),(507,'2018-03-14','VTE AV','','0042/HSMV/18','','','44571000',NULL,24000,'0','ANN SIDI 0042/HSMV/18 MR Rajabali Sameer (ADT)'),(508,'2018-03-15','VTE AV','','0042/HSMV/18','','','41160000',NULL,3399400,'0','PART 0042/HSMV/18 GODARD Daniele'),(509,'2018-03-15','VTE AV','','0042/HSMV/18','','','468AIRMD',NULL,0,'1411800','PART 0042/HSMV/18 GODARD Daniele'),(510,'2018-03-15','VTE AV','','0042/HSMV/18','','','468AIRMD',NULL,0,'894800','PART 0042/HSMV/18 GODARD Daniele'),(511,'2018-03-15','VTE AV','','0042/HSMV/18','','','468AIRMD',NULL,0,'894800','PART 0042/HSMV/18 GODARD Daniele'),(512,'2018-03-15','VTE AV','','0042/HSMV/18','','','70810000',NULL,0,'165000','PART 0042/HSMV/18 GODARD Daniele'),(513,'2018-03-15','VTE AV','','0042/HSMV/18','','','44571000',NULL,0,'33000','PART 0042/HSMV/18 GODARD Daniele'),(514,'2018-03-16','VTE AV','','0043/HSMV/18','','','41150000',NULL,2953600,'0','BATPRO 0043/HSMV/18 Firoul Jean Yves (ADT)'),(515,'2018-03-16','VTE AV','','0043/HSMV/18','','','468AIRMD',NULL,0,'1041600','BATPRO 0043/HSMV/18 Firoul Jean Yves (ADT)'),(516,'2018-03-16','VTE AV','','0043/HSMV/18','','','468AIRMD',NULL,0,'1041600','BATPRO 0043/HSMV/18 Firoul Jean Yves (ADT)'),(517,'2018-03-16','VTE AV','','0043/HSMV/18','','','468AIRAU',NULL,0,'672400','BATPRO 0043/HSMV/18 Firoul Jean Yves (ADT)'),(518,'2018-03-16','VTE AV','','0043/HSMV/18','','','70810000',NULL,0,'165000','BATPRO 0043/HSMV/18 Firoul Jean Yves (ADT)'),(519,'2018-03-16','VTE AV','','0043/HSMV/18','','','44571000',NULL,0,'33000','BATPRO 0043/HSMV/18 Firoul Jean Yves (ADT)'),(520,'2018-03-19','VTE AV','','0044/HSMV/18','','','41150000',NULL,405000,'0','PART 0044/HSMV/18 DUBOIS Jean Claude'),(521,'2018-03-19','VTE AV','','0044/HSMV/18','','','468AIRMK',NULL,0,'315000','PART 0044/HSMV/18 DUBOIS Jean Claude'),(522,'2018-03-19','VTE AV','','0044/HSMV/18','','','70810000',NULL,0,'75000','PART 0044/HSMV/18 DUBOIS Jean Claude'),(523,'2018-03-19','VTE AV','','0044/HSMV/18','','','44571000',NULL,0,'15000','PART 0044/HSMV/18 DUBOIS Jean Claude'),(524,'2018-03-19','VTE AV','','0045/HSMV/18','','','41150000',NULL,3376200,'0','EDEN  NOVOTEL 0045/HSMV/18 MRS Coste Virginie Chloe'),(525,'2018-03-19','VTE AV','','0045/HSMV/18','','','468AIRFR',NULL,0,'3165000','EDEN  NOVOTEL 0045/HSMV/18 MRS Coste Virginie Chloe'),(526,'2018-03-19','VTE AV','','0045/HSMV/18','','','70810000',NULL,0,'176000','EDEN  NOVOTEL 0045/HSMV/18 MRS Coste Virginie Chloe'),(527,'2018-03-19','VTE AV','','0045/HSMV/18','','','44571000',NULL,0,'35200','EDEN  NOVOTEL 0045/HSMV/18 MRS Coste Virginie Chloe'),(528,'2018-03-22','VTE AV','','0046/HSMV/18','','','41160000',NULL,1683200,'0','PART 0046/HSMV/18 HASSANALY Chakin'),(529,'2018-03-22','VTE AV','','0046/HSMV/18','','','468AIRAU',NULL,0,'1560800','PART 0046/HSMV/18 HASSANALY Chakin'),(530,'2018-03-22','VTE AV','','0046/HSMV/18','','','70810000',NULL,0,'102000','PART 0046/HSMV/18 HASSANALY Chakin'),(531,'2018-03-22','VTE AV','','0046/HSMV/18','','','44571000',NULL,0,'20400','PART 0046/HSMV/18 HASSANALY Chakin'),(532,'2018-03-22','VTE AV','','0047/HSMV/18','','','41160000',NULL,903200,'0','PART 0047/HSMV/18 RATOLONJANAHARY Damy'),(533,'2018-03-22','VTE AV','','0047/HSMV/18','','','468AIRMD',NULL,0,'837200','PART 0047/HSMV/18 RATOLONJANAHARY Damy'),(534,'2018-03-22','VTE AV','','0047/HSMV/18','','','70810000',NULL,0,'55000','PART 0047/HSMV/18 RATOLONJANAHARY Damy'),(535,'2018-03-22','VTE AV','','0047/HSMV/18','','','44571000',NULL,0,'11000','PART 0047/HSMV/18 RATOLONJANAHARY Damy'),(536,'2018-03-22','VTE','','0047/HSMV/18','','','41160000',NULL,45160,'0','PART 0047/HSMV/18 RATOLONJANAHARY Damy'),(537,'2018-03-22','VTE','','0047/HSMV/18','','','76800000',NULL,0,'45160','PART 0047/HSMV/18 RATOLONJANAHARY Damy'),(538,'2018-03-23','VTE AV','','0048/HSMV/18','','','41160000',NULL,1795700,'0','PART 0048/HSMV/18 GODARD Daniele'),(539,'2018-03-23','VTE AV','','0048/HSMV/18','','','468AIRMK',NULL,0,'1673300','PART 0048/HSMV/18 GODARD Daniele'),(540,'2018-03-23','VTE AV','','0048/HSMV/18','','','70810000',NULL,0,'102000','PART 0048/HSMV/18 GODARD Daniele'),(541,'2018-03-23','VTE AV','','0048/HSMV/18','','','44571000',NULL,0,'20400','PART 0048/HSMV/18 GODARD Daniele'),(542,'2018-03-23','VTE AV','','0049/HSMV/18','','','41160000',NULL,3368400,'0','PART 0049/HSMV/18 RANDRIANAMBININTSOA Ernest'),(543,'2018-03-23','VTE AV','','0049/HSMV/18','','','468AIRFR',NULL,0,'3157200','PART 0049/HSMV/18 RANDRIANAMBININTSOA Ernest'),(544,'2018-03-23','VTE AV','','0049/HSMV/18','','','70810000',NULL,0,'176000','PART 0049/HSMV/18 RANDRIANAMBININTSOA Ernest'),(545,'2018-03-23','VTE AV','','0049/HSMV/18','','','44571000',NULL,0,'35200','PART 0049/HSMV/18 RANDRIANAMBININTSOA Ernest'),(546,'2018-03-26','VTE AV','','0050/HSMV/18','','','41150000',NULL,3213200,'0','PART 0050/HSMV/18 DUBOIS Jean Claude'),(547,'2018-03-26','VTE AV','','0050/HSMV/18','','','468AIRMK',NULL,0,'1484200','PART 0050/HSMV/18 DUBOIS Jean Claude'),(548,'2018-03-26','VTE AV','','0050/HSMV/18','','','468AIRMK',NULL,0,'1484200','PART 0050/HSMV/18 DUBOIS Jean Claude'),(549,'2018-03-26','VTE AV','','0050/HSMV/18','','','70810000',NULL,0,'204000','PART 0050/HSMV/18 DUBOIS Jean Claude'),(550,'2018-03-26','VTE AV','','0050/HSMV/18','','','44571000',NULL,0,'40800','PART 0050/HSMV/18 DUBOIS Jean Claude'),(551,'2018-03-27','VTE AV','','0051/HSMV/18','','','41150000',NULL,3275300,'0','SCB 0051/HSMV/18 MR Bayles Fabien Yves'),(552,'2018-03-27','VTE AV','','0051/HSMV/18','','','468AIRMD',NULL,0,'3064100','SCB 0051/HSMV/18 MR Bayles Fabien Yves'),(553,'2018-03-27','VTE AV','','0051/HSMV/18','','','70810000',NULL,0,'176000','SCB 0051/HSMV/18 MR Bayles Fabien Yves'),(554,'2018-03-27','VTE AV','','0051/HSMV/18','','','44571000',NULL,0,'35200','SCB 0051/HSMV/18 MR Bayles Fabien Yves'),(555,'2018-03-28','VTE AV','','0052/HSMV/18','','','41160000',NULL,3513700,'0','PART 0052/HSMV/18 DJAFFAR Aleck Houssen'),(556,'2018-03-28','VTE AV','','0052/HSMV/18','','','468AIRMD',NULL,0,'700700','PART 0052/HSMV/18 DJAFFAR Aleck Houssen'),(557,'2018-03-28','VTE AV','','0052/HSMV/18','','','468AIRMD',NULL,0,'700700','PART 0052/HSMV/18 DJAFFAR Aleck Houssen'),(558,'2018-03-28','VTE AV','','0052/HSMV/18','','','468AIRMD',NULL,0,'594100','PART 0052/HSMV/18 DJAFFAR Aleck Houssen'),(559,'2018-03-28','VTE AV','','0052/HSMV/18','','','468AIRMD',NULL,0,'594100','PART 0052/HSMV/18 DJAFFAR Aleck Houssen'),(560,'2018-03-28','VTE AV','','0052/HSMV/18','','','468AIRMD',NULL,0,'594100','PART 0052/HSMV/18 DJAFFAR Aleck Houssen'),(561,'2018-03-28','VTE AV','','0052/HSMV/18','','','70810000',NULL,0,'275000','PART 0052/HSMV/18 DJAFFAR Aleck Houssen'),(562,'2018-03-28','VTE AV','','0052/HSMV/18','','','44571000',NULL,0,'55000','PART 0052/HSMV/18 DJAFFAR Aleck Houssen'),(563,'2018-03-28','VTE AV','','0053/HSMV/18','','','41150000',NULL,1781800,'0','CIMELTA 0053/HSMV/18 RAJERIARIVONY'),(564,'2018-03-28','VTE AV','','0053/HSMV/18','','','468AIRMD',NULL,0,'824900','CIMELTA 0053/HSMV/18 RAJERIARIVONY'),(565,'2018-03-28','VTE AV','','0053/HSMV/18','','','468AIRMD',NULL,0,'824900','CIMELTA 0053/HSMV/18 RAJERIARIVONY'),(566,'2018-03-28','VTE AV','','0053/HSMV/18','','','70810000',NULL,0,'110000','CIMELTA 0053/HSMV/18 RAJERIARIVONY'),(567,'2018-03-28','VTE AV','','0053/HSMV/18','','','44571000',NULL,0,'22000','CIMELTA 0053/HSMV/18 RAJERIARIVONY'),(568,'2018-03-31','VTE AV','','0054/HSMV/18','','','41150000',NULL,11626200,'0','SCB 0054/HSMV/18 Jivan Karim Jasmin (CHD)'),(569,'2018-03-31','VTE AV','','0054/HSMV/18','','','468KENYA',NULL,0,'2538700','SCB 0054/HSMV/18 Jivan Karim Jasmin (CHD)'),(570,'2018-03-31','VTE AV','','0054/HSMV/18','','','468KENYA',NULL,0,'2538700','SCB 0054/HSMV/18 Jivan Karim Jasmin (CHD)'),(571,'2018-03-31','VTE AV','','0054/HSMV/18','','','468KENYA',NULL,0,'3029600','SCB 0054/HSMV/18 Jivan Karim Jasmin (CHD)'),(572,'2018-03-31','VTE AV','','0054/HSMV/18','','','468KENYA',NULL,0,'3029600','SCB 0054/HSMV/18 Jivan Karim Jasmin (CHD)'),(573,'2018-03-31','VTE AV','','0054/HSMV/18','','','70810000',NULL,0,'408000','SCB 0054/HSMV/18 Jivan Karim Jasmin (CHD)'),(574,'2018-03-31','VTE AV','','0054/HSMV/18','','','44571000',NULL,0,'81600','SCB 0054/HSMV/18 Jivan Karim Jasmin (CHD)'),(575,'2018-03-31','VTE AV','','0055/HSMV/18','','','41160000',NULL,3098900,'0','PART 0055/HSMV/18 FENOZANANY AMANDA'),(576,'2018-03-31','VTE AV','','0055/HSMV/18','','','468AIRMD',NULL,0,'713700','PART 0055/HSMV/18 FENOZANANY AMANDA'),(577,'2018-03-31','VTE AV','','0055/HSMV/18','','','468AIRMD',NULL,0,'713700','PART 0055/HSMV/18 FENOZANANY AMANDA'),(578,'2018-03-31','VTE AV','','0055/HSMV/18','','','468AIRMD',NULL,0,'713700','PART 0055/HSMV/18 FENOZANANY AMANDA'),(579,'2018-03-31','VTE AV','','0055/HSMV/18','','','468AIRMD',NULL,0,'693800','PART 0055/HSMV/18 FENOZANANY AMANDA'),(580,'2018-03-31','VTE AV','','0055/HSMV/18','','','70810000',NULL,0,'220000','PART 0055/HSMV/18 FENOZANANY AMANDA'),(581,'2018-03-31','VTE AV','','0055/HSMV/18','','','44571000',NULL,0,'44000','PART 0055/HSMV/18 FENOZANANY AMANDA'),(582,'2018-04-04','VTE AV','','0056/HSMV/18','','','41150000',NULL,4635800,'0','PART 0056/HSMV/18 DUBOIS Jean Claude'),(583,'2018-04-04','VTE AV','','0056/HSMV/18','','','468AIRMK',NULL,0,'4424600','PART 0056/HSMV/18 DUBOIS Jean Claude'),(584,'2018-04-04','VTE AV','','0056/HSMV/18','','','70810000',NULL,0,'176000','PART 0056/HSMV/18 DUBOIS Jean Claude'),(585,'2018-04-04','VTE AV','','0056/HSMV/18','','','44571000',NULL,0,'35200','PART 0056/HSMV/18 DUBOIS Jean Claude'),(586,'2018-04-04','VTE AV','','0057/HSMV/18','','','41160000',NULL,657500,'0','HOME BUILDERS SARL 0057/HSMV/18 MRS Andriamiaranarivo'),(587,'2018-04-04','VTE AV','','0057/HSMV/18','','','468AIRMD',NULL,0,'591500','HOME BUILDERS SARL 0057/HSMV/18 MRS Andriamiaranarivo'),(588,'2018-04-04','VTE AV','','0057/HSMV/18','','','70810000',NULL,0,'55000','HOME BUILDERS SARL 0057/HSMV/18 MRS Andriamiaranarivo'),(589,'2018-04-04','VTE AV','','0057/HSMV/18','','','44571000',NULL,0,'11000','HOME BUILDERS SARL 0057/HSMV/18 MRS Andriamiaranarivo'),(590,'2018-04-09','VTE AV','','1-AVR/18','1-AVR/18','','41150000',NULL,0,'1041600','BATPRO 0043/HSMV/18'),(591,'2018-04-09','VTE AV','','1-AVR/18','1-AVR/18','','468AIRMD',NULL,1041600,'0','BATPRO 0043/HSMV/18'),(592,'2018-04-09','VTE AV','','1-AVR/18','1-AVR/18','','468AIRMD',NULL,1041600,'0','BATPRO 0043/HSMV/18'),(593,'2018-04-09','VTE AV','','1-AVR/18','1-AVR/18','','468AIRAU',NULL,1041600,'0','BATPRO 0043/HSMV/18'),(594,'2018-04-11','VTE AV','','0058/HSMV/18','','','41160000',NULL,879900,'0','DELTA AUDIT & ASSOCIES 0058/HSMV/18 MR Ye Maurice (ADT)'),(595,'2018-04-11','VTE AV','','0058/HSMV/18','','','468AIRMD',NULL,0,'813900','DELTA AUDIT & ASSOCIES 0058/HSMV/18 MR Ye Maurice (ADT)'),(596,'2018-04-11','VTE AV','','0058/HSMV/18','','','70810000',NULL,0,'55000','DELTA AUDIT & ASSOCIES 0058/HSMV/18 MR Ye Maurice (ADT)'),(597,'2018-04-11','VTE AV','','0058/HSMV/18','','','44571000',NULL,0,'11000','DELTA AUDIT & ASSOCIES 0058/HSMV/18 MR Ye Maurice (ADT)'),(598,'2018-04-12','VTE AV','','0059/HSMV/18','','','41160000',NULL,1867100,'0','PART 0059/HSMV/18 FENOZANANY AMANDA'),(599,'2018-04-12','VTE AV','','0059/HSMV/18','','','468AIRMD',NULL,0,'803900','PART 0059/HSMV/18 FENOZANANY AMANDA'),(600,'2018-04-12','VTE AV','','0059/HSMV/18','','','468AIRMD',NULL,0,'454900','PART 0059/HSMV/18 FENOZANANY AMANDA'),(601,'2018-04-12','VTE AV','','0059/HSMV/18','','','468AIRMD',NULL,0,'0','PART 0059/HSMV/18 FENOZANANY AMANDA'),(602,'2018-04-12','VTE AV','','0059/HSMV/18','','','468AIRMD',NULL,0,'380300','PART 0059/HSMV/18 FENOZANANY AMANDA'),(603,'2018-04-12','VTE AV','','0059/HSMV/18','','','70810000',NULL,0,'190000','PART 0059/HSMV/18 FENOZANANY AMANDA'),(604,'2018-04-12','VTE AV','','0059/HSMV/18','','','44571000',NULL,0,'38000','PART 0059/HSMV/18 FENOZANANY AMANDA'),(605,'2018-04-13','VTE AV','','0060/HSMV/18','','','41160000',NULL,479200,'0','PART 0060/HSMV/18 RAFALIMANANA Fidel'),(606,'2018-04-13','VTE AV','','0060/HSMV/18','','','468AIRFR',NULL,0,'389200','PART 0060/HSMV/18 RAFALIMANANA Fidel'),(607,'2018-04-13','VTE AV','','0060/HSMV/18','','','70810000',NULL,0,'75000','PART 0060/HSMV/18 RAFALIMANANA Fidel'),(608,'2018-04-13','VTE AV','','0060/HSMV/18','','','44571000',NULL,0,'15000','PART 0060/HSMV/18 RAFALIMANANA Fidel'),(609,'2018-04-14','VTE AV','','0061/HSMV/18','','','41160000',NULL,3319700,'0','PART 0061/HSMV/18 CAMARA ANSOUMANE'),(610,'2018-04-14','VTE AV','','0061/HSMV/18','','','468KENYA',NULL,0,'3108500','PART 0061/HSMV/18 CAMARA ANSOUMANE'),(611,'2018-04-14','VTE AV','','0061/HSMV/18','','','70810000',NULL,0,'176000','PART 0061/HSMV/18 CAMARA ANSOUMANE'),(612,'2018-04-14','VTE AV','','0061/HSMV/18','','','44571000',NULL,0,'35200','PART 0061/HSMV/18 CAMARA ANSOUMANE'),(613,'2018-04-14','VTE AV','','0062/HSMV/18','','','41160000',NULL,402900,'0','PART 0062/HSMV/18 STEFAN Andreas'),(614,'2018-04-14','VTE AV','','0062/HSMV/18','','','468AIRMD',NULL,0,'348900','PART 0062/HSMV/18 STEFAN Andreas'),(615,'2018-04-14','VTE AV','','0062/HSMV/18','','','70810000',NULL,0,'45000','PART 0062/HSMV/18 STEFAN Andreas'),(616,'2018-04-14','VTE AV','','0062/HSMV/18','','','44571000',NULL,0,'9000','PART 0062/HSMV/18 STEFAN Andreas'),(617,'2018-04-16','VTE AV','','0063/HSMV/18','','','41150000',NULL,116000,'0','BATPRO 0063/HSMV/18 MOCOEUR Patrick'),(618,'2018-04-16','VTE AV','','0063/HSMV/18','','','468AIRMD',NULL,0,'50000','BATPRO 0063/HSMV/18 MOCOEUR Patrick'),(619,'2018-04-16','VTE AV','','0063/HSMV/18','','','70810000',NULL,0,'55000','BATPRO 0063/HSMV/18 MOCOEUR Patrick'),(620,'2018-04-16','VTE AV','','0063/HSMV/18','','','44571000',NULL,0,'11000','BATPRO 0063/HSMV/18 MOCOEUR Patrick'),(621,'2018-04-16','VTE AV','','0064/HSMV/18','','','41160000',NULL,508800,'0','PART 0064/HSMV/18 FENOZANANY AMANDA'),(622,'2018-04-16','VTE AV','','0064/HSMV/18','','','468AIRMD',NULL,0,'454800','PART 0064/HSMV/18 FENOZANANY AMANDA'),(623,'2018-04-16','VTE AV','','0064/HSMV/18','','','70810000',NULL,0,'45000','PART 0064/HSMV/18 FENOZANANY AMANDA'),(624,'2018-04-16','VTE AV','','0064/HSMV/18','','','44571000',NULL,0,'9000','PART 0064/HSMV/18 FENOZANANY AMANDA'),(625,'2018-04-16','VTE AV','','0065/HSMV/18','','','41160000',NULL,1624800,'0','PART 0065/HSMV/18 FENOZANANY AMANDA'),(626,'2018-04-16','VTE AV','','0065/HSMV/18','','','468AIRMK',NULL,0,'1502400','PART 0065/HSMV/18 FENOZANANY AMANDA'),(627,'2018-04-16','VTE AV','','0065/HSMV/18','','','70810000',NULL,0,'102000','PART 0065/HSMV/18 FENOZANANY AMANDA'),(628,'2018-04-16','VTE AV','','0065/HSMV/18','','','44571000',NULL,0,'20400','PART 0065/HSMV/18 FENOZANANY AMANDA'),(629,'2018-04-17','VTE AV','','0066/HSMV/18','','','41160000',NULL,2322400,'0','PART 0066/HSMV/18 FENOZANANY AMANDA'),(630,'2018-04-17','VTE AV','','0066/HSMV/18','','','468EMIR0',NULL,0,'2082400','PART 0066/HSMV/18 FENOZANANY AMANDA'),(631,'2018-04-17','VTE AV','','0066/HSMV/18','','','70810000',NULL,0,'200000','PART 0066/HSMV/18 FENOZANANY AMANDA'),(632,'2018-04-17','VTE AV','','0066/HSMV/18','','','44571000',NULL,0,'40000','PART 0066/HSMV/18 FENOZANANY AMANDA'),(633,'2018-04-17','VTE AV','','0067/HSMV/18','','','41160000',NULL,11426400,'0','PART 0067/HSMV/18 FENOZANANY AMANDA'),(634,'2018-04-17','VTE AV','','0067/HSMV/18','','','468EMIR0',NULL,0,'10946400','PART 0067/HSMV/18 FENOZANANY AMANDA'),(635,'2018-04-17','VTE AV','','0067/HSMV/18','','','70810000',NULL,0,'400000','PART 0067/HSMV/18 FENOZANANY AMANDA'),(636,'2018-04-17','VTE AV','','0067/HSMV/18','','','44571000',NULL,0,'80000','PART 0067/HSMV/18 FENOZANANY AMANDA'),(637,'2018-04-19','VTE AV','','0068/HSMV/18','','','41160000',NULL,5273500,'0','PART 0068/HSMV/18 FENOZANANY AMANDA'),(638,'2018-04-19','VTE AV','','0068/HSMV/18','','','468AIRMK',NULL,0,'4949500','PART 0068/HSMV/18 FENOZANANY AMANDA'),(639,'2018-04-19','VTE AV','','0068/HSMV/18','','','70810000',NULL,0,'270000','PART 0068/HSMV/18 FENOZANANY AMANDA'),(640,'2018-04-19','VTE AV','','0068/HSMV/18','','','44571000',NULL,0,'54000','PART 0068/HSMV/18 FENOZANANY AMANDA'),(641,'2018-03-09','B34','','RGT-8/18','','','468AIRAU',NULL,4284300,'0','REGLT VENTE AIR AUSTRAL'),(642,'2018-03-09','B34','','RGT-8/18','','','51216000',NULL,0,'4284300','REGLT VENTE AIR AUSTRAL'),(643,'2018-04-09','B34','','RGT-9/18','','','468AIRMD',NULL,21040400,'0','REGLT VENTE AIR MADAGASCAR'),(644,'2018-04-09','B34','','RGT-9/18','','','51216000',NULL,0,'21040400','REGLT VENTE AIR MADAGASCAR'),(645,'2018-03-05','B34','','RGT-10/18','','','468AIRMK',NULL,56441000,'0','REGLT VENTE AIR MAURITIUS'),(646,'2018-03-05','B34','','RGT-10/18','','','51216000',NULL,0,'56441000','REGLT VENTE AIR MAURITIUS'),(647,'2018-03-05','B34','','RGT-11/18','','','468CORS0',NULL,13102700,'0','REGLT VENTE CORSAIR'),(648,'2018-03-05','B34','','RGT-11/18','','','51216000',NULL,0,'13102700','REGLT VENTE CORSAIR'),(649,'2018-03-05','B34','','RGT-12/18','','','468KENYA',NULL,2694800,'0','REGLT VENTE KENYA AIRWAYS'),(650,'2018-03-05','B34','','RGT-12/18','','','51216000',NULL,0,'2694800','REGLT VENTE KENYA AIRWAYS'),(651,'2018-04-19','VTE AV','','0069/HSMV/18','','','41160000',NULL,2321400,'0','PART 0069/HSMV/18 FENOZANANY AMANDA'),(652,'2018-04-19','VTE AV','','0069/HSMV/18','','','468EMIR0',NULL,0,'2081400','PART 0069/HSMV/18 FENOZANANY AMANDA'),(653,'2018-04-19','VTE AV','','0069/HSMV/18','','','70810000',NULL,0,'200000','PART 0069/HSMV/18 FENOZANANY AMANDA'),(654,'2018-04-19','VTE AV','','0069/HSMV/18','','','44571000',NULL,0,'40000','PART 0069/HSMV/18 FENOZANANY AMANDA'),(655,'2018-04-09','B34','','RGT-13/18','','','468AIRMK',NULL,16575500,'0','REGLT VENTE AIR MAURITIUS'),(656,'2018-04-09','B34','','RGT-13/18','','','51216000',NULL,0,'16575500','REGLT VENTE AIR MAURITIUS'),(657,'2018-04-19','VTE AV','','0070/HSMV/18','','','41160000',NULL,1171800,'0','PART 0070/HSMV/18 FENOZANANY AMANDA'),(658,'2018-04-19','VTE AV','','0070/HSMV/18','','','468AIRMK',NULL,0,'1081800','PART 0070/HSMV/18 FENOZANANY AMANDA'),(659,'2018-04-19','VTE AV','','0070/HSMV/18','','','70810000',NULL,0,'75000','PART 0070/HSMV/18 FENOZANANY AMANDA'),(660,'2018-04-19','VTE AV','','0070/HSMV/18','','','44571000',NULL,0,'15000','PART 0070/HSMV/18 FENOZANANY AMANDA'),(661,'2018-04-09','B34','','RGT-14/18','','','468AIRMD',NULL,29423400,'0','REGLT VENTE AIR MADAGASCAR'),(662,'2018-04-09','B34','','RGT-14/18','','','51216000',NULL,0,'29423400','REGLT VENTE AIR MADAGASCAR'),(663,'2018-04-09','B34','','RGT-15/18','','','468AIRFR',NULL,17009500,'0','REGLT VENTE AIR FRANCE'),(664,'2018-04-09','B34','','RGT-15/18','','','51216000',NULL,0,'17009500','REGLT VENTE AIR FRANCE'),(665,'2018-04-09','B34','','RGT-16/18','','','468SOUTH',NULL,3932600,'0','REGLT VENTE SOUTH AFRICAN AIRLINES'),(666,'2018-04-09','B34','','RGT-16/18','','','51216000',NULL,0,'3932600','REGLT VENTE SOUTH AFRICAN AIRLINES'),(667,'2018-04-09','B34','','RGT-17/18','','','468KENYA',NULL,14028100,'0','REGLT VENTE KENYA AIRWAYS'),(668,'2018-04-09','B34','','RGT-17/18','','','51216000',NULL,0,'14028100','REGLT VENTE KENYA AIRWAYS'),(669,'2018-04-20','VTE AV','','0043/HSMV/18','','','41150000',NULL,0,'2953600','ANN BATPRO 0043/HSMV/18 Firoul Jean Yves (ADT)'),(670,'2018-04-20','VTE AV','','0043/HSMV/18','','','468AIRMD',NULL,1041600,'0','ANN BATPRO 0043/HSMV/18 Firoul Jean Yves (ADT)'),(671,'2018-04-20','VTE AV','','0043/HSMV/18','','','468AIRMD',NULL,1041600,'0','ANN BATPRO 0043/HSMV/18 Firoul Jean Yves (ADT)'),(672,'2018-04-20','VTE AV','','0043/HSMV/18','','','468AIRAU',NULL,672400,'0','ANN BATPRO 0043/HSMV/18 Firoul Jean Yves (ADT)'),(673,'2018-04-20','VTE AV','','0043/HSMV/18','','','70810000',NULL,165000,'0','ANN BATPRO 0043/HSMV/18 Firoul Jean Yves (ADT)'),(674,'2018-03-16','VTE AV','','0043/HSMV/18','','','44571000',NULL,33000,'0','ANN BATPRO 0043/HSMV/18 Firoul Jean Yves (ADT)'),(675,'2018-04-20','VTE AV','','0071/HSMV/18','','','41160000',NULL,1107600,'0','PART 0071/HSMV/18 Pobelete Eduardo'),(676,'2018-04-20','VTE AV','','0071/HSMV/18','','','468AIRMD',NULL,0,'1041600','PART 0071/HSMV/18 Pobelete Eduardo'),(677,'2018-04-20','VTE AV','','0071/HSMV/18','','','70810000',NULL,0,'55000','PART 0071/HSMV/18 Pobelete Eduardo'),(678,'2018-04-20','VTE AV','','0071/HSMV/18','','','44571000',NULL,0,'11000','PART 0071/HSMV/18 Pobelete Eduardo'),(679,'2018-04-20','VTE AV','','0072/HSMV/18','','','41150000',NULL,1846000,'0','BATPRO 0072/HSMV/18 Firoul Jean Yves (ADT)'),(680,'2018-04-20','VTE AV','','0072/HSMV/18','','','468AIRMD',NULL,0,'1041600','BATPRO 0072/HSMV/18 Firoul Jean Yves (ADT)'),(681,'2018-04-20','VTE AV','','0072/HSMV/18','','','468AIRAU',NULL,0,'672400','BATPRO 0072/HSMV/18 Firoul Jean Yves (ADT)'),(682,'2018-04-20','VTE AV','','0072/HSMV/18','','','70810000',NULL,0,'110000','BATPRO 0072/HSMV/18 Firoul Jean Yves (ADT)'),(683,'2018-04-20','VTE AV','','0072/HSMV/18','','','44571000',NULL,0,'22000','BATPRO 0072/HSMV/18 Firoul Jean Yves (ADT)'),(684,'2018-04-21','VTE AV','','0071/HSMV/18','','','41160000',NULL,0,'1107600','ANN PART 0071/HSMV/18 Pobelete Eduardo'),(685,'2018-04-21','VTE AV','','0071/HSMV/18','','','468AIRMD',NULL,1041600,'0','ANN PART 0071/HSMV/18 Pobelete Eduardo'),(686,'2018-04-21','VTE AV','','0071/HSMV/18','','','70810000',NULL,55000,'0','ANN PART 0071/HSMV/18 Pobelete Eduardo'),(687,'2018-04-20','VTE AV','','0071/HSMV/18','','','44571000',NULL,11000,'0','ANN PART 0071/HSMV/18 Pobelete Eduardo'),(688,'2018-04-21','VTE AV','','0073/HSMV/18','','','41160000',NULL,1107600,'0','PART 0073/HSMV/18 POBLETE Eduardo'),(689,'2018-04-21','VTE AV','','0073/HSMV/18','','','468AIRMD',NULL,0,'1041600','PART 0073/HSMV/18 POBLETE Eduardo'),(690,'2018-04-21','VTE AV','','0073/HSMV/18','','','70810000',NULL,0,'55000','PART 0073/HSMV/18 POBLETE Eduardo'),(691,'2018-04-21','VTE AV','','0073/HSMV/18','','','44571000',NULL,0,'11000','PART 0073/HSMV/18 POBLETE Eduardo'),(692,'2018-04-21','VTE','','0073/HSMV/18','','','41160000',NULL,55380,'0','PART 0073/HSMV/18 POBLETE Eduardo'),(693,'2018-04-21','VTE','','0073/HSMV/18','','','76800000',NULL,0,'55380','PART 0073/HSMV/18 POBLETE Eduardo'),(694,'2018-04-21','VTE AV','','0074/HSMV/18','','','41160000',NULL,1622700,'0','PART 0074/HSMV/18 RASOANAINA Jacquis(OLEP)'),(695,'2018-04-21','VTE AV','','0074/HSMV/18','','','468AIRMK',NULL,0,'1500300','PART 0074/HSMV/18 RASOANAINA Jacquis(OLEP)'),(696,'2018-04-21','VTE AV','','0074/HSMV/18','','','70810000',NULL,0,'102000','PART 0074/HSMV/18 RASOANAINA Jacquis(OLEP)'),(697,'2018-04-21','VTE AV','','0074/HSMV/18','','','44571000',NULL,0,'20400','PART 0074/HSMV/18 RASOANAINA Jacquis(OLEP)'),(698,'2018-04-24','VTE AV','','0075/HSMV/18','','','41160000',NULL,3221000,'0','ORIENTAL MADAGASCAR 0075/HSMV/18 JEEVAN GV'),(699,'2018-04-24','VTE AV','','0075/HSMV/18','','','468AIRMK',NULL,0,'3009800','ORIENTAL MADAGASCAR 0075/HSMV/18 JEEVAN GV'),(700,'2018-04-24','VTE AV','','0075/HSMV/18','','','70810000',NULL,0,'176000','ORIENTAL MADAGASCAR 0075/HSMV/18 JEEVAN GV'),(701,'2018-04-24','VTE AV','','0075/HSMV/18','','','44571000',NULL,0,'35200','ORIENTAL MADAGASCAR 0075/HSMV/18 JEEVAN GV'),(702,'2018-04-25','VTE AV','','0076/HSMV/18','','','41160000',NULL,3667100,'0','PART 0076/HSMV/18 MOLOU Souraya'),(703,'2018-04-25','VTE AV','','0076/HSMV/18','','','468AIRMK',NULL,0,'3493100','PART 0076/HSMV/18 MOLOU Souraya'),(704,'2018-04-25','VTE AV','','0076/HSMV/18','','','70810000',NULL,0,'145000','PART 0076/HSMV/18 MOLOU Souraya'),(705,'2018-04-25','VTE AV','','0076/HSMV/18','','','44571000',NULL,0,'29000','PART 0076/HSMV/18 MOLOU Souraya'),(706,'2018-04-25','VTE AV','','0077/HSMV/18','','','41150000',NULL,976200,'0','SIDI 0077/HSMV/18 Mrs RAMAROSON Stephanie'),(707,'2018-04-25','VTE AV','','0077/HSMV/18','','','468AIRMD',NULL,0,'910200','SIDI 0077/HSMV/18 Mrs RAMAROSON Stephanie'),(708,'2018-04-25','VTE AV','','0077/HSMV/18','','','70810000',NULL,0,'55000','SIDI 0077/HSMV/18 Mrs RAMAROSON Stephanie'),(709,'2018-04-25','VTE AV','','0077/HSMV/18','','','44571000',NULL,0,'11000','SIDI 0077/HSMV/18 Mrs RAMAROSON Stephanie'),(710,'2018-04-25','VTE AV','','0078/HSMV/18','','','41150000',NULL,507800,'0','SIDI 0078/HSMV/18 Razafimahefa Jean Yves'),(711,'2018-04-25','VTE AV','','0078/HSMV/18','','','468AIRMD',NULL,0,'453800','SIDI 0078/HSMV/18 Razafimahefa Jean Yves'),(712,'2018-04-25','VTE AV','','0078/HSMV/18','','','70810000',NULL,0,'45000','SIDI 0078/HSMV/18 Razafimahefa Jean Yves'),(713,'2018-04-25','VTE AV','','0078/HSMV/18','','','44571000',NULL,0,'9000','SIDI 0078/HSMV/18 Razafimahefa Jean Yves'),(714,'2018-04-26','VTE AV','','0079/HSMV/18','','','41160000',NULL,731500,'0','PART 0079/HSMV/18 CAMARA ANSOUMANE'),(715,'2018-04-26','VTE AV','','0079/HSMV/18','','','468KENYA',NULL,0,'641500','PART 0079/HSMV/18 CAMARA ANSOUMANE'),(716,'2018-04-26','VTE AV','','0079/HSMV/18','','','70810000',NULL,0,'75000','PART 0079/HSMV/18 CAMARA ANSOUMANE'),(717,'2018-04-26','VTE AV','','0079/HSMV/18','','','44571000',NULL,0,'15000','PART 0079/HSMV/18 CAMARA ANSOUMANE'),(718,'2018-04-26','VTE AV','','0080/HSMV/18','','','41160000',NULL,1616500,'0','PART 0080/HSMV/18 RATOLONJANAHARY Damy'),(719,'2018-04-26','VTE AV','','0080/HSMV/18','','','468AIRMK',NULL,0,'1494100','PART 0080/HSMV/18 RATOLONJANAHARY Damy'),(720,'2018-04-26','VTE AV','','0080/HSMV/18','','','70810000',NULL,0,'102000','PART 0080/HSMV/18 RATOLONJANAHARY Damy'),(721,'2018-04-26','VTE AV','','0080/HSMV/18','','','44571000',NULL,0,'20400','PART 0080/HSMV/18 RATOLONJANAHARY Damy'),(722,'2018-04-27','VTE AV','','0081/HSMV/18','','','41160000',NULL,1687600,'0','PART 0081/HSMV/18 RATOLONJANAHARY Damy'),(723,'2018-04-27','VTE AV','','0081/HSMV/18','','','468AIRMD',NULL,0,'777800','PART 0081/HSMV/18 RATOLONJANAHARY Damy'),(724,'2018-04-27','VTE AV','','0081/HSMV/18','','','468AIRMD',NULL,0,'777800','PART 0081/HSMV/18 RATOLONJANAHARY Damy'),(725,'2018-04-27','VTE AV','','0081/HSMV/18','','','70810000',NULL,0,'110000','PART 0081/HSMV/18 RATOLONJANAHARY Damy'),(726,'2018-04-27','VTE AV','','0081/HSMV/18','','','44571000',NULL,0,'22000','PART 0081/HSMV/18 RATOLONJANAHARY Damy'),(727,'2018-05-04','VTE AV','','0082/HSMV/18','','','41160000',NULL,902000,'0','DUBOIS & ASSOCIES 0082/HSMV/18 MR Ramarosaona'),(728,'2018-05-04','VTE AV','','0082/HSMV/18','','','468AIRMD',NULL,0,'836000','DUBOIS & ASSOCIES 0082/HSMV/18 MR Ramarosaona'),(729,'2018-05-04','VTE AV','','0082/HSMV/18','','','70810000',NULL,0,'55000','DUBOIS & ASSOCIES 0082/HSMV/18 MR Ramarosaona'),(730,'2018-05-04','VTE AV','','0082/HSMV/18','','','44571000',NULL,0,'11000','DUBOIS & ASSOCIES 0082/HSMV/18 MR Ramarosaona'),(731,'2018-05-04','VTE AV','','0083/HSMV/18','','','41150000',NULL,4852500,'0','PART 0083/HSMV/18 ANDRIANASOLO Renaud'),(732,'2018-05-04','VTE AV','','0083/HSMV/18','','','468AIRMK',NULL,0,'1501300','PART 0083/HSMV/18 ANDRIANASOLO Renaud'),(733,'2018-05-04','VTE AV','','0083/HSMV/18','','','468AIRMK',NULL,0,'1492000','PART 0083/HSMV/18 ANDRIANASOLO Renaud'),(734,'2018-05-04','VTE AV','','0083/HSMV/18','','','468AIRMK',NULL,0,'1492000','PART 0083/HSMV/18 ANDRIANASOLO Renaud'),(735,'2018-05-04','VTE AV','','0083/HSMV/18','','','70810000',NULL,0,'306000','PART 0083/HSMV/18 ANDRIANASOLO Renaud'),(736,'2018-05-04','VTE AV','','0083/HSMV/18','','','44571000',NULL,0,'61200','PART 0083/HSMV/18 ANDRIANASOLO Renaud'),(737,'2018-05-07','VTE AV','','0084/HSMV/18','','','41160000',NULL,879600,'0','HOME BUILDERS SARL 0084/HSMV/18 MRS Andriamiaranarivo'),(738,'2018-05-07','VTE AV','','0084/HSMV/18','','','468AIRMD',NULL,0,'813600','HOME BUILDERS SARL 0084/HSMV/18 MRS Andriamiaranarivo'),(739,'2018-05-07','VTE AV','','0084/HSMV/18','','','70810000',NULL,0,'55000','HOME BUILDERS SARL 0084/HSMV/18 MRS Andriamiaranarivo'),(740,'2018-05-07','VTE AV','','0084/HSMV/18','','','44571000',NULL,0,'11000','HOME BUILDERS SARL 0084/HSMV/18 MRS Andriamiaranarivo'),(741,'2018-05-07','VTE AV','','0085/HSMV/18','','','41150000',NULL,750200,'0','CIMELTA 0085/HSMV/18 Andrianjanahary (ADT)'),(742,'2018-05-07','VTE AV','','0085/HSMV/18','','','468AIRMD',NULL,0,'684200','CIMELTA 0085/HSMV/18 Andrianjanahary (ADT)'),(743,'2018-05-07','VTE AV','','0085/HSMV/18','','','70810000',NULL,0,'55000','CIMELTA 0085/HSMV/18 Andrianjanahary (ADT)'),(744,'2018-05-07','VTE AV','','0085/HSMV/18','','','44571000',NULL,0,'11000','CIMELTA 0085/HSMV/18 Andrianjanahary (ADT)'),(745,'2018-05-08','VTE AV','','0086/HSMV/18','','','41150000',NULL,868300,'0','CIMELTA 0086/HSMV/18 MR Randrianjafimanana'),(746,'2018-05-08','VTE AV','','0086/HSMV/18','','','468AIRMD',NULL,0,'802300','CIMELTA 0086/HSMV/18 MR Randrianjafimanana'),(747,'2018-05-08','VTE AV','','0086/HSMV/18','','','70810000',NULL,0,'55000','CIMELTA 0086/HSMV/18 MR Randrianjafimanana'),(748,'2018-05-08','VTE AV','','0086/HSMV/18','','','44571000',NULL,0,'11000','CIMELTA 0086/HSMV/18 MR Randrianjafimanana'),(749,'2018-05-09','VTE AV','','0087/HSMV/18','','','41160000',NULL,442500,'0','HOME BUILDERS SARL 0087/HSMV/18 MR Thaina Joary Nantenaina'),(750,'2018-05-09','VTE AV','','0087/HSMV/18','','','468AIRMD',NULL,0,'388500','HOME BUILDERS SARL 0087/HSMV/18 MR Thaina Joary Nantenaina'),(751,'2018-05-09','VTE AV','','0087/HSMV/18','','','70810000',NULL,0,'45000','HOME BUILDERS SARL 0087/HSMV/18 MR Thaina Joary Nantenaina'),(752,'2018-05-09','VTE AV','','0087/HSMV/18','','','44571000',NULL,0,'9000','HOME BUILDERS SARL 0087/HSMV/18 MR Thaina Joary Nantenaina'),(753,'2018-05-11','VTE AV','','0088/HSMV/18','','','41150000',NULL,2532500,'0','PART 0088/HSMV/18 DUBOIS Jean Claude'),(754,'2018-05-11','VTE AV','','0088/HSMV/18','','','468KENYA',NULL,0,'2478500','PART 0088/HSMV/18 DUBOIS Jean Claude'),(755,'2018-05-11','VTE AV','','0088/HSMV/18','','','70810000',NULL,0,'45000','PART 0088/HSMV/18 DUBOIS Jean Claude'),(756,'2018-05-11','VTE AV','','0088/HSMV/18','','','44571000',NULL,0,'9000','PART 0088/HSMV/18 DUBOIS Jean Claude'),(757,'2018-05-11','VTE AV','','0088/HSMV/18','','','41150000',NULL,0,'2532500','ANN PART 0088/HSMV/18 DUBOIS Jean Claude'),(758,'2018-05-11','VTE AV','','0088/HSMV/18','','','468KENYA',NULL,2478500,'0','ANN PART 0088/HSMV/18 DUBOIS Jean Claude'),(759,'2018-05-11','VTE AV','','0088/HSMV/18','','','70810000',NULL,45000,'0','ANN PART 0088/HSMV/18 DUBOIS Jean Claude'),(760,'2018-05-11','VTE AV','','0088/HSMV/18','','','44571000',NULL,9000,'0','ANN PART 0088/HSMV/18 DUBOIS Jean Claude'),(761,'2018-05-11','VTE AV','','0088/HSMV/18','','','41150000',NULL,2652500,'0','PART 0088/HSMV/18 DUBOIS Jean Claude'),(762,'2018-05-11','VTE AV','','0088/HSMV/18','','','468KENYA',NULL,0,'2478500','PART 0088/HSMV/18 DUBOIS Jean Claude'),(763,'2018-05-11','VTE AV','','0088/HSMV/18','','','70810000',NULL,0,'145000','PART 0088/HSMV/18 DUBOIS Jean Claude'),(764,'2018-05-11','VTE AV','','0088/HSMV/18','','','44571000',NULL,0,'29000','PART 0088/HSMV/18 DUBOIS Jean Claude'),(765,'2018-05-15','VTE AV','','0089/HSMV/18','','','41160000',NULL,1339700,'0','DANI FOODS 0089/HSMV/18 Kuriyeri Sophie Garcia'),(766,'2018-05-15','VTE AV','','0089/HSMV/18','','','468AIRMD',NULL,0,'241400','DANI FOODS 0089/HSMV/18 Kuriyeri Sophie Garcia'),(767,'2018-05-15','VTE AV','','0089/HSMV/18','','','468AIRMD',NULL,0,'241400','DANI FOODS 0089/HSMV/18 Kuriyeri Sophie Garcia'),(768,'2018-05-15','VTE AV','','0089/HSMV/18','','','468AIRMD',NULL,0,'682900','DANI FOODS 0089/HSMV/18 Kuriyeri Sophie Garcia'),(769,'2018-05-15','VTE AV','','0089/HSMV/18','','','70810000',NULL,0,'145000','DANI FOODS 0089/HSMV/18 Kuriyeri Sophie Garcia'),(770,'2018-05-15','VTE AV','','0089/HSMV/18','','','44571000',NULL,0,'29000','DANI FOODS 0089/HSMV/18 Kuriyeri Sophie Garcia'),(771,'2018-05-15','VTE AV','','0090/HSMV/18','','','41160000',NULL,496200,'0','DANI FOODS 0090/HSMV/18 Fihononana Seheno (ADT)'),(772,'2018-05-15','VTE AV','','0090/HSMV/18','','','468AIRMD',NULL,0,'388200','DANI FOODS 0090/HSMV/18 Fihononana Seheno (ADT)'),(773,'2018-05-15','VTE AV','','0090/HSMV/18','','','468AIRMD',NULL,0,'0','DANI FOODS 0090/HSMV/18 Fihononana Seheno (ADT)'),(774,'2018-05-15','VTE AV','','0090/HSMV/18','','','70810000',NULL,0,'90000','DANI FOODS 0090/HSMV/18 Fihononana Seheno (ADT)'),(775,'2018-05-15','VTE AV','','0090/HSMV/18','','','44571000',NULL,0,'18000','DANI FOODS 0090/HSMV/18 Fihononana Seheno (ADT)'),(776,'2018-05-15','VTE AV','','0091/HSMV/18','','','41160000',NULL,4349800,'0','PART 0091/HSMV/18 RAMANANA Esthor'),(777,'2018-05-15','VTE AV','','0091/HSMV/18','','','468AIRMK',NULL,0,'4138600','PART 0091/HSMV/18 RAMANANA Esthor'),(778,'2018-05-15','VTE AV','','0091/HSMV/18','','','70810000',NULL,0,'176000','PART 0091/HSMV/18 RAMANANA Esthor'),(779,'2018-05-15','VTE AV','','0091/HSMV/18','','','44571000',NULL,0,'35200','PART 0091/HSMV/18 RAMANANA Esthor'),(780,'2018-05-16','VTE AV','','0092/HSMV/18','','','41160000',NULL,302600,'0','PART 0092/HSMV/18 RATOLONJANAHARY Damy'),(781,'2018-05-16','VTE AV','','0092/HSMV/18','','','468AIRMD',NULL,0,'248600','PART 0092/HSMV/18 RATOLONJANAHARY Damy'),(782,'2018-05-16','VTE AV','','0092/HSMV/18','','','70810000',NULL,0,'45000','PART 0092/HSMV/18 RATOLONJANAHARY Damy'),(783,'2018-05-16','VTE AV','','0092/HSMV/18','','','44571000',NULL,0,'9000','PART 0092/HSMV/18 RATOLONJANAHARY Damy'),(784,'2018-05-17','VTE AV','','0093/HSMV/18','','','41160000',NULL,3810700,'0','DELTA AUDIT & ASSOCIES 0093/HSMV/18 N GBICHI Jean Marie'),(785,'2018-05-17','VTE AV','','0093/HSMV/18','','','468AIRMD',NULL,0,'1329900','DELTA AUDIT & ASSOCIES 0093/HSMV/18 N GBICHI Jean Marie'),(786,'2018-05-17','VTE AV','','0093/HSMV/18','','','468AIRMD',NULL,0,'1329900','DELTA AUDIT & ASSOCIES 0093/HSMV/18 N GBICHI Jean Marie'),(787,'2018-05-17','VTE AV','','0093/HSMV/18','','','468AIRMD',NULL,0,'50000','DELTA AUDIT & ASSOCIES 0093/HSMV/18 N GBICHI Jean Marie'),(788,'2018-05-17','VTE AV','','0093/HSMV/18','','','468AIRMD',NULL,0,'812900','DELTA AUDIT & ASSOCIES 0093/HSMV/18 N GBICHI Jean Marie'),(789,'2018-05-17','VTE AV','','0093/HSMV/18','','','70810000',NULL,0,'240000','DELTA AUDIT & ASSOCIES 0093/HSMV/18 N GBICHI Jean Marie'),(790,'2018-05-17','VTE AV','','0093/HSMV/18','','','44571000',NULL,0,'48000','DELTA AUDIT & ASSOCIES 0093/HSMV/18 N GBICHI Jean Marie'),(791,'2018-05-17','VTE AV','','0093/HSMV/18','','','41160000',NULL,0,'3810700','ANN DELTA AUDIT & ASSOCIES 0093/HSMV/18 N GBICHI Jean Marie'),(792,'2018-05-17','VTE AV','','0093/HSMV/18','','','468AIRMD',NULL,1329900,'0','ANN DELTA AUDIT & ASSOCIES 0093/HSMV/18 N GBICHI Jean Marie'),(793,'2018-05-17','VTE AV','','0093/HSMV/18','','','468AIRMD',NULL,1329900,'0','ANN DELTA AUDIT & ASSOCIES 0093/HSMV/18 N GBICHI Jean Marie'),(794,'2018-05-17','VTE AV','','0093/HSMV/18','','','468AIRMD',NULL,50000,'0','ANN DELTA AUDIT & ASSOCIES 0093/HSMV/18 N GBICHI Jean Marie'),(795,'2018-05-17','VTE AV','','0093/HSMV/18','','','468AIRMD',NULL,812900,'0','ANN DELTA AUDIT & ASSOCIES 0093/HSMV/18 N GBICHI Jean Marie'),(796,'2018-05-17','VTE AV','','0093/HSMV/18','','','70810000',NULL,240000,'0','ANN DELTA AUDIT & ASSOCIES 0093/HSMV/18 N GBICHI Jean Marie'),(797,'2018-05-17','VTE AV','','0093/HSMV/18','','','44571000',NULL,48000,'0','ANN DELTA AUDIT & ASSOCIES 0093/HSMV/18 N GBICHI Jean Marie'),(798,'2018-05-17','VTE AV','','0093/HSMV/18','','','41160000',NULL,3786700,'0','DELTA AUDIT & ASSOCIES 0093/HSMV/18 N GBICHI Jean Marie'),(799,'2018-05-17','VTE AV','','0093/HSMV/18','','','468AIRMD',NULL,0,'1329900','DELTA AUDIT & ASSOCIES 0093/HSMV/18 N GBICHI Jean Marie'),(800,'2018-05-17','VTE AV','','0093/HSMV/18','','','468AIRMD',NULL,0,'1329900','DELTA AUDIT & ASSOCIES 0093/HSMV/18 N GBICHI Jean Marie'),(801,'2018-05-17','VTE AV','','0093/HSMV/18','','','468AIRMD',NULL,0,'812900','DELTA AUDIT & ASSOCIES 0093/HSMV/18 N GBICHI Jean Marie'),(802,'2018-05-17','VTE AV','','0093/HSMV/18','','','468AIRMD',NULL,0,'50000','DELTA AUDIT & ASSOCIES 0093/HSMV/18 N GBICHI Jean Marie'),(803,'2018-05-17','VTE AV','','0093/HSMV/18','','','70810000',NULL,0,'220000','DELTA AUDIT & ASSOCIES 0093/HSMV/18 N GBICHI Jean Marie'),(804,'2018-05-17','VTE AV','','0093/HSMV/18','','','44571000',NULL,0,'44000','DELTA AUDIT & ASSOCIES 0093/HSMV/18 N GBICHI Jean Marie'),(805,'2018-05-17','VTE AV','','0094/HSMV/18','','','41160000',NULL,944900,'0','PART 0094/HSMV/18 RAMANANKONENANA Liantsoa Mendrika'),(806,'2018-05-17','VTE AV','','0094/HSMV/18','','','468AIRMD',NULL,0,'812900','PART 0094/HSMV/18 RAMANANKONENANA Liantsoa Mendrika'),(807,'2018-05-17','VTE AV','','0094/HSMV/18','','','468AIRMD',NULL,0,'0','PART 0094/HSMV/18 RAMANANKONENANA Liantsoa Mendrika'),(808,'2018-05-17','VTE AV','','0094/HSMV/18','','','70810000',NULL,0,'110000','PART 0094/HSMV/18 RAMANANKONENANA Liantsoa Mendrika'),(809,'2018-05-17','VTE AV','','0094/HSMV/18','','','44571000',NULL,0,'22000','PART 0094/HSMV/18 RAMANANKONENANA Liantsoa Mendrika'),(810,'2018-05-17','VTE AV','','0095/HSMV/18','','','41160000',NULL,3698850,'0','PART 0095/HSMV/18 CAMARA ANSOUMANE'),(811,'2018-05-17','VTE AV','','0095/HSMV/18','','','468ETHIO',NULL,0,'3487650','PART 0095/HSMV/18 CAMARA ANSOUMANE'),(812,'2018-05-17','VTE AV','','0095/HSMV/18','','','70810000',NULL,0,'176000','PART 0095/HSMV/18 CAMARA ANSOUMANE'),(813,'2018-05-17','VTE AV','','0095/HSMV/18','','','44571000',NULL,0,'35200','PART 0095/HSMV/18 CAMARA ANSOUMANE'),(814,'2018-05-21','VTE AV','','0096/HSMV/18','','','41160000',NULL,430200,'0','PART 0096/HSMV/18 RASOANAIVO Etienne Solomampionona'),(815,'2018-05-21','VTE AV','','0096/HSMV/18','','','468AIRMD',NULL,0,'376200','PART 0096/HSMV/18 RASOANAIVO Etienne Solomampionona'),(816,'2018-05-21','VTE AV','','0096/HSMV/18','','','70810000',NULL,0,'45000','PART 0096/HSMV/18 RASOANAIVO Etienne Solomampionona'),(817,'2018-05-21','VTE AV','','0096/HSMV/18','','','44571000',NULL,0,'9000','PART 0096/HSMV/18 RASOANAIVO Etienne Solomampionona'),(818,'2018-05-25','VTE AV','','0097/HSMV/18','','','41150000',NULL,7197100,'0','SIDI 0097/HSMV/18 MR Deiber Rene (ADT)'),(819,'2018-05-25','VTE AV','','0097/HSMV/18','','','468AIRMD',NULL,0,'6948100','SIDI 0097/HSMV/18 MR Deiber Rene (ADT)'),(820,'2018-05-25','VTE AV','','0097/HSMV/18','','','70810000',NULL,0,'207500','SIDI 0097/HSMV/18 MR Deiber Rene (ADT)'),(821,'2018-05-25','VTE AV','','0097/HSMV/18','','','44571000',NULL,0,'41500','SIDI 0097/HSMV/18 MR Deiber Rene (ADT)'),(822,'2018-05-25','VTE AV','','0098/HSMV/18','','','41150000',NULL,7995800,'0','EDEN  NOVOTEL 0098/HSMV/18 MRS Charbonnier Michelle'),(823,'2018-05-25','VTE AV','','0098/HSMV/18','','','468AIRMD',NULL,0,'3786700','EDEN  NOVOTEL 0098/HSMV/18 MRS Charbonnier Michelle'),(824,'2018-05-25','VTE AV','','0098/HSMV/18','','','468AIRMD',NULL,0,'3786700','EDEN  NOVOTEL 0098/HSMV/18 MRS Charbonnier Michelle'),(825,'2018-05-25','VTE AV','','0098/HSMV/18','','','70810000',NULL,0,'352000','EDEN  NOVOTEL 0098/HSMV/18 MRS Charbonnier Michelle'),(826,'2018-05-25','VTE AV','','0098/HSMV/18','','','44571000',NULL,0,'70400','EDEN  NOVOTEL 0098/HSMV/18 MRS Charbonnier Michelle'),(827,'2018-05-25','VTE AV','','0099/HSMV/18','','','41150000',NULL,13027900,'0','EDEN  NOVOTEL 0099/HSMV/18 MR Mathe Patrice (ADT)'),(828,'2018-05-25','VTE AV','','0099/HSMV/18','','','468AIRMD',NULL,0,'12703900','EDEN  NOVOTEL 0099/HSMV/18 MR Mathe Patrice (ADT)'),(829,'2018-05-25','VTE AV','','0099/HSMV/18','','','70810000',NULL,0,'270000','EDEN  NOVOTEL 0099/HSMV/18 MR Mathe Patrice (ADT)'),(830,'2018-05-25','VTE AV','','0099/HSMV/18','','','44571000',NULL,0,'54000','EDEN  NOVOTEL 0099/HSMV/18 MR Mathe Patrice (ADT)'),(831,'2018-05-28','VTE AV','','0100/HSMV/18','','','41150000',NULL,7049800,'0','CIMELTA 0100/HSMV/18 ARRIVE Andre'),(832,'2018-05-28','VTE AV','','0100/HSMV/18','','','468TURK0',NULL,0,'3313700','CIMELTA 0100/HSMV/18 ARRIVE Andre'),(833,'2018-05-28','VTE AV','','0100/HSMV/18','','','468TURK0',NULL,0,'3313700','CIMELTA 0100/HSMV/18 ARRIVE Andre'),(834,'2018-05-28','VTE AV','','0100/HSMV/18','','','70810000',NULL,0,'352000','CIMELTA 0100/HSMV/18 ARRIVE Andre'),(835,'2018-05-28','VTE AV','','0100/HSMV/18','','','44571000',NULL,0,'70400','CIMELTA 0100/HSMV/18 ARRIVE Andre'),(836,'2018-05-30','VTE AV','','0101/HSMV/18','','','41150000',NULL,5412400,'0','CIMELTA 0101/HSMV/18 RAYMOND Cynthia Mialy'),(837,'2018-05-30','VTE AV','','0101/HSMV/18','','','468TURK0',NULL,0,'3946000','CIMELTA 0101/HSMV/18 RAYMOND Cynthia Mialy'),(838,'2018-05-30','VTE AV','','0101/HSMV/18','','','468TURK0',NULL,0,'561600','CIMELTA 0101/HSMV/18 RAYMOND Cynthia Mialy'),(839,'2018-05-30','VTE AV','','0101/HSMV/18','','','468TURK0',NULL,0,'561600','CIMELTA 0101/HSMV/18 RAYMOND Cynthia Mialy'),(840,'2018-05-30','VTE AV','','0101/HSMV/18','','','70810000',NULL,0,'286000','CIMELTA 0101/HSMV/18 RAYMOND Cynthia Mialy'),(841,'2018-05-30','VTE AV','','0101/HSMV/18','','','44571000',NULL,0,'57200','CIMELTA 0101/HSMV/18 RAYMOND Cynthia Mialy'),(842,'2018-06-05','VTE AV','','0102/HSMV/18','','','41150000',NULL,704800,'0','PART 0102/HSMV/18 SOMUTTE KONE Christian'),(843,'2018-06-05','VTE AV','','0102/HSMV/18','','','468AIRMD',NULL,0,'298400','PART 0102/HSMV/18 SOMUTTE KONE Christian'),(844,'2018-06-05','VTE AV','','0102/HSMV/18','','','468AIRMD',NULL,0,'298400','PART 0102/HSMV/18 SOMUTTE KONE Christian'),(845,'2018-06-05','VTE AV','','0102/HSMV/18','','','70810000',NULL,0,'90000','PART 0102/HSMV/18 SOMUTTE KONE Christian'),(846,'2018-06-05','VTE AV','','0102/HSMV/18','','','44571000',NULL,0,'18000','PART 0102/HSMV/18 SOMUTTE KONE Christian'),(847,'2018-06-05','VTE AV','','0103/HSMV/18','','','41150000',NULL,4204100,'0','PART 0103/HSMV/18 DUBOIS Jean Claude'),(848,'2018-06-05','VTE AV','','0103/HSMV/18','','','468AIRFR',NULL,0,'3992900','PART 0103/HSMV/18 DUBOIS Jean Claude'),(849,'2018-06-05','VTE AV','','0103/HSMV/18','','','70810000',NULL,0,'176000','PART 0103/HSMV/18 DUBOIS Jean Claude'),(850,'2018-06-05','VTE AV','','0103/HSMV/18','','','44571000',NULL,0,'35200','PART 0103/HSMV/18 DUBOIS Jean Claude'),(851,'2018-06-08','VTE AV','','0104/HSMV/18','','','41160000',NULL,1673200,'0','PART 0104/HSMV/18 RANDRIANANTOANDRO Harisolo'),(852,'2018-06-08','VTE AV','','0104/HSMV/18','','','468AIRMK',NULL,0,'1550800','PART 0104/HSMV/18 RANDRIANANTOANDRO Harisolo'),(853,'2018-06-08','VTE AV','','0104/HSMV/18','','','70810000',NULL,0,'102000','PART 0104/HSMV/18 RANDRIANANTOANDRO Harisolo'),(854,'2018-06-08','VTE AV','','0104/HSMV/18','','','44571000',NULL,0,'20400','PART 0104/HSMV/18 RANDRIANANTOANDRO Harisolo'),(855,'2018-06-08','VTE AV','','0105/HSMV/18','','','41150000',NULL,922100,'0','CIMELTA 0105/HSMV/18 MR Randrianjafimanana Samisoa'),(856,'2018-06-08','VTE AV','','0105/HSMV/18','','','468AIRMD',NULL,0,'856100','CIMELTA 0105/HSMV/18 MR Randrianjafimanana Samisoa'),(857,'2018-06-08','VTE AV','','0105/HSMV/18','','','70810000',NULL,0,'55000','CIMELTA 0105/HSMV/18 MR Randrianjafimanana Samisoa'),(858,'2018-06-08','VTE AV','','0105/HSMV/18','','','44571000',NULL,0,'11000','CIMELTA 0105/HSMV/18 MR Randrianjafimanana Samisoa'),(859,'2018-06-11','VTE AV','','0106/HSMV/18','','','41160000',NULL,898100,'0','PART 0106/HSMV/18 FENOZANANY AMANDA'),(860,'2018-06-11','VTE AV','','0106/HSMV/18','','','468AIRMD',NULL,0,'844100','PART 0106/HSMV/18 FENOZANANY AMANDA'),(861,'2018-06-11','VTE AV','','0106/HSMV/18','','','70810000',NULL,0,'45000','PART 0106/HSMV/18 FENOZANANY AMANDA'),(862,'2018-06-11','VTE AV','','0106/HSMV/18','','','44571000',NULL,0,'9000','PART 0106/HSMV/18 FENOZANANY AMANDA'),(863,'2018-06-11','VTE AV','','0107/HSMV/18','','','41160000',NULL,169700,'0','PART 0107/HSMV/18 RAMANANKONENANA Liantsoa Mendrika'),(864,'2018-06-11','VTE AV','','0107/HSMV/18','','','468AIRMD',NULL,0,'79700','PART 0107/HSMV/18 RAMANANKONENANA Liantsoa Mendrika'),(865,'2018-06-11','VTE AV','','0107/HSMV/18','','','70810000',NULL,0,'75000','PART 0107/HSMV/18 RAMANANKONENANA Liantsoa Mendrika'),(866,'2018-06-11','VTE AV','','0107/HSMV/18','','','44571000',NULL,0,'15000','PART 0107/HSMV/18 RAMANANKONENANA Liantsoa Mendrika'),(867,'2018-06-11','VTE AV','','0107/HSMV/18','','','41160000',NULL,0,'169700','ANN PART 0107/HSMV/18 RAMANANKONENANA Liantsoa Mendrika'),(868,'2018-06-11','VTE AV','','0107/HSMV/18','','','468AIRMD',NULL,79700,'0','ANN PART 0107/HSMV/18 RAMANANKONENANA Liantsoa Mendrika'),(869,'2018-06-11','VTE AV','','0107/HSMV/18','','','70810000',NULL,75000,'0','ANN PART 0107/HSMV/18 RAMANANKONENANA Liantsoa Mendrika'),(870,'2018-06-11','VTE AV','','0107/HSMV/18','','','44571000',NULL,15000,'0','ANN PART 0107/HSMV/18 RAMANANKONENANA Liantsoa Mendrika'),(871,'2018-06-11','VTE AV','','0107/HSMV/18','','','41160000',NULL,145700,'0','PART 0107/HSMV/18 RAMANANKONENANA Liantsoa Mendrika'),(872,'2018-06-11','VTE AV','','0107/HSMV/18','','','468AIRMD',NULL,0,'79700','PART 0107/HSMV/18 RAMANANKONENANA Liantsoa Mendrika'),(873,'2018-06-11','VTE AV','','0107/HSMV/18','','','70810000',NULL,0,'55000','PART 0107/HSMV/18 RAMANANKONENANA Liantsoa Mendrika'),(874,'2018-06-11','VTE AV','','0107/HSMV/18','','','44571000',NULL,0,'11000','PART 0107/HSMV/18 RAMANANKONENANA Liantsoa Mendrika'),(875,'2018-06-11','VTE AV','','0108/HSMV/18','','','41160000',NULL,145700,'0','DELTA AUDIT & ASSOCIES 0108/HSMV/18 RAMANANKONENANA Liantsoa Mendrika'),(876,'2018-06-11','VTE AV','','0108/HSMV/18','','','468AIRMD',NULL,0,'79700','DELTA AUDIT & ASSOCIES 0108/HSMV/18 RAMANANKONENANA Liantsoa Mendrika'),(877,'2018-06-11','VTE AV','','0108/HSMV/18','','','70810000',NULL,0,'55000','DELTA AUDIT & ASSOCIES 0108/HSMV/18 RAMANANKONENANA Liantsoa Mendrika'),(878,'2018-06-11','VTE AV','','0108/HSMV/18','','','44571000',NULL,0,'11000','DELTA AUDIT & ASSOCIES 0108/HSMV/18 RAMANANKONENANA Liantsoa Mendrika'),(879,'2018-06-15','VTE AV','','0109/HSMV/18','','','41150000',NULL,3810600,'0','PART 0109/HSMV/18 DUBOIS Jean Claude'),(880,'2018-06-15','VTE AV','','0109/HSMV/18','','','468TURK0',NULL,0,'3599400','PART 0109/HSMV/18 DUBOIS Jean Claude'),(881,'2018-06-15','VTE AV','','0109/HSMV/18','','','70810000',NULL,0,'176000','PART 0109/HSMV/18 DUBOIS Jean Claude'),(882,'2018-06-15','VTE AV','','0109/HSMV/18','','','44571000',NULL,0,'35200','PART 0109/HSMV/18 DUBOIS Jean Claude'),(883,'2018-06-15','VTE AV','','0110/HSMV/18','','','41160000',NULL,4571000,'0','PART 0110/HSMV/18 TESOKA Laurent'),(884,'2018-06-15','VTE AV','','0110/HSMV/18','','','468AIRMD',NULL,0,'2940900','PART 0110/HSMV/18 TESOKA Laurent'),(885,'2018-06-15','VTE AV','','0110/HSMV/18','','','468AIRMD',NULL,0,'1498100','PART 0110/HSMV/18 TESOKA Laurent'),(886,'2018-06-15','VTE AV','','0110/HSMV/18','','','70810000',NULL,0,'110000','PART 0110/HSMV/18 TESOKA Laurent'),(887,'2018-06-15','VTE AV','','0110/HSMV/18','','','44571000',NULL,0,'22000','PART 0110/HSMV/18 TESOKA Laurent'),(888,'2018-06-15','VTE','','0110/HSMV/18','','','41160000',NULL,228550,'0','PART 0110/HSMV/18 TESOKA Laurent'),(889,'2018-06-15','VTE','','0110/HSMV/18','','','76800000',NULL,0,'228550','PART 0110/HSMV/18 TESOKA Laurent'),(890,'2018-06-16','VTE AV','','0111/HSMV/18','','','41160000',NULL,899400,'0','PART 0111/HSMV/18 RAVELOMANANTSOA Odon Bertrand'),(891,'2018-06-16','VTE AV','','0111/HSMV/18','','','468AIRMD',NULL,0,'845400','PART 0111/HSMV/18 RAVELOMANANTSOA Odon Bertrand'),(892,'2018-06-16','VTE AV','','0111/HSMV/18','','','70810000',NULL,0,'45000','PART 0111/HSMV/18 RAVELOMANANTSOA Odon Bertrand'),(893,'2018-06-16','VTE AV','','0111/HSMV/18','','','44571000',NULL,0,'9000','PART 0111/HSMV/18 RAVELOMANANTSOA Odon Bertrand'),(894,'2018-06-18','VTE AV','','0112/HSMV/18','','','41150000',NULL,894800,'0','SIDEF 0112/HSMV/18 MR Randriamandimbison'),(895,'2018-06-18','VTE AV','','0112/HSMV/18','','','468AIRMD',NULL,0,'828800','SIDEF 0112/HSMV/18 MR Randriamandimbison'),(896,'2018-06-18','VTE AV','','0112/HSMV/18','','','70810000',NULL,0,'55000','SIDEF 0112/HSMV/18 MR Randriamandimbison'),(897,'2018-06-18','VTE AV','','0112/HSMV/18','','','44571000',NULL,0,'11000','SIDEF 0112/HSMV/18 MR Randriamandimbison'),(898,'2018-06-18','VTE AV','','0113/HSMV/18','','','41150000',NULL,765400,'0','TROPICAL FRUIT 0113/HSMV/18 MR Ramarijaona Jean Yves'),(899,'2018-06-18','VTE AV','','0113/HSMV/18','','','468AIRMD',NULL,0,'699400','TROPICAL FRUIT 0113/HSMV/18 MR Ramarijaona Jean Yves'),(900,'2018-06-18','VTE AV','','0113/HSMV/18','','','70810000',NULL,0,'55000','TROPICAL FRUIT 0113/HSMV/18 MR Ramarijaona Jean Yves'),(901,'2018-06-18','VTE AV','','0113/HSMV/18','','','44571000',NULL,0,'11000','TROPICAL FRUIT 0113/HSMV/18 MR Ramarijaona Jean Yves'),(902,'2018-06-19','VTE AV','','0114/HSMV/18','','','41160000',NULL,987800,'0','PART 0114/HSMV/18 CAMARA ANSOUMANE'),(903,'2018-06-19','VTE AV','','0114/HSMV/18','','','468AIRMD',NULL,0,'921800','PART 0114/HSMV/18 CAMARA ANSOUMANE'),(904,'2018-06-19','VTE AV','','0114/HSMV/18','','','70810000',NULL,0,'55000','PART 0114/HSMV/18 CAMARA ANSOUMANE'),(905,'2018-06-19','VTE AV','','0114/HSMV/18','','','44571000',NULL,0,'11000','PART 0114/HSMV/18 CAMARA ANSOUMANE'),(906,'2018-06-19','VTE AV','','0115/HSMV/18','','','41160000',NULL,1264900,'0','PART 0115/HSMV/18 FENOZANANY AMANDA'),(907,'2018-06-19','VTE AV','','0115/HSMV/18','','','468AIRMD',NULL,0,'1198900','PART 0115/HSMV/18 FENOZANANY AMANDA'),(908,'2018-06-19','VTE AV','','0115/HSMV/18','','','70810000',NULL,0,'55000','PART 0115/HSMV/18 FENOZANANY AMANDA'),(909,'2018-06-19','VTE AV','','0115/HSMV/18','','','44571000',NULL,0,'11000','PART 0115/HSMV/18 FENOZANANY AMANDA'),(910,'2018-06-21','VTE AV','','0116/HSMV/18','','','41150000',NULL,891700,'0','CIMELTA 0116/HSMV/18 MR RAMAMONJISOA Dieudonne'),(911,'2018-06-21','VTE AV','','0116/HSMV/18','','','468AIRMD',NULL,0,'825700','CIMELTA 0116/HSMV/18 MR RAMAMONJISOA Dieudonne'),(912,'2018-06-21','VTE AV','','0116/HSMV/18','','','70810000',NULL,0,'55000','CIMELTA 0116/HSMV/18 MR RAMAMONJISOA Dieudonne'),(913,'2018-06-21','VTE AV','','0116/HSMV/18','','','44571000',NULL,0,'11000','CIMELTA 0116/HSMV/18 MR RAMAMONJISOA Dieudonne'),(914,'2018-06-22','VTE AV','','0117/HSMV/18','','','41150000',NULL,891700,'0','BATPRO 0117/HSMV/18 MR Ravelojaona Jose (ADT)'),(915,'2018-06-22','VTE AV','','0117/HSMV/18','','','468AIRMD',NULL,0,'825700','BATPRO 0117/HSMV/18 MR Ravelojaona Jose (ADT)'),(916,'2018-06-22','VTE AV','','0117/HSMV/18','','','70810000',NULL,0,'55000','BATPRO 0117/HSMV/18 MR Ravelojaona Jose (ADT)'),(917,'2018-06-22','VTE AV','','0117/HSMV/18','','','44571000',NULL,0,'11000','BATPRO 0117/HSMV/18 MR Ravelojaona Jose (ADT)'),(918,'2018-06-22','VTE AV','','0118/HSMV/18','','','41160000',NULL,762300,'0','PART 0118/HSMV/18 RAZAFINDRAJOHA Fatimanirina Theodile'),(919,'2018-06-22','VTE AV','','0118/HSMV/18','','','468AIRMD',NULL,0,'696300','PART 0118/HSMV/18 RAZAFINDRAJOHA Fatimanirina Theodile'),(920,'2018-06-22','VTE AV','','0118/HSMV/18','','','70810000',NULL,0,'55000','PART 0118/HSMV/18 RAZAFINDRAJOHA Fatimanirina Theodile'),(921,'2018-06-22','VTE AV','','0118/HSMV/18','','','44571000',NULL,0,'11000','PART 0118/HSMV/18 RAZAFINDRAJOHA Fatimanirina Theodile'),(922,'2018-06-22','VTE','','0118/HSMV/18','','','41160000',NULL,38115,'0','PART 0118/HSMV/18 RAZAFINDRAJOHA Fatimanirina Theodile'),(923,'2018-06-22','VTE','','0118/HSMV/18','','','76800000',NULL,0,'38115','PART 0118/HSMV/18 RAZAFINDRAJOHA Fatimanirina Theodile'),(924,'2018-06-22','VTE AV','','0119/HSMV/18','','','41150000',NULL,2438200,'0','PART 0119/HSMV/18 DUBOIS Jean Claude'),(925,'2018-06-22','VTE AV','','0119/HSMV/18','','','468TURK0',NULL,0,'2227000','PART 0119/HSMV/18 DUBOIS Jean Claude'),(926,'2018-06-22','VTE AV','','0119/HSMV/18','','','70810000',NULL,0,'176000','PART 0119/HSMV/18 DUBOIS Jean Claude'),(927,'2018-06-22','VTE AV','','0119/HSMV/18','','','44571000',NULL,0,'35200','PART 0119/HSMV/18 DUBOIS Jean Claude'),(928,'2018-06-25','VTE AV','','0120/HSMV/18','','','41160000',NULL,434700,'0','PART 0120/HSMV/18 RATOLONJANAHARY Damy'),(929,'2018-06-25','VTE AV','','0120/HSMV/18','','','468AIRMD',NULL,0,'380700','PART 0120/HSMV/18 RATOLONJANAHARY Damy'),(930,'2018-06-25','VTE AV','','0120/HSMV/18','','','70810000',NULL,0,'45000','PART 0120/HSMV/18 RATOLONJANAHARY Damy'),(931,'2018-06-25','VTE AV','','0120/HSMV/18','','','44571000',NULL,0,'9000','PART 0120/HSMV/18 RATOLONJANAHARY Damy'),(932,'2018-06-28','VTE AV','','0121/HSMV/18','','','41160000',NULL,3015900,'0','PART 0121/HSMV/18 WAN Cecile'),(933,'2018-06-28','VTE AV','','0121/HSMV/18','','','468AIRMK',NULL,0,'2804700','PART 0121/HSMV/18 WAN Cecile'),(934,'2018-06-28','VTE AV','','0121/HSMV/18','','','70810000',NULL,0,'176000','PART 0121/HSMV/18 WAN Cecile'),(935,'2018-06-28','VTE AV','','0121/HSMV/18','','','44571000',NULL,0,'35200','PART 0121/HSMV/18 WAN Cecile'),(936,'2018-06-28','VTE','','0121/HSMV/18','','','41160000',NULL,150795,'0','PART 0121/HSMV/18 WAN Cecile'),(937,'2018-06-28','VTE','','0121/HSMV/18','','','76800000',NULL,0,'150795','PART 0121/HSMV/18 WAN Cecile'),(938,'2018-06-28','VTE AV','','0122/HSMV/18','','','41160000',NULL,7750000,'0','PART 0122/HSMV/18 ANDRIAMAMPIANINA Nirson Mamy'),(939,'2018-06-28','VTE AV','','0122/HSMV/18','','','468AIRFR',NULL,0,'7538800','PART 0122/HSMV/18 ANDRIAMAMPIANINA Nirson Mamy'),(940,'2018-06-28','VTE AV','','0122/HSMV/18','','','70810000',NULL,0,'176000','PART 0122/HSMV/18 ANDRIAMAMPIANINA Nirson Mamy'),(941,'2018-06-28','VTE AV','','0122/HSMV/18','','','44571000',NULL,0,'35200','PART 0122/HSMV/18 ANDRIAMAMPIANINA Nirson Mamy'),(942,'2018-06-29','VTE AV','','0123/HSMV/18','','','41160000',NULL,9797800,'0','PART 0123/HSMV/18 RAZAFINDRAMAMBA Andry Benarivelo'),(943,'2018-06-29','VTE AV','','0123/HSMV/18','','','468AIRMK',NULL,0,'1811400','PART 0123/HSMV/18 RAZAFINDRAMAMBA Andry Benarivelo'),(944,'2018-06-29','VTE AV','','0123/HSMV/18','','','468AIRMK',NULL,0,'1811400','PART 0123/HSMV/18 RAZAFINDRAMAMBA Andry Benarivelo'),(945,'2018-06-29','VTE AV','','0123/HSMV/18','','','468AIRMK',NULL,0,'1811400','PART 0123/HSMV/18 RAZAFINDRAMAMBA Andry Benarivelo'),(946,'2018-06-29','VTE AV','','0123/HSMV/18','','','468AIRMK',NULL,0,'1811400','PART 0123/HSMV/18 RAZAFINDRAMAMBA Andry Benarivelo'),(947,'2018-06-29','VTE AV','','0123/HSMV/18','','','468AIRMK',NULL,0,'1641400','PART 0123/HSMV/18 RAZAFINDRAMAMBA Andry Benarivelo'),(948,'2018-06-29','VTE AV','','0123/HSMV/18','','','70810000',NULL,0,'759000','PART 0123/HSMV/18 RAZAFINDRAMAMBA Andry Benarivelo'),(949,'2018-06-29','VTE AV','','0123/HSMV/18','','','44571000',NULL,0,'151800','PART 0123/HSMV/18 RAZAFINDRAMAMBA Andry Benarivelo'),(950,'2018-07-02','VTE AV','','0123/HSMV/18','','','41160000',NULL,0,'9797800','ANN PART 0123/HSMV/18 RAZAFINDRAMAMBA Andry Benarivelo'),(951,'2018-07-02','VTE AV','','0123/HSMV/18','','','468AIRMK',NULL,1811400,'0','ANN PART 0123/HSMV/18 RAZAFINDRAMAMBA Andry Benarivelo'),(952,'2018-07-02','VTE AV','','0123/HSMV/18','','','468AIRMK',NULL,1811400,'0','ANN PART 0123/HSMV/18 RAZAFINDRAMAMBA Andry Benarivelo'),(953,'2018-07-02','VTE AV','','0123/HSMV/18','','','468AIRMK',NULL,1811400,'0','ANN PART 0123/HSMV/18 RAZAFINDRAMAMBA Andry Benarivelo'),(954,'2018-07-02','VTE AV','','0123/HSMV/18','','','468AIRMK',NULL,1811400,'0','ANN PART 0123/HSMV/18 RAZAFINDRAMAMBA Andry Benarivelo'),(955,'2018-07-02','VTE AV','','0123/HSMV/18','','','468AIRMK',NULL,1641400,'0','ANN PART 0123/HSMV/18 RAZAFINDRAMAMBA Andry Benarivelo'),(956,'2018-07-02','VTE AV','','0123/HSMV/18','','','70810000',NULL,759000,'0','ANN PART 0123/HSMV/18 RAZAFINDRAMAMBA Andry Benarivelo'),(957,'2018-06-29','VTE AV','','0123/HSMV/18','','','44571000',NULL,151800,'0','ANN PART 0123/HSMV/18 RAZAFINDRAMAMBA Andry Benarivelo'),(958,'2018-07-02','VTE AV','','0123/HSMV/18','','','41160000',NULL,9943000,'0','PART 0123/HSMV/18 RAZAFINDRAMAMBA Andry Benarivelo'),(959,'2018-07-02','VTE AV','','0123/HSMV/18','','','468AIRMK',NULL,0,'1811400','PART 0123/HSMV/18 RAZAFINDRAMAMBA Andry Benarivelo'),(960,'2018-07-02','VTE AV','','0123/HSMV/18','','','468AIRMK',NULL,0,'1811400','PART 0123/HSMV/18 RAZAFINDRAMAMBA Andry Benarivelo'),(961,'2018-07-02','VTE AV','','0123/HSMV/18','','','468AIRMK',NULL,0,'1811400','PART 0123/HSMV/18 RAZAFINDRAMAMBA Andry Benarivelo'),(962,'2018-07-02','VTE AV','','0123/HSMV/18','','','468AIRMK',NULL,0,'1811400','PART 0123/HSMV/18 RAZAFINDRAMAMBA Andry Benarivelo'),(963,'2018-07-02','VTE AV','','0123/HSMV/18','','','468AIRMK',NULL,0,'1641400','PART 0123/HSMV/18 RAZAFINDRAMAMBA Andry Benarivelo'),(964,'2018-07-02','VTE AV','','0123/HSMV/18','','','70810000',NULL,0,'880000','PART 0123/HSMV/18 RAZAFINDRAMAMBA Andry Benarivelo'),(965,'2018-07-02','VTE AV','','0123/HSMV/18','','','44571000',NULL,0,'176000','PART 0123/HSMV/18 RAZAFINDRAMAMBA Andry Benarivelo'),(966,'2018-07-02','VTE AV','','0124/HSMV/18','','','41150000',NULL,760000,'0','CIMELTA 0124/HSMV/18 RAHARISON Andrianjanahary (ADT)'),(967,'2018-07-02','VTE AV','','0124/HSMV/18','','','468AIRMD',NULL,0,'694000','CIMELTA 0124/HSMV/18 RAHARISON Andrianjanahary (ADT)'),(968,'2018-07-02','VTE AV','','0124/HSMV/18','','','70810000',NULL,0,'55000','CIMELTA 0124/HSMV/18 RAHARISON Andrianjanahary (ADT)'),(969,'2018-07-02','VTE AV','','0124/HSMV/18','','','44571000',NULL,0,'11000','CIMELTA 0124/HSMV/18 RAHARISON Andrianjanahary (ADT)'),(970,'2018-07-02','VTE AV','','0125/HSMV/18','','','41150000',NULL,2006800,'0','BATPRO 0125/HSMV/18 RAVELOJAONA Jose'),(971,'2018-07-02','VTE AV','','0125/HSMV/18','','','468AIRMD',NULL,0,'731600','BATPRO 0125/HSMV/18 RAVELOJAONA Jose'),(972,'2018-07-02','VTE AV','','0125/HSMV/18','','','468AIRMD',NULL,0,'1143200','BATPRO 0125/HSMV/18 RAVELOJAONA Jose'),(973,'2018-07-02','VTE AV','','0125/HSMV/18','','','70810000',NULL,0,'110000','BATPRO 0125/HSMV/18 RAVELOJAONA Jose'),(974,'2018-07-02','VTE AV','','0125/HSMV/18','','','44571000',NULL,0,'22000','BATPRO 0125/HSMV/18 RAVELOJAONA Jose'),(975,'2018-07-03','VTE AV','','0126/HSMV/18','','','41160000',NULL,5441300,'0','PART 0126/HSMV/18 MOLOU Souraya'),(976,'2018-07-03','VTE AV','','0126/HSMV/18','','','468AIRAU',NULL,0,'1461500','PART 0126/HSMV/18 MOLOU Souraya'),(977,'2018-07-03','VTE AV','','0126/HSMV/18','','','468AIRAU',NULL,0,'1806300','PART 0126/HSMV/18 MOLOU Souraya'),(978,'2018-07-03','VTE AV','','0126/HSMV/18','','','468AIRAU',NULL,0,'1806300','PART 0126/HSMV/18 MOLOU Souraya'),(979,'2018-07-03','VTE AV','','0126/HSMV/18','','','70810000',NULL,0,'306000','PART 0126/HSMV/18 MOLOU Souraya'),(980,'2018-07-03','VTE AV','','0126/HSMV/18','','','44571000',NULL,0,'61200','PART 0126/HSMV/18 MOLOU Souraya'),(981,'2018-07-03','VTE AV','','0127/HSMV/18','','','41160000',NULL,5244600,'0','PART 0127/HSMV/18 MOLOU Souraya'),(982,'2018-07-03','VTE AV','','0127/HSMV/18','','','468AIRAU',NULL,0,'5033400','PART 0127/HSMV/18 MOLOU Souraya'),(983,'2018-07-03','VTE AV','','0127/HSMV/18','','','70810000',NULL,0,'176000','PART 0127/HSMV/18 MOLOU Souraya'),(984,'2018-07-03','VTE AV','','0127/HSMV/18','','','44571000',NULL,0,'35200','PART 0127/HSMV/18 MOLOU Souraya'),(985,'2018-07-03','VTE AV','','0128/HSMV/18','','','41150000',NULL,793700,'0','CIMELTA 0128/HSMV/18 RANDRIANIRINA Jean Blaise(ADT)'),(986,'2018-07-03','VTE AV','','0128/HSMV/18','','','468AIRMD',NULL,0,'727700','CIMELTA 0128/HSMV/18 RANDRIANIRINA Jean Blaise(ADT)'),(987,'2018-07-03','VTE AV','','0128/HSMV/18','','','70810000',NULL,0,'55000','CIMELTA 0128/HSMV/18 RANDRIANIRINA Jean Blaise(ADT)'),(988,'2018-07-03','VTE AV','','0128/HSMV/18','','','44571000',NULL,0,'11000','CIMELTA 0128/HSMV/18 RANDRIANIRINA Jean Blaise(ADT)'),(989,'2018-07-06','VTE AV','','0129/HSMV/18','','','41160000',NULL,1930200,'0','PART 0129/HSMV/18 RAJAOBELINA Mamy'),(990,'2018-07-06','VTE AV','','0129/HSMV/18','','','468AIRMD',NULL,0,'899100','PART 0129/HSMV/18 RAJAOBELINA Mamy'),(991,'2018-07-06','VTE AV','','0129/HSMV/18','','','468AIRMD',NULL,0,'899100','PART 0129/HSMV/18 RAJAOBELINA Mamy'),(992,'2018-07-06','VTE AV','','0129/HSMV/18','','','70810000',NULL,0,'110000','PART 0129/HSMV/18 RAJAOBELINA Mamy'),(993,'2018-07-06','VTE AV','','0129/HSMV/18','','','44571000',NULL,0,'22000','PART 0129/HSMV/18 RAJAOBELINA Mamy'),(994,'2018-07-06','VTE','','0129/HSMV/18','','','41160000',NULL,96510,'0','PART 0129/HSMV/18 RAJAOBELINA Mamy'),(995,'2018-07-06','VTE','','0129/HSMV/18','','','76800000',NULL,0,'96510','PART 0129/HSMV/18 RAJAOBELINA Mamy'),(996,'2018-07-06','VTE AV','','0130/HSMV/18','','','41160000',NULL,5718800,'0','PART 0130/HSMV/18 BLOKKER Cornelia'),(997,'2018-07-06','VTE AV','','0130/HSMV/18','','','468AIRMD',NULL,0,'1363700','PART 0130/HSMV/18 BLOKKER Cornelia'),(998,'2018-07-06','VTE AV','','0130/HSMV/18','','','468AIRMD',NULL,0,'1363700','PART 0130/HSMV/18 BLOKKER Cornelia'),(999,'2018-07-06','VTE AV','','0130/HSMV/18','','','468AIRMD',NULL,0,'1363700','PART 0130/HSMV/18 BLOKKER Cornelia'),(1000,'2018-07-06','VTE AV','','0130/HSMV/18','','','468AIRMD',NULL,0,'1363700','PART 0130/HSMV/18 BLOKKER Cornelia'),(1001,'2018-07-06','VTE AV','','0130/HSMV/18','','','70810000',NULL,0,'220000','PART 0130/HSMV/18 BLOKKER Cornelia'),(1002,'2018-07-06','VTE AV','','0130/HSMV/18','','','44571000',NULL,0,'44000','PART 0130/HSMV/18 BLOKKER Cornelia'),(1003,'2018-07-06','VTE','','0130/HSMV/18','','','41160000',NULL,285940,'0','PART 0130/HSMV/18 BLOKKER Cornelia'),(1004,'2018-07-06','VTE','','0130/HSMV/18','','','76800000',NULL,0,'285940','PART 0130/HSMV/18 BLOKKER Cornelia'),(1005,'2018-07-07','VTE AV','','0131/HSMV/18','','','41160000',NULL,2653000,'0','PART 0131/HSMV/18 RAVELONARIVO Jean Saturnin'),(1006,'2018-07-07','VTE AV','','0131/HSMV/18','','','468AIRMD',NULL,0,'825800','PART 0131/HSMV/18 RAVELONARIVO Jean Saturnin'),(1007,'2018-07-07','VTE AV','','0131/HSMV/18','','','468AIRMD',NULL,0,'825800','PART 0131/HSMV/18 RAVELONARIVO Jean Saturnin'),(1008,'2018-07-07','VTE AV','','0131/HSMV/18','','','468AIRMD',NULL,0,'803400','PART 0131/HSMV/18 RAVELONARIVO Jean Saturnin'),(1009,'2018-07-07','VTE AV','','0131/HSMV/18','','','70810000',NULL,0,'165000','PART 0131/HSMV/18 RAVELONARIVO Jean Saturnin'),(1010,'2018-07-07','VTE AV','','0131/HSMV/18','','','44571000',NULL,0,'33000','PART 0131/HSMV/18 RAVELONARIVO Jean Saturnin'),(1011,'2018-07-09','VTE AV','','0132/HSMV/18','','','41150000',NULL,3918400,'0','SIDI 0132/HSMV/18 Andriatsitohaina Robinson'),(1012,'2018-07-09','VTE AV','','0132/HSMV/18','','','468AIRMD',NULL,0,'913600','SIDI 0132/HSMV/18 Andriatsitohaina Robinson'),(1013,'2018-07-09','VTE AV','','0132/HSMV/18','','','468AIRMD',NULL,0,'913600','SIDI 0132/HSMV/18 Andriatsitohaina Robinson'),(1014,'2018-07-09','VTE AV','','0132/HSMV/18','','','468AIRMD',NULL,0,'913600','SIDI 0132/HSMV/18 Andriatsitohaina Robinson'),(1015,'2018-07-09','VTE AV','','0132/HSMV/18','','','468AIRMD',NULL,0,'913600','SIDI 0132/HSMV/18 Andriatsitohaina Robinson'),(1016,'2018-07-09','VTE AV','','0132/HSMV/18','','','70810000',NULL,0,'220000','SIDI 0132/HSMV/18 Andriatsitohaina Robinson'),(1017,'2018-07-09','VTE AV','','0132/HSMV/18','','','44571000',NULL,0,'44000','SIDI 0132/HSMV/18 Andriatsitohaina Robinson'),(1018,'2018-07-09','VTE AV','','0133/HSMV/18','','','41150000',NULL,475600,'0','SIDI 0133/HSMV/18 ANDRIATSITOHAINA Robinson Mbolatiana'),(1019,'2018-07-09','VTE AV','','0133/HSMV/18','','','468AIRMD',NULL,0,'50000','SIDI 0133/HSMV/18 ANDRIATSITOHAINA Robinson Mbolatiana'),(1020,'2018-07-09','VTE AV','','0133/HSMV/18','','','468AIRMD',NULL,0,'50000','SIDI 0133/HSMV/18 ANDRIATSITOHAINA Robinson Mbolatiana'),(1021,'2018-07-09','VTE AV','','0133/HSMV/18','','','468AIRMD',NULL,0,'55800','SIDI 0133/HSMV/18 ANDRIATSITOHAINA Robinson Mbolatiana'),(1022,'2018-07-09','VTE AV','','0133/HSMV/18','','','468AIRMD',NULL,0,'55800','SIDI 0133/HSMV/18 ANDRIATSITOHAINA Robinson Mbolatiana'),(1023,'2018-07-09','VTE AV','','0133/HSMV/18','','','70810000',NULL,0,'220000','SIDI 0133/HSMV/18 ANDRIATSITOHAINA Robinson Mbolatiana'),(1024,'2018-07-09','VTE AV','','0133/HSMV/18','','','44571000',NULL,0,'44000','SIDI 0133/HSMV/18 ANDRIATSITOHAINA Robinson Mbolatiana'),(1025,'2018-07-09','VTE AV','','0134/HSMV/18','','','41160000',NULL,11684400,'0','PART 0134/HSMV/18 RAHARISON Andrianjanahary'),(1026,'2018-07-09','VTE AV','','0134/HSMV/18','','','468AIRFR',NULL,0,'4931200','PART 0134/HSMV/18 RAHARISON Andrianjanahary'),(1027,'2018-07-09','VTE AV','','0134/HSMV/18','','','468AIRFR',NULL,0,'6330800','PART 0134/HSMV/18 RAHARISON Andrianjanahary'),(1028,'2018-07-09','VTE AV','','0134/HSMV/18','','','70810000',NULL,0,'352000','PART 0134/HSMV/18 RAHARISON Andrianjanahary'),(1029,'2018-07-09','VTE AV','','0134/HSMV/18','','','44571000',NULL,0,'70400','PART 0134/HSMV/18 RAHARISON Andrianjanahary'),(1030,'2018-07-09','VTE AV','','0135/HSMV/18','','','41150000',NULL,12627600,'0','PART 0135/HSMV/18 RAMARIJAONA Jean Yves'),(1031,'2018-07-09','VTE AV','','0135/HSMV/18','','','468AIRFR',NULL,0,'3998000','PART 0135/HSMV/18 RAMARIJAONA Jean Yves'),(1032,'2018-07-09','VTE AV','','0135/HSMV/18','','','468AIRFR',NULL,0,'3998000','PART 0135/HSMV/18 RAMARIJAONA Jean Yves'),(1033,'2018-07-09','VTE AV','','0135/HSMV/18','','','468AIRFR',NULL,0,'3998000','PART 0135/HSMV/18 RAMARIJAONA Jean Yves'),(1034,'2018-07-09','VTE AV','','0135/HSMV/18','','','70810000',NULL,0,'528000','PART 0135/HSMV/18 RAMARIJAONA Jean Yves'),(1035,'2018-07-09','VTE AV','','0135/HSMV/18','','','44571000',NULL,0,'105600','PART 0135/HSMV/18 RAMARIJAONA Jean Yves');
/*!40000 ALTER TABLE `ligne_compte` ENABLE KEYS */;
UNLOCK TABLES;

--
-- Table structure for table `logo`
--

DROP TABLE IF EXISTS `logo`;
/*!40101 SET @saved_cs_client     = @@character_set_client */;
/*!40101 SET character_set_client = utf8 */;
CREATE TABLE `logo` (
  `id` int(11) NOT NULL AUTO_INCREMENT,
  `filename` varchar(255) COLLATE utf8_unicode_ci NOT NULL,
  PRIMARY KEY (`id`)
) ENGINE=InnoDB AUTO_INCREMENT=2 DEFAULT CHARSET=utf8 COLLATE=utf8_unicode_ci;
/*!40101 SET character_set_client = @saved_cs_client */;

--
-- Dumping data for table `logo`
--

LOCK TABLES `logo` WRITE;
/*!40000 ALTER TABLE `logo` DISABLE KEYS */;
INSERT INTO `logo` VALUES (1,'hsmv.jpgjpeg');
/*!40000 ALTER TABLE `logo` ENABLE KEYS */;
UNLOCK TABLES;

--
-- Table structure for table `mail_param`
--

DROP TABLE IF EXISTS `mail_param`;
/*!40101 SET @saved_cs_client     = @@character_set_client */;
/*!40101 SET character_set_client = utf8 */;
CREATE TABLE `mail_param` (
  `id` int(11) NOT NULL AUTO_INCREMENT,
  `server` varchar(255) COLLATE utf8_unicode_ci NOT NULL,
  `username` varchar(255) COLLATE utf8_unicode_ci NOT NULL,
  `pass` varchar(255) COLLATE utf8_unicode_ci NOT NULL,
  `port` varchar(255) COLLATE utf8_unicode_ci NOT NULL,
  PRIMARY KEY (`id`)
) ENGINE=InnoDB DEFAULT CHARSET=utf8 COLLATE=utf8_unicode_ci;
/*!40101 SET character_set_client = @saved_cs_client */;

--
-- Dumping data for table `mail_param`
--

LOCK TABLES `mail_param` WRITE;
/*!40000 ALTER TABLE `mail_param` DISABLE KEYS */;
/*!40000 ALTER TABLE `mail_param` ENABLE KEYS */;
UNLOCK TABLES;

--
-- Table structure for table `note_credit`
--

DROP TABLE IF EXISTS `note_credit`;
/*!40101 SET @saved_cs_client     = @@character_set_client */;
/*!40101 SET character_set_client = utf8 */;
CREATE TABLE `note_credit` (
  `id` int(11) NOT NULL AUTO_INCREMENT,
  `facture_id` int(11) DEFAULT NULL,
  `client_id` int(11) DEFAULT NULL,
  `reference` varchar(255) COLLATE utf8_unicode_ci NOT NULL,
  `montant` double NOT NULL,
  `payed` tinyint(1) NOT NULL,
  `date_note` date NOT NULL,
  PRIMARY KEY (`id`),
  KEY `IDX_413392A7F2DEE08` (`facture_id`),
  KEY `IDX_413392A19EB6921` (`client_id`),
  CONSTRAINT `FK_413392A19EB6921` FOREIGN KEY (`client_id`) REFERENCES `tiers` (`id`),
  CONSTRAINT `FK_413392A7F2DEE08` FOREIGN KEY (`facture_id`) REFERENCES `facture` (`id`)
) ENGINE=InnoDB AUTO_INCREMENT=19 DEFAULT CHARSET=utf8 COLLATE=utf8_unicode_ci;
/*!40101 SET character_set_client = @saved_cs_client */;

--
-- Dumping data for table `note_credit`
--

LOCK TABLES `note_credit` WRITE;
/*!40000 ALTER TABLE `note_credit` DISABLE KEYS */;
INSERT INTO `note_credit` VALUES (1,NULL,20,'1-NOTE/17',2000,0,'2017-12-14'),(2,NULL,13,'2-NOTE/18',157178,1,'2018-01-18'),(3,NULL,20,'3-NOTE/18',1100,0,'2018-03-02'),(4,NULL,13,'4-NOTE/18',405000,1,'2018-03-28'),(5,NULL,11,'5-NOTE/18',3554900,1,'2018-05-03'),(6,NULL,11,'6-NOTE/18',631100,1,'2018-05-03'),(7,NULL,21,'7-NOTE/18',9679400,1,'2018-05-03'),(8,NULL,21,'8-NOTE/18',8926700,1,'2018-05-03'),(9,NULL,21,'9-NOTE/18',8788400,1,'2018-05-03'),(10,NULL,16,'10-NOTE/18',2875800,1,'2018-05-03'),(11,NULL,12,'11-NOTE/18',25175800,1,'2018-05-03'),(12,NULL,12,'12-NOTE/18',14901500,1,'2018-05-03'),(13,NULL,12,'13-NOTE/18',11626200,1,'2018-05-03'),(14,NULL,49,'14-NOTE/18',476200,0,'2018-05-17'),(15,NULL,14,'15-NOTE/18',4773200,1,'2018-07-04'),(16,NULL,14,'16-NOTE/18',2927200,1,'2018-07-04'),(17,NULL,14,'17-NOTE/18',2811200,1,'2018-07-04'),(18,NULL,17,'18-NOTE/18',13027900,1,'2018-07-04');
/*!40000 ALTER TABLE `note_credit` ENABLE KEYS */;
UNLOCK TABLES;

--
-- Table structure for table `paiement`
--

DROP TABLE IF EXISTS `paiement`;
/*!40101 SET @saved_cs_client     = @@character_set_client */;
/*!40101 SET character_set_client = utf8 */;
CREATE TABLE `paiement` (
  `id` int(11) NOT NULL AUTO_INCREMENT,
  `curency` varchar(255) COLLATE utf8_unicode_ci DEFAULT NULL,
  `mode_id` int(11) DEFAULT NULL,
  `facture_id` int(11) DEFAULT NULL,
  `note_credit_id` int(11) DEFAULT NULL,
  `avoir_id` int(11) DEFAULT NULL,
  `file_scan_id` int(11) DEFAULT NULL,
  `montant_recu` varchar(255) COLLATE utf8_unicode_ci DEFAULT NULL,
  `commission` int(11) NOT NULL,
  `montant_devise` int(11) NOT NULL,
  `taux_change` int(11) NOT NULL,
  `num_cheque` varchar(255) COLLATE utf8_unicode_ci DEFAULT NULL,
  `ref_operation` varchar(255) COLLATE utf8_unicode_ci DEFAULT NULL,
  `autre_info` varchar(255) COLLATE utf8_unicode_ci DEFAULT NULL,
  `nom_banque` varchar(255) COLLATE utf8_unicode_ci DEFAULT NULL,
  `valide` tinyint(1) NOT NULL,
  `date_paiement` date NOT NULL,
  PRIMARY KEY (`id`),
  UNIQUE KEY `UNIQ_B1DC7A1E734113E8` (`file_scan_id`),
  KEY `IDX_B1DC7A1ED677B63C` (`curency`),
  KEY `IDX_B1DC7A1E77E5854A` (`mode_id`),
  KEY `IDX_B1DC7A1E7F2DEE08` (`facture_id`),
  KEY `IDX_B1DC7A1ED9A1CA66` (`note_credit_id`),
  KEY `IDX_B1DC7A1EC36D46DB` (`avoir_id`),
  CONSTRAINT `FK_B1DC7A1E734113E8` FOREIGN KEY (`file_scan_id`) REFERENCES `piece_jointe` (`id`),
  CONSTRAINT `FK_B1DC7A1E77E5854A` FOREIGN KEY (`mode_id`) REFERENCES `paiement_mode` (`id`),
  CONSTRAINT `FK_B1DC7A1E7F2DEE08` FOREIGN KEY (`facture_id`) REFERENCES `facture` (`id`) ON DELETE CASCADE,
  CONSTRAINT `FK_B1DC7A1EC36D46DB` FOREIGN KEY (`avoir_id`) REFERENCES `avoir` (`id`),
  CONSTRAINT `FK_B1DC7A1ED677B63C` FOREIGN KEY (`curency`) REFERENCES `currency` (`code_iso`),
  CONSTRAINT `FK_B1DC7A1ED9A1CA66` FOREIGN KEY (`note_credit_id`) REFERENCES `note_credit` (`id`)
) ENGINE=InnoDB AUTO_INCREMENT=152 DEFAULT CHARSET=utf8 COLLATE=utf8_unicode_ci;
/*!40101 SET character_set_client = @saved_cs_client */;

--
-- Dumping data for table `paiement`
--

LOCK TABLES `paiement` WRITE;
/*!40000 ALTER TABLE `paiement` DISABLE KEYS */;
INSERT INTO `paiement` VALUES (1,'EUR',1,2,NULL,NULL,NULL,'655000',0,0,1,NULL,NULL,NULL,NULL,1,'2017-12-06'),(2,'EUR',1,3,NULL,NULL,NULL,'653800',0,0,1,NULL,NULL,NULL,NULL,1,'2017-12-08'),(3,'EUR',2,6,NULL,NULL,1,'891300',0,0,1,'09255537',NULL,'BOA',NULL,1,'2017-12-08'),(4,'EUR',2,7,NULL,NULL,3,'3039600',0,0,1,'66092239',NULL,'BMOI',NULL,1,'2017-12-09'),(5,'EUR',1,8,NULL,NULL,NULL,'655000',0,0,1,NULL,NULL,NULL,NULL,1,'2017-12-14'),(6,'EUR',1,13,NULL,NULL,NULL,'2564500',0,0,1,NULL,NULL,NULL,NULL,1,'2017-12-15'),(7,'EUR',1,14,NULL,NULL,NULL,'4195300',0,0,1,NULL,NULL,NULL,NULL,1,'2017-12-15'),(8,'EUR',3,17,NULL,NULL,5,'1453830',69230,0,1,NULL,'355532',NULL,NULL,1,'2017-12-18'),(9,'EUR',3,20,NULL,NULL,6,'558600',26600,0,1,NULL,'057124',NULL,NULL,1,'2017-12-20'),(10,'EUR',1,21,NULL,NULL,NULL,'367600',0,0,1,NULL,NULL,NULL,NULL,1,'2017-12-20'),(11,'EUR',1,22,NULL,NULL,NULL,'3576000',0,0,1,NULL,NULL,NULL,NULL,1,'2017-12-20'),(12,'EUR',1,23,NULL,NULL,NULL,'2854200',0,0,1,NULL,NULL,NULL,NULL,1,'2017-12-21'),(13,'EUR',1,24,NULL,NULL,NULL,'784800',0,0,1,NULL,NULL,NULL,NULL,1,'2017-12-21'),(14,'EUR',1,28,NULL,NULL,NULL,'4184600',0,0,1,NULL,NULL,NULL,NULL,1,'2017-12-27'),(15,'EUR',1,29,NULL,NULL,NULL,'3617200',0,0,1,NULL,NULL,NULL,NULL,1,'2017-12-27'),(16,'EUR',1,30,NULL,NULL,NULL,'5553200',0,0,1,NULL,NULL,NULL,NULL,1,'2017-12-29'),(17,'EUR',1,31,NULL,NULL,NULL,'2776600',0,0,1,NULL,NULL,NULL,NULL,1,'2017-12-29'),(18,'EUR',3,32,NULL,NULL,7,'972090',46290,0,1,NULL,'391039',NULL,NULL,1,'2017-12-29'),(19,'EUR',3,34,NULL,NULL,8,'5128305',244205,0,1,NULL,'353916',NULL,NULL,1,'2017-12-31'),(20,'EUR',8,36,NULL,NULL,NULL,'632800',0,0,1,NULL,NULL,NULL,'Mvola Ibis',1,'2018-01-05'),(21,'EUR',1,42,NULL,NULL,NULL,'506900',0,0,1,NULL,NULL,NULL,NULL,1,'2018-01-11'),(22,'EUR',4,33,NULL,NULL,NULL,'6286478.04',0,0,1,NULL,NULL,NULL,NULL,1,'2018-01-11'),(23,'EUR',6,43,2,NULL,NULL,'157178',0,0,1,NULL,NULL,NULL,NULL,1,'2018-01-18'),(24,'EUR',1,48,NULL,NULL,NULL,'3574400',0,0,1,NULL,NULL,NULL,NULL,1,'2018-01-19'),(25,'EUR',3,49,NULL,NULL,10,'964530',45930,0,1,NULL,'434435',NULL,NULL,1,'2018-01-20'),(26,'EUR',2,18,NULL,NULL,13,'1876100',0,0,1,'07077600',NULL,'BNI Madagascar',NULL,1,'2018-01-24'),(27,'EUR',8,52,NULL,NULL,NULL,'605200',0,0,1,NULL,NULL,NULL,'Mvola Ibis',1,'2018-01-25'),(28,'EUR',1,53,NULL,NULL,NULL,'977600',0,0,1,NULL,NULL,NULL,NULL,1,'2018-01-26'),(29,'EUR',1,54,NULL,NULL,NULL,'1335300',0,0,1,NULL,NULL,NULL,NULL,1,'2018-01-26'),(30,'EUR',1,55,1,NULL,NULL,'800000',0,0,1,NULL,NULL,NULL,NULL,1,'2018-02-06'),(31,'EUR',1,56,NULL,NULL,NULL,'6008800',0,0,1,NULL,NULL,NULL,NULL,1,'2018-01-27'),(32,'EUR',1,60,NULL,NULL,NULL,'399100',0,0,1,NULL,NULL,NULL,NULL,1,'2018-02-05'),(33,'EUR',8,55,1,NULL,NULL,'2461900',0,0,1,NULL,NULL,NULL,'AVOIR 330',1,'2018-02-06'),(34,'EUR',2,9,NULL,NULL,14,'8131200',0,0,1,'27210882',NULL,'BFV-SG',NULL,1,'2018-02-02'),(35,'EUR',2,11,NULL,NULL,15,'4874100',0,0,1,'27210882',NULL,'BFV-SG',NULL,1,'2018-02-02'),(36,'EUR',2,19,NULL,NULL,16,'8057400',0,0,1,'27210882',NULL,'BFV-SG',NULL,1,'2018-02-02'),(37,'EUR',1,61,NULL,NULL,NULL,'2694600',0,0,1,NULL,NULL,NULL,NULL,1,'2018-02-06'),(38,'EUR',2,43,NULL,NULL,17,'739222',0,0,1,'31612951',NULL,'BFV-SG',NULL,1,'2018-02-02'),(39,'EUR',2,62,NULL,NULL,19,'3996000',0,0,1,'31612953',NULL,'BFV',NULL,1,'2018-02-12'),(40,'EUR',1,67,1,NULL,NULL,'700000',0,0,1,NULL,NULL,NULL,NULL,1,'2018-02-14'),(41,'EUR',2,67,NULL,NULL,21,'693800',0,0,1,'66223752',NULL,'BMOI',NULL,1,'2018-02-14'),(42,'EUR',3,68,NULL,NULL,22,'804615',38315,0,1,NULL,'056337',NULL,NULL,1,'2018-02-15'),(43,'EUR',1,81,NULL,NULL,NULL,'1588600',0,0,1,NULL,NULL,NULL,NULL,1,'2018-02-22'),(44,'EUR',1,55,NULL,NULL,NULL,'240400',0,0,1,NULL,NULL,NULL,NULL,1,'2018-02-24'),(45,'EUR',2,83,NULL,NULL,24,'4013600',0,0,1,'31612955',NULL,'BFV',NULL,1,'2018-02-28'),(46,'EUR',1,27,1,NULL,NULL,'230000',0,0,1,NULL,NULL,NULL,NULL,1,'2018-03-02'),(47,'EUR',2,85,NULL,NULL,26,'3102700',0,0,1,'00009 05025 12146340003 57',NULL,'Bank Of Africa',NULL,1,'2018-03-05'),(48,'EUR',1,86,NULL,NULL,NULL,'437700',0,0,1,NULL,NULL,NULL,NULL,1,'2018-03-09'),(49,'EUR',2,88,NULL,NULL,28,'2505100',0,0,1,'65336043',NULL,'BMOI Prestige Eden Hotel IBIS',NULL,1,'2018-03-14'),(50,'EUR',1,91,NULL,NULL,NULL,'3399400',0,0,1,NULL,NULL,NULL,NULL,1,'2018-03-15'),(51,'EUR',1,95,NULL,NULL,NULL,'1683200',0,0,1,NULL,NULL,NULL,NULL,1,'2018-03-22'),(52,'EUR',3,96,NULL,NULL,29,'948360',45160,0,1,NULL,'112352',NULL,NULL,1,'2018-03-22'),(53,'EUR',1,97,NULL,NULL,NULL,'1795700',0,0,1,NULL,NULL,NULL,NULL,1,'2018-03-23'),(54,'EUR',2,98,NULL,NULL,31,'3368400',0,0,1,'63830218',NULL,'BMOI Prestige Antaninarenina',NULL,1,'2018-03-23'),(55,'EUR',2,99,NULL,NULL,33,'3618200',0,0,1,'33273866',NULL,'BFV',NULL,1,'2018-03-28'),(56,'EUR',6,93,4,NULL,NULL,'405000',0,0,1,NULL,NULL,NULL,NULL,1,'2018-03-28'),(57,'EUR',1,101,NULL,NULL,NULL,'3513700',0,0,1,NULL,NULL,NULL,NULL,1,'2018-03-28'),(58,'EUR',1,104,NULL,NULL,NULL,'3098900',0,0,1,NULL,NULL,NULL,NULL,1,'2018-03-31'),(59,'EUR',1,106,NULL,NULL,NULL,'657500',0,0,1,NULL,NULL,NULL,NULL,0,'2018-04-04'),(60,'EUR',2,107,1,1,35,'879300',0,0,1,'09256180',NULL,'Bank Of Africa',NULL,0,'2018-04-11'),(61,'EUR',1,107,NULL,NULL,NULL,'600',0,0,1,NULL,NULL,NULL,NULL,0,'2018-04-11'),(62,'EUR',8,108,NULL,NULL,NULL,'1867100',0,0,1,NULL,NULL,NULL,'M Vola Ibis',0,'2018-04-12'),(63,'EUR',1,109,NULL,NULL,NULL,'479200',0,0,1,NULL,NULL,NULL,NULL,0,'2018-04-13'),(64,'EUR',1,110,NULL,NULL,NULL,'3319700',0,0,1,NULL,NULL,NULL,NULL,0,'2018-04-14'),(65,'EUR',1,111,NULL,NULL,NULL,'402900',0,0,1,NULL,NULL,NULL,NULL,0,'2018-04-14'),(66,'EUR',8,113,1,1,39,'508800',0,0,1,'66372848',NULL,'BMOI','1-AVR/18',0,'2018-04-16'),(67,'EUR',8,114,1,1,40,'1624800',0,0,1,'66372848',NULL,'BMOI','01-AVR/18',0,'2018-04-16'),(68,'EUR',8,115,1,1,42,'2322400',0,0,1,'66372848',NULL,'BMOI','1-AVR/18',0,'2018-04-16'),(69,'EUR',2,116,1,1,44,'16008800',0,0,1,'66372848',NULL,'BMOI',NULL,0,'2018-04-16'),(70,'EUR',1,117,NULL,NULL,NULL,'5273500',0,0,1,NULL,NULL,NULL,NULL,0,'2018-04-19'),(71,'EUR',1,118,NULL,NULL,NULL,'2321400',0,0,1,NULL,NULL,NULL,NULL,0,'2018-04-19'),(72,'EUR',1,119,NULL,NULL,NULL,'1171800',0,0,1,NULL,NULL,NULL,NULL,0,'2018-04-20'),(73,'EUR',3,122,NULL,NULL,48,'1162980',55380,0,1,NULL,'435813',NULL,NULL,0,'2018-04-21'),(74,'EUR',1,123,NULL,NULL,NULL,'1622700',0,0,1,NULL,NULL,NULL,NULL,0,'2018-04-21'),(75,'EUR',1,124,NULL,NULL,NULL,'3221000',0,0,1,NULL,NULL,NULL,NULL,0,'2018-04-24'),(76,'EUR',1,125,NULL,NULL,NULL,'3667100',0,0,1,NULL,NULL,NULL,NULL,0,'2018-04-25'),(77,'EUR',1,128,NULL,NULL,NULL,'731500',0,0,1,NULL,NULL,NULL,NULL,0,'2018-04-26'),(78,'EUR',1,129,NULL,NULL,NULL,'1616500',0,0,1,NULL,NULL,NULL,NULL,0,'2018-04-26'),(79,'EUR',2,41,NULL,1,49,'3146500',0,0,1,'N° 06285866',NULL,'BNI M/CAR',NULL,0,'2018-04-13'),(80,'EUR',2,46,NULL,1,50,'83900',0,0,1,'N° 06285866',NULL,'BNI M/CAR',NULL,0,'2018-04-13'),(81,'EUR',2,45,NULL,1,51,'752300',0,0,1,'N° 06285866',NULL,'BNI M/CAR',NULL,0,'2018-04-13'),(82,'EUR',2,44,NULL,1,52,'751400',0,0,1,'N° 06285866',NULL,'BNI M/CAR',NULL,0,'2018-04-13'),(83,'EUR',2,59,NULL,1,53,'13216800',0,0,1,'N° 06285866',NULL,'BNI M/CAR',NULL,0,'2018-04-13'),(84,'EUR',2,58,NULL,1,54,'5617300',0,0,1,'N° 06285866',NULL,'BNI M/CAR',NULL,0,'2018-04-13'),(85,'EUR',1,130,NULL,NULL,NULL,'1687600',0,0,1,NULL,NULL,NULL,NULL,0,'2018-04-27'),(86,'EUR',2,105,NULL,NULL,56,'4635800',0,0,1,'33273872',NULL,'BFV-SG',NULL,0,'2018-05-02'),(87,'EUR',2,94,NULL,NULL,57,'3376200',0,0,1,'07078057',NULL,'BNI',NULL,0,'2018-04-16'),(88,'EUR',2,15,NULL,NULL,58,'2785600',0,0,1,'32291032',NULL,'BFV',NULL,0,'2018-04-11'),(89,'EUR',2,84,NULL,NULL,59,'4059800',0,0,1,'66296644',NULL,'BMOI',NULL,0,'2018-04-13'),(90,'EUR',6,65,5,NULL,NULL,'3554900',0,0,1,NULL,NULL,NULL,NULL,0,'2018-04-13'),(91,'EUR',6,66,6,NULL,NULL,'631100',0,0,1,NULL,NULL,NULL,NULL,0,'2018-05-03'),(92,'EUR',8,66,NULL,NULL,NULL,'2830700',0,0,1,NULL,NULL,NULL,'AVOIR 302-365',0,'2018-05-03'),(93,'EUR',2,40,NULL,NULL,60,'14004400',0,0,1,'66597348',NULL,'BMOI',NULL,0,'2018-04-04'),(94,'EUR',6,50,7,NULL,NULL,'9679400',0,0,1,NULL,NULL,NULL,NULL,0,'2018-05-03'),(95,'EUR',6,51,8,NULL,NULL,'8926700',0,0,1,NULL,NULL,NULL,NULL,0,'2018-05-03'),(96,'EUR',6,57,9,NULL,NULL,'8788400',0,0,1,NULL,NULL,NULL,NULL,0,'2018-05-03'),(97,'EUR',8,57,NULL,NULL,NULL,'4373700',0,0,1,NULL,NULL,NULL,'AVOIR 293-116',0,'2018-05-03'),(98,'EUR',2,64,NULL,NULL,61,'5693000',0,0,1,'07077910',NULL,'BNI',NULL,0,'2018-03-20'),(99,'EUR',2,63,NULL,NULL,62,'38602500',0,0,1,'07111635',NULL,'BNI',NULL,0,'2018-05-03'),(100,'EUR',6,87,11,NULL,NULL,'25175800',0,0,1,NULL,NULL,NULL,NULL,0,'2018-05-03'),(101,'EUR',6,100,12,NULL,NULL,'14901500',0,0,1,NULL,NULL,NULL,NULL,0,'2018-05-03'),(102,'EUR',6,103,13,NULL,NULL,'11626200',0,0,1,NULL,NULL,NULL,NULL,0,'2018-05-03'),(103,'EUR',1,131,NULL,NULL,NULL,'902000',0,0,1,NULL,NULL,NULL,NULL,0,'2018-05-04'),(104,'EUR',1,133,NULL,NULL,NULL,'879600',0,0,1,NULL,NULL,NULL,NULL,0,'2018-05-07'),(105,'EUR',1,136,NULL,NULL,NULL,'442500',0,0,1,NULL,NULL,NULL,NULL,0,'2018-05-09'),(106,'EUR',1,139,NULL,NULL,NULL,'1339700',0,0,1,NULL,NULL,NULL,NULL,0,'2018-05-15'),(107,'EUR',1,140,NULL,NULL,NULL,'496200',0,0,1,NULL,NULL,NULL,NULL,0,'2018-05-15'),(108,'EUR',8,141,NULL,NULL,NULL,'4349800',0,0,1,NULL,NULL,NULL,'Mvola Ibis Hotel',0,'2018-05-15'),(109,'EUR',1,142,NULL,NULL,NULL,'302600',0,0,1,NULL,NULL,NULL,NULL,0,'2018-05-16'),(110,'EUR',2,126,NULL,NULL,66,'976200',0,0,1,'66887957',NULL,'BMOI',NULL,0,'2018-05-15'),(111,'EUR',2,127,NULL,NULL,67,'507800',0,0,1,'66887957',NULL,'BMOI',NULL,0,'2018-05-15'),(112,'EUR',2,144,1,1,68,'3786400',0,0,1,'09256192',NULL,'Bank Of Africa',NULL,0,'2018-05-17'),(113,'EUR',8,144,NULL,NULL,NULL,'476500',0,0,1,NULL,NULL,NULL,'NC 001/01/2018',0,'2018-05-17'),(114,'EUR',1,145,NULL,NULL,NULL,'944900',0,0,1,NULL,NULL,NULL,NULL,0,'2018-05-17'),(115,'EUR',1,146,NULL,NULL,NULL,'3698850',0,0,1,NULL,NULL,NULL,NULL,0,'2018-05-17'),(116,'EUR',1,147,NULL,NULL,NULL,'430200',0,0,1,NULL,NULL,NULL,NULL,0,'2018-05-21'),(117,'EUR',2,89,NULL,NULL,70,'3098000',0,0,1,'31050197',NULL,'BFV Societe Generale',NULL,0,'2018-05-28'),(118,'EUR',2,138,NULL,NULL,71,'2652500',0,0,1,'33273880',NULL,'BFV-SG',NULL,0,'2018-05-30'),(119,'EUR',1,153,NULL,NULL,NULL,'704800',0,0,1,NULL,NULL,NULL,NULL,0,'2018-06-05'),(120,'EUR',1,155,NULL,NULL,NULL,'1673200',0,0,1,NULL,NULL,NULL,NULL,0,'2018-06-08'),(121,'EUR',1,157,NULL,NULL,NULL,'898100',0,0,1,NULL,NULL,NULL,NULL,0,'2018-06-11'),(122,'EUR',1,159,NULL,NULL,NULL,'145700',0,0,1,NULL,NULL,NULL,NULL,0,'2018-06-11'),(124,'EUR',2,152,NULL,NULL,75,'5412400',0,0,1,'66597530',NULL,'BMOI',NULL,0,'2018-06-11'),(125,'EUR',2,135,NULL,NULL,76,'868300',0,0,1,'66597530',NULL,'BMOI',NULL,0,'2018-06-11'),(126,'EUR',2,134,NULL,NULL,77,'750200',0,0,1,'66597530',NULL,'BMOI',NULL,0,'2018-06-11'),(127,'EUR',2,151,NULL,NULL,78,'7049800',0,0,1,'66597530',NULL,'BMOI',NULL,0,'2018-06-11'),(128,'EUR',2,82,NULL,NULL,79,'744700',0,0,1,'66597530',NULL,'BMOI',NULL,0,'2018-06-11'),(129,'EUR',3,162,NULL,NULL,80,'4799550',228550,0,1,NULL,'196226',NULL,NULL,0,'2018-06-15'),(130,'EUR',1,163,NULL,NULL,NULL,'899400',0,0,1,NULL,NULL,NULL,NULL,0,'2018-06-16'),(131,'EUR',1,166,NULL,NULL,NULL,'987800',0,0,1,NULL,NULL,NULL,NULL,0,'2018-06-19'),(132,'EUR',8,167,NULL,NULL,NULL,'1264900',0,0,1,NULL,NULL,NULL,'Mvola Ibis Hotel(FLS Sté)',0,'2018-06-19'),(133,'EUR',1,132,1,NULL,NULL,'900000',0,0,1,NULL,NULL,NULL,NULL,0,'2018-06-01'),(134,'EUR',1,132,1,NULL,NULL,'2000000',0,0,1,NULL,NULL,NULL,NULL,0,'2018-06-22'),(135,'EUR',3,170,NULL,NULL,83,'800415',38115,0,1,NULL,'420300',NULL,NULL,0,'2018-06-21'),(136,'EUR',1,172,NULL,NULL,NULL,'434700',0,0,1,NULL,NULL,NULL,NULL,0,'2018-06-25'),(137,'EUR',3,173,NULL,NULL,84,'3166695',150795,0,1,NULL,'243311',NULL,NULL,0,'2018-06-28'),(138,'EUR',1,174,NULL,NULL,NULL,'7750000',0,0,1,NULL,NULL,NULL,NULL,0,'2018-06-28'),(139,'EUR',1,176,NULL,NULL,NULL,'9943000',0,0,1,NULL,NULL,NULL,NULL,0,'2018-06-30'),(140,'EUR',1,179,NULL,NULL,NULL,'5441300',0,0,1,NULL,NULL,NULL,NULL,0,'2018-07-03'),(141,'EUR',1,180,NULL,NULL,NULL,'5244600',0,0,1,NULL,NULL,NULL,NULL,0,'2018-07-03'),(142,'EUR',2,5,NULL,1,87,'2578800',0,0,1,'06285866',NULL,'BMOI',NULL,0,'2018-04-13'),(143,'EUR',2,4,NULL,1,88,'6718200',0,0,1,'09477601',NULL,'BOA',NULL,0,'2018-06-09'),(144,'EUR',6,121,15,1,NULL,'4773200',0,0,1,NULL,NULL,NULL,NULL,0,'2018-07-04'),(145,'EUR',6,112,16,1,NULL,'2927200',0,0,1,NULL,NULL,NULL,NULL,0,'2018-07-04'),(146,'EUR',2,149,NULL,NULL,89,'21023700',0,0,1,'07078370',NULL,'BNI',NULL,0,'2018-06-09'),(147,'EUR',6,150,18,NULL,NULL,'13027900',0,0,1,NULL,NULL,NULL,NULL,0,'2018-07-04'),(148,'EUR',2,148,NULL,NULL,90,'7197100',0,0,1,'66888992',NULL,'BMOI',NULL,0,'2018-06-09'),(149,'EUR',2,102,NULL,NULL,91,'1781800',0,0,1,'66597530',NULL,'BMOI',NULL,0,'2018-06-11'),(150,'EUR',3,182,NULL,NULL,92,'2026710',96510,0,1,NULL,'760556',NULL,NULL,0,'2018-07-06');
/*!40000 ALTER TABLE `paiement` ENABLE KEYS */;
UNLOCK TABLES;

--
-- Table structure for table `paiement_mode`
--

DROP TABLE IF EXISTS `paiement_mode`;
/*!40101 SET @saved_cs_client     = @@character_set_client */;
/*!40101 SET character_set_client = utf8 */;
CREATE TABLE `paiement_mode` (
  `id` int(11) NOT NULL AUTO_INCREMENT,
  `libelle` varchar(255) COLLATE utf8_unicode_ci NOT NULL,
  PRIMARY KEY (`id`)
) ENGINE=InnoDB AUTO_INCREMENT=9 DEFAULT CHARSET=utf8 COLLATE=utf8_unicode_ci;
/*!40101 SET character_set_client = @saved_cs_client */;

--
-- Dumping data for table `paiement_mode`
--

LOCK TABLES `paiement_mode` WRITE;
/*!40000 ALTER TABLE `paiement_mode` DISABLE KEYS */;
INSERT INTO `paiement_mode` VALUES (1,'Espece'),(2,'Chèque'),(3,'Carte'),(4,'Virement'),(5,'Devise'),(6,'Note de credit'),(7,'Avoir'),(8,'Autre');
/*!40000 ALTER TABLE `paiement_mode` ENABLE KEYS */;
UNLOCK TABLES;

--
-- Table structure for table `parcour`
--

DROP TABLE IF EXISTS `parcour`;
/*!40101 SET @saved_cs_client     = @@character_set_client */;
/*!40101 SET character_set_client = utf8 */;
CREATE TABLE `parcour` (
  `id` int(11) NOT NULL AUTO_INCREMENT,
  `from_name` varchar(255) COLLATE utf8_unicode_ci NOT NULL,
  `to_name` varchar(255) COLLATE utf8_unicode_ci NOT NULL,
  `classe_blt` varchar(255) COLLATE utf8_unicode_ci NOT NULL,
  `date_parcour` date NOT NULL,
  PRIMARY KEY (`id`)
) ENGINE=InnoDB AUTO_INCREMENT=815 DEFAULT CHARSET=utf8 COLLATE=utf8_unicode_ci;
/*!40101 SET character_set_client = @saved_cs_client */;

--
-- Dumping data for table `parcour`
--

LOCK TABLES `parcour` WRITE;
/*!40000 ALTER TABLE `parcour` DISABLE KEYS */;
INSERT INTO `parcour` VALUES (1,'ANTANANARIVO IVAT','PARIS CDG','Q','2017-12-10'),(2,'PARIS CDG','ANTANANARIVO IVAT','N','2017-12-24'),(3,'ANTANANARIVO IVAT','TOAMASINA MD0414','M','2017-12-09'),(4,'TOAMASINA ANTANANARIVO','IVAT MD0501','M','2017-12-12'),(5,'ANTANANARIVO IVAT','TOAMASINA MD0414','M','2017-12-09'),(6,'TOAMASINA ANTANANARIVO','IVAT MD0533','M','2017-12-11'),(7,'ANTANANARIVO IVAT','MD0186 D','D','2017-12-09'),(8,'17/12/2017','TNR','J','2017-12-17'),(9,'ANTANANARIVO IVAT','TOLIARA MD0712','E','2017-12-13'),(10,'TOLIARA TOLANARO','MARILLAC MD0734','E','2017-12-15'),(11,'TOLANARO MARILLAC','ANTANANARIVO IVAT','E','2017-12-15'),(45,'TNR','SMS','M','2017-12-28'),(46,'SMS','TMM','M','2018-01-02'),(47,'TMM','TNR','M','2018-01-02'),(51,'TNR','SMS','M','2017-12-28'),(52,'SMS','TMM','M','2018-01-02'),(53,'TMM','TNR','M','2018-01-02'),(54,'TNR','SMS','M','2017-12-28'),(55,'SMS','TMM','M','2018-01-02'),(56,'TMM','TNR','M','2018-01-02'),(57,'TNR','SMS','M','2017-12-28'),(58,'SMS','TMM','M','2018-01-02'),(59,'TMM','TNR','M','2018-01-02'),(60,'TNR','TMM','M','2017-12-16'),(61,'TMM','TNR','M','2017-12-17'),(62,'MRU','TNR','I','2017-12-17'),(63,'TNR','MRU','R','2017-12-21'),(64,'MRU','TNR','I','2017-12-17'),(65,'TNR','MRU','R','2017-12-21'),(66,'MRU','TNR','I','2017-12-17'),(67,'TNR','MRU','R','2017-12-21'),(78,'TNR','MRU','C','2017-12-21'),(79,'MRU','TNR','R','2018-01-08'),(80,'TNR','MRU','C','2017-12-28'),(81,'MRU','TNR','R','2018-01-08'),(84,'TNR','NBO','Q','2017-12-16'),(85,'NBO','CDG','Q','2017-12-16'),(86,'ANTANANARIVO IVAT','PARIS CDG','T','2017-12-24'),(87,'PARIS CDG','MAURITIUS AF0460','R','2018-01-08'),(88,'MAURITIUS ANTANANARIVO','IVAT MK0288','Q','2018-01-09'),(89,'ANTANANARIVO IVAT','TOLANARO MARILLAC','Y','2018-04-30'),(90,'TOLANARO MARILLAC','ANTANANARIVO IVAT','Y','2018-05-03'),(91,'TNR','FTU','Y','2018-04-30'),(92,'FTU','TNR','Y','2018-05-03'),(93,'MAHAJANGA PHILIBE','ANTANANARIVO IVAT','E','2017-12-20'),(94,'SAINTE MARIE','ANTANANARIVO IVAT','Y','2018-04-19'),(95,'SAINTE MARIE','ANTANANARIVO IVAT','Y','2018-04-19'),(96,'ANTANANARIVO IVAT','MAURITIUS MK0287','U','2018-01-06'),(97,'MAURITIUS ANTANANARIVO','IVAT MK0288','U','2018-01-25'),(98,'ANTANANARIVO IVAT','MAURITIUS MK0289','R','2018-01-07'),(99,'MAURITIUS MUMBAI','MK0748 R','R','2018-01-07'),(100,'MUMBAI MAURITIUS','MK0749 R','R','2018-01-29'),(101,'MAURITIUS ANTANANARIVO','IVAT MK0288','R','2018-01-29'),(102,'ANTANANARIVO IVAT','SAMBAVA MD0318','E','2018-01-04'),(103,'TOAMASINA ANTANANARIVO','IVAT MD0501','E','2017-12-23'),(104,'ANTANANARIVO IVAT','SAINTE MARIE','K','2017-12-26'),(105,'SAINTE MARIE','TOAMASINA MD0532','E','2018-01-02'),(106,'TOAMASINA ANTANANARIVO','IVAT MD0503','E','2018-01-02'),(107,'ANTANANARIVO IVAT','SAINTE MARIE','K','2017-12-26'),(108,'SAINTE MARIE','TOAMASINA MD0532','E','2018-01-02'),(109,'TOAMASINA ANTANANARIVO','IVAT MD0503','E','2018-01-02'),(110,'ANTANANARIVO IVAT','SAINTE MARIE','K','2017-12-26'),(111,'SAINTE MARIE','TOAMASINA MD0532','E','2018-01-02'),(112,'TOAMASINA ANTANANARIVO','IVAT MD0503','E','2018-01-02'),(113,'ANTANANARIVO IVAT','SAINTE MARIE','E','2017-12-26'),(114,'SAINTE MARIE','TOAMASINA MD0532','M','2018-01-02'),(115,'TOAMASINA ANTANANARIVO','IVAT MD0503','M','2018-01-02'),(116,'ANTANANARIVO IVAT','SAINTE MARIE','E','2017-12-28'),(117,'SAINTE MARIE','ANTANANARIVO IVAT','E','2018-01-05'),(118,'ANTANANARIVO IVAT','SAINTE MARIE','E','2017-12-28'),(119,'SAINTE MARIE','ANTANANARIVO IVAT','E','2018-01-05'),(120,'ANTANANARIVO IVAT','SAINTE MARIE','E','2017-12-28'),(121,'SAINTE MARIE','ANTANANARIVO IVAT','E','2018-01-05'),(122,'ANTANANARIVO IVAT','SAINTE MARIE','E','2017-12-28'),(123,'SAINTE MARIE','ANTANANARIVO IVAT','E','2018-01-05'),(126,'MRU','TNR','U','2018-01-13'),(127,'ANTANANARIVO IVAT','SAINTE MARIE','E','2017-12-29'),(128,'SAINTE MARIE','ANTANANARIVO IVAT','C','2018-01-01'),(129,'ANTANANARIVO IVAT','SAINTE MARIE','E','2017-12-29'),(130,'SAINTE MARIE','ANTANANARIVO IVAT','C','2018-01-01'),(131,'ANTANANARIVO IVAT','SAINTE MARIE','M','2017-12-29'),(132,'SAINTE MARIE','ANTANANARIVO IVAT','R','2018-01-01'),(133,'ANTANANARIVO IVAT','SAINTE MARIE','M','2017-12-29'),(134,'SAINTE MARIE','ANTANANARIVO IVAT','R','2018-01-01'),(135,'ANTANANARIVO IVAT','NAIROBI KENYATTA','T','2018-01-01'),(136,'NAIROBI KENYATTA','BKK SUVARNABHUMI','T','2018-01-01'),(137,'BKK SUVARNABHUMI','NAIROBI KENYATTA','T','2018-01-17'),(138,'NAIROBI KENYATTA','ANTANANARIVO IVAT','T','2018-01-17'),(143,'ANTANANARIVO IVAT','MAURITIUS MK0289','H','2018-01-11'),(144,'MAURITIUS HONG KONG','MK0640 X','X','2018-01-11'),(145,'HONG KONG','MAURITIUS MK0641','X','2018-01-23'),(146,'MAURITIUS ANTANANARIVO','IVAT MK0288','H','2018-01-23'),(147,'ANTANANARIVO IVAT','MAURITIUS MK0289','H','2018-01-11'),(148,'MAURITIUS HONG KONG','MK0640 X','X','2018-01-11'),(149,'HONG KONG','MAURITIUS MK0641','X','2018-01-23'),(150,'MAURITIUS ANTANANARIVO','IVAT MK0288','H','2018-01-23'),(151,'TNR','MRU','H','2018-01-11'),(152,'HKG','MRU','X','2018-01-23'),(153,'MRU','HKG','X','2018-01-11'),(154,'MRU','TNR','H','2018-01-23'),(155,'ANTANANARIVO IVAT','SAINTE MARIE','E','2018-01-07'),(156,'SAINTE MARIE','ANTANANARIVO IVAT','E','2018-01-14'),(157,'PARIS CDG','MAURITIUS MK0923','U','2018-01-02'),(158,'MAURITIUS ANTANANARIVO','IVAT MK0286','U','2018-01-03'),(159,'ANTANANARIVO IVAT','MAURITIUS MK0289','V','2018-01-15'),(160,'MAURITIUS PARIS CDG','MK0922 V','V','2018-01-15'),(161,'ANTANANARIVO IVAT','PARIS CDG','T','2017-12-31'),(162,'PARIS CDG','ANTANANARIVO IVAT','Q','2018-01-07'),(163,'TOAMASINA ANTANANARIVO','IVAT MD0502','M','2018-01-10'),(164,'TOAMASINA ANTANANARIVO','IVAT MD0502','M','2018-01-10'),(167,'PARIS CDG','ANTANANARIVO IVAT','H','2018-01-06'),(168,'ANTANANARIVO IVAT','PARIS CDG','X','2018-12-21'),(171,'ANTANANARIVO IVAT','MAURITIUS MK0289','I','2018-01-18'),(172,'MAURITIUS ANTANANARIVO','IVAT MK0288','I','2018-01-23'),(173,'PARIS CDG','MAURITIUS AF0460','V','2018-04-19'),(174,'MAURITIUS PARIS CDG','AF0463 Q','Q','2018-04-29'),(175,'ANTANANARIVO IVAT','TOLIARA MD0712','E','2018-01-12'),(176,'ANTANANARIVO IVAT','MAURITIUS MK0289','U','2018-01-16'),(177,'MAURITIUS PARIS CDG','MK0034 U','U','2018-01-16'),(178,'MAHAJANGA PHILIBE','ANTANANARIVO IVAT','E','2018-01-15'),(179,'TOAMASINA ANTANANARIVO','IVAT MD0502','E','2018-01-26'),(180,'ANTANANARIVO IVAT','TOAMASINA MD0500','E','2018-01-30'),(181,'ANTANANARIVO IVAT','TOAMASINA MD0500','E','2018-01-22'),(182,'TOAMASINA ANTANANARIVO','IVAT MD0502','E','2018-02-09'),(183,'ANTANANARIVO IVAT','MAURITIUS MK4289','I','2018-01-19'),(184,'MAURITIUS ANTANANARIVO','IVAT MK0288','I','2018-01-25'),(185,'ANTANANARIVO IVAT','PARIS CDG','I','2018-01-24'),(186,'PARIS CDG','ANTANANARIVO IVAT','I','2018-02-06'),(187,'MAURITIUS ANTANANARIVO','IVAT MK0286','J','2018-01-20'),(188,'ANTANANARIVO IVAT','MAURITIUS MK0289','U','2018-01-23'),(189,'ANTANANARIVO IVAT','GUANGZHOU MD0018','O','2018-01-28'),(190,'GUANGZHOU ANTANANARIVO','IVAT MD0019','V','2018-02-05'),(191,'ANTANANARIVO IVAT','TOAMASINA MD0500','E','2018-02-18'),(192,'TOAMASINA SAINTE MARIE','MD0533 E','E','2018-02-18'),(193,'SAINTE MARIE','ANTANANARIVO IVAT','E','2018-02-25'),(194,'ANTANANARIVO IVAT','TOAMASINA MD0500','E','2018-01-23'),(195,'TOAMASINA ANTANANARIVO','IVAT MD0501','E','2018-01-24'),(196,'ANTANANARIVO IVAT','TOAMASINA MD0532','E','2018-01-26'),(197,'TOAMASINA ANTANANARIVO','IVAT MD0501','E','2018-01-27'),(198,'ANTANANARIVO IVAT','MAHAJANGA PHILIBE','E','2018-01-25'),(199,'MAHAJANGA PHILIBE','ANTANANARIVO IVAT','E','2018-01-28'),(200,'ANTANANARIVO IVAT','MAHAJANGA PHILIBE','E','2018-01-25'),(201,'MAHAJANGA PHILIBE','ANTANANARIVO IVAT','E','2018-01-28'),(202,'TOAMASINA ANTANANARIVO','IVAT MD0502','M','2018-02-02'),(203,'TOAMASINA ANTANANARIVO','IVAT MD0502','M','2018-02-02'),(204,'ANTANANARIVO IVAT','NOSY BE','E','2018-01-31'),(205,'NOSY BE','FASCENE ANTANANARIVO','E','2018-02-03'),(206,'ANTANANARIVO IVAT','TOLIARA MD0712','M','2018-01-27'),(207,'ANTANANARIVO IVAT','TOLIARA MD0712','M','2018-01-27'),(208,'ANTANANARIVO IVAT','TOLIARA MD0712','M','2018-01-27'),(209,'MAURITIUS PARIS CDG','MK0922 I','I','2018-06-06'),(210,'PARIS CDG','MAURITIUS MK0923','I','2018-06-28'),(211,'ANTANANARIVO IVAT','PARIS CDG','R','2018-01-29'),(212,'PARIS CDG','ANTANANARIVO IVAT','R','2018-02-08'),(213,'ANTANANARIVO IVAT','MAURITIUS MK0289','H','2018-01-28'),(214,'MAURITIUS PARIS CDG','MK0922 B','B','2018-01-28'),(215,'PARIS CDG','MAURITIUS MK0923','B','2018-02-04'),(216,'MAURITIUS ANTANANARIVO','IVAT MK0288','H','2018-02-05'),(217,'ANTANANARIVO IVAT','MAURITIUS MK0289','H','2018-01-28'),(218,'MAURITIUS PARIS CDG','MK0922 B','B','2018-01-28'),(219,'PARIS CDG','MAURITIUS MK0923','B','2018-02-04'),(220,'MAURITIUS ANTANANARIVO','IVAT MK0288','H','2018-02-05'),(221,'ANTANANARIVO IVAT','MAURITIUS MD0186','D','2018-02-03'),(222,'ANTANANARIVO IVAT','MAURITIUS MD0186','J','2018-02-03'),(223,'ANTANANARIVO IVAT','MAURITIUS MD0186','J','2018-02-03'),(224,'ANTANANARIVO IVAT','SAINTE MARIE','E','2018-02-08'),(225,'SAINTE MARIE','ANTANANARIVO IVAT','E','2018-02-15'),(226,'MAURITIUS PARIS CDG','MK0922 I','I','2018-02-04'),(227,'PARIS CDG','MAURITIUS MK0045','I','2018-02-08'),(228,'ANTANANARIVO IVAT','TOAMASINA MD0500','M','2018-02-11'),(229,'ANTANANARIVO IVAT','SAMBAVA MD0318','Y','2018-02-07'),(230,'SAMBAVA ANTANANARIVO','IVAT MD0319','Y','2018-02-13'),(231,'ANTANANARIVO IVAT','SAMBAVA MD0318','K','2018-02-07'),(232,'SAMBAVA ANTANANARIVO','IVAT MD0319','K','2018-02-13'),(233,'ANTSIRANANA ARRAC','SAMBAVA MD0314','K','2018-02-10'),(234,'SAMBAVA ANTANANARIVO','IVAT MD0319','K','2018-02-13'),(241,'SAINTE MARIE','TOAMASINA MD0532','E','2018-02-23'),(242,'TOAMASINA ST DENIS','UU0556 E','E','2018-02-26'),(243,'ST DENIS','TOAMASINA UU0555','X','2018-03-12'),(244,'PARIS CDG','ANTANANARIVO IVAT','X','2018-02-10'),(245,'ANTANANARIVO IVAT','PARIS CDG','W','2018-02-23'),(246,'PARIS ORLY','ST DENIS','I','2018-02-24'),(247,'ST DENIS','ANTANANARIVO IVAT','I','2018-02-25'),(248,'ANTANANARIVO IVAT','ST DENIS','I','2018-03-04'),(249,'ST DENIS','PARIS ORLY','I','2018-03-04'),(250,'ANTANANARIVO IVAT','NOSY BE','E','2018-02-11'),(251,'NOSY BE','FASCENE ANTANANARIVO','E','2018-02-16'),(252,'ANTANANARIVO IVAT','NOSY BE','E','2018-02-11'),(253,'NOSY BE','FASCENE ANTANANARIVO','E','2018-02-16'),(254,'ANTANANARIVO IVAT','NOSY BE','E','2018-02-11'),(255,'NOSY BE','FASCENE ANTANANARIVO','E','2018-02-16'),(256,'ANTANANARIVO IVAT','NAIROBI KENYATTA','V','2018-03-14'),(257,'NAIROBI KENYATTA','ANTANANARIVO IVAT','V','2018-03-17'),(258,'ANTANANARIVO IVAT','NOSY BE','C','2018-02-15'),(259,'NOSY BE','FASCENE ANTANANARIVO','C','2018-02-16'),(260,'ANTANANARIVO IVAT','NOSY BE','R','2018-02-15'),(261,'NOSY BE','FASCENE ANTANANARIVO','E','2018-02-16'),(262,'ANTANANARIVO IVAT','NOSY BE','J','2018-02-15'),(263,'ANTANANARIVO IVAT','MAHAJANGA PHILIBE','Y','2018-02-22'),(264,'MAHAJANGA PHILIBE','ANTANANARIVO IVAT','Y','2018-02-25'),(265,'ANTANANARIVO IVAT','SAMBAVA MD0318','Y','2018-02-16'),(266,'ANTANANARIVO IVAT','MAHAJANGA PHILIBE','Y','2018-02-19'),(267,'MAURITIUS PARIS CDG','MK0034 R','R','2018-06-26'),(268,'PARIS CDG','MAURITIUS MK0045','C','2018-08-04'),(269,'MAURITIUS PARIS CDG','MK0034 R','R','2018-06-26'),(270,'PARIS CDG','MAURITIUS MK0045','R','2018-08-04'),(271,'MAURITIUS PARIS CDG','MK0034 R','R','2018-06-26'),(272,'PARIS CDG','MAURITIUS MK0045','R','2018-08-04'),(275,'ANTANANARIVO IVAT','ST DENIS','P','2018-02-22'),(276,'ST DENIS','ANTANANARIVO IVAT','U','2018-03-11'),(278,'ANTANANARIVO IVAT','TOAMASINA MD0532','E','2018-03-02'),(279,'TOAMASINA ANTANANARIVO','IVAT MD0533','E','2018-03-04'),(281,'ANTANANARIVO IVAT','MAURITIUS MK0289','R','2018-02-27'),(282,'MAURITIUS ST DENIS','UU0103 K','K','2018-03-02'),(283,'ST DENIS','ANTANANARIVO IVAT','W','2018-03-02'),(284,'ANTANANARIVO IVAT','NOSY BE','E','2018-02-27'),(285,'ANTANANARIVO IVAT','MAURITIUS MK0289','H','2018-03-01'),(286,'MAURITIUS PARIS CDG','MK0034 U','U','2018-03-01'),(287,'PARIS CDG','MAURITIUS MK0045','Q','2018-03-24'),(288,'MAURITIUS ANTANANARIVO','IVAT MK0288','H','2018-03-25'),(289,'MRU','TNR','C','2018-03-08'),(290,'MRU','TNR','C','2018-03-08'),(291,'MRU','TNR','C','2018-03-08'),(292,'ANTANANARIVO IVAT','MAURITIUS MK0289','I','2018-03-12'),(293,'ANTANANARIVO IVAT','MAURITIUS MK0289','I','2018-03-12'),(294,'ANTANANARIVO IVAT','MAURITIUS MK0289','I','2018-03-12'),(295,'ANTANANARIVO IVAT','NAIROBI KENYATTA','E','2018-03-11'),(296,'NAIROBI KENYATTA','BKK SUVARNABHUMI','E','2018-03-11'),(297,'BKK SUVARNABHUMI','NAIROBI KENYATTA','N','2018-03-23'),(298,'NAIROBI KENYATTA','ANTANANARIVO IVAT','N','2018-03-23'),(299,'ANTANANARIVO IVAT','TOAMASINA MD0502','E','2018-03-09'),(300,'ANTANANARIVO IVAT','JOHANNESBURG SA8253','S','2018-05-10'),(301,'JOHANNESBURG CAPE TOWN','INTER SA0367','V','2018-05-10'),(302,'CAPE TOWN','INTER JOHANNESBURG','V','2018-05-18'),(303,'JOHANNESBURG ANTANANARIVO','IVAT SA8252','T','2018-05-18'),(304,'ANTANANARIVO IVAT','PARIS CDG','C','2018-03-26'),(305,'PARIS CDG','ANTANANARIVO IVAT','C','2018-04-10'),(306,'ANTANANARIVO IVAT','MAURITIUS MK0289','I','2018-03-29'),(307,'MAURITIUS ANTANANARIVO','IVAT MK0288','I','2018-04-03'),(308,'ANTANANARIVO IVAT','MAURITIUS MK0289','I','2018-03-29'),(309,'MAURITIUS ANTANANARIVO','IVAT MK0288','I','2018-04-02'),(310,'ANTANANARIVO TOLIARA','MD0712 Y','Y','2018-04-18'),(311,'ANTANANARIVO IVAT','TOLANARO MARILLAC','M','2018-04-21'),(312,'TOLANARO MARILLAC','TOLIARA MD0715','M','2018-04-21'),(313,'ANTANANARIVO IVAT','TOLANARO MARILLAC','M','2018-04-21'),(314,'TOLANARO MARILLAC','TOLIARA MD0715','M','2018-04-21'),(315,'ANTANANARIVO IVAT','TOLANARO MARILLAC','M','2018-04-21'),(316,'TOLANARO MARILLAC','TOLIARA MD0715','M','2018-04-21'),(317,'ANTANANARIVO IVAT','TOLANARO MARILLAC','E','2018-04-21'),(318,'TOLANARO MARILLAC','TOLIARA MD0715','E','2018-04-21'),(319,'ANTANANARIVO IVAT','MAURITIUS MK0289','I','2018-03-20'),(320,'MAURITIUS ANTANANARIVO','IVAT MK0288','I','2018-03-25'),(321,'ANTANANARIVO IVAT','MAURITIUS MK0289','I','2018-03-20'),(322,'MAURITIUS ANTANANARIVO','IVAT MK0288','I','2018-03-22'),(331,'ANTANANARIVO IVAT','ST DENIS','U','2018-03-28'),(332,'ST DENIS','ANTANANARIVO IVAT','O','2018-04-02'),(333,'ANTANANARIVO IVAT','ST DENIS','U','2018-03-28'),(334,'ST DENIS','ANTANANARIVO IVAT','O','2018-04-02'),(335,'ANTANANARIVO IVAT','ANTSIRANANA ARRAC','Y','2018-04-21'),(336,'NOS','TNR','Y','2018-05-03'),(337,'ANTANANARIVO IVAT','ANTSIRANANA ARRAC','E','2018-04-21'),(338,'NOS','TNR','E','2018-05-03'),(339,'ANTANANARIVO IVAT','ANTSIRANANA ARRAC','E','2018-04-21'),(340,'NOS','TNR','E','2018-05-03'),(341,'ANTANANARIVO IVAT','TOAMASINA MD0500','Y','2018-04-18'),(342,'TOAMASINA ANTANANARIVO','IVAT MD0504','Y','2018-04-19'),(343,'ANTANANARIVO IVAT','TOAMASINA MD0500','Y','2018-04-18'),(344,'TOAMASINA ANTANANARIVO','IVAT MD0504','Y','2018-04-19'),(345,'ANTANANARIVO IVAT','TOAMASINA','E','2018-04-18'),(346,'TOALASINA','ANTANANARIVO IVAT','E','2018-04-19'),(349,'ANTANANARIVO IVAT','PARIS CDG','J','2018-04-08'),(350,'PARIS CDG','ANTANANARIVO IVAT','D','2018-05-05'),(351,'PARIS CDG','ANTANANARIVO IVAT','V','2018-04-28'),(352,'ANTANANARIVO IVAT','PARIS CDG','V','2018-05-06'),(353,'PARIS CDG','MAURITIUS MK0923','Q','2018-03-21'),(354,'MAURITIUS ANTANANARIVO','IVAT MK0288','H','2018-03-22'),(355,'TNR','CDG','J','2018-04-08'),(356,'CDG','TNR','D','2018-05-05'),(365,'ANTANANARIVO IVAT','PARIS CDG','A','2018-04-08'),(366,'PARIS CDG','ANTANANARIVO IVAT','I','2018-05-05'),(369,'ST DENIS','ANTANANARIVO IVAT','P','2018-03-28'),(370,'ANTANANARIVO IVAT','ST DENIS','U','2018-04-04'),(371,'ANTANANARIVO IVAT','TOLIARA MD0712','E','2018-03-23'),(372,'TOLIARA TOLANARO','MARILLAC MD0734','E','2018-03-23'),(373,'TOLANARO MARILLAC','TOLIARA MD0733','E','2018-03-27'),(374,'TOLIARA ANTANANARIVO','IVAT MD0713','E','2018-03-27'),(375,'ANTANANARIVO IVAT','MAURITIUS MK0289','U','2018-03-25'),(376,'MAURITIUS ANTANANARIVO','IVAT MK0288','U','2018-04-19'),(377,'PARIS CDG','ANTANANARIVO IVAT','V','2018-05-15'),(378,'ANTANANARIVO IVAT','PARIS CDG','V','2018-05-25'),(379,'ANTANANARIVO IVAT','MAURITIUS MK0289','L','2018-03-29'),(380,'MAURITIUS ANTANANARIVO','IVAT MK0288','L','2018-04-02'),(381,'ANTANANARIVO IVAT','MAURITIUS MK0289','L','2018-03-29'),(382,'MAURITIUS ANTANANARIVO','IVAT MK0288','L','2018-04-02'),(383,'MARSEILLE ANTANANARIVO','IVAT MD0059','Q','2018-04-10'),(384,'ANTANANARIVO IVAT','MARSEILLE MD0058','Q','2018-04-16'),(385,'TNR','SMS','K','2018-04-22'),(386,'SMS','TNR','K','2018-04-27'),(387,'ANTANANARIVO IVAT','SAINTE MARIE','K','2018-04-22'),(388,'SAINTE MARIE','ANTANANARIVO IVAT','K','2018-04-27'),(389,'TNR','SAINTE MARIE','K','2018-04-22'),(390,'SAINTE MARIE','TNR','K','2018-04-27'),(391,'TNR','SAINTE MARIE','K','2018-04-22'),(392,'SAINTE MARIE','TNR','K','2018-04-27'),(393,'TNR','SAINTE MARIE','K','2018-04-22'),(394,'SAINTE MARIE','TNR','K','2018-04-27'),(395,'ANTANANARIVO IVAT','TOLANARO MD0714','E','2018-04-03'),(396,'TOLANARO MARILLAC','TOLIARA MD0715','E','2018-04-07'),(397,'TOLIARA ANTANANARIVO','IVAT MD0713','E','2018-04-07'),(398,'ANTANANARIVO IVAT','TOLANARO MARILLAC','E','2018-04-03'),(399,'TOLANARO MARILLAC','TOLIARA MD0715','E','2018-04-07'),(400,'TOLIARA ANTANANARIVO','IVAT MD0713','E','2018-04-07'),(401,'ANTANANARIVO IVAT','NAIROBI KENYATTA','T','2018-04-11'),(402,'NAIROBI KENYATTA','ANTANANARIVO IVAT','T','2018-04-17'),(403,'ANTANANARIVO IVAT','NAIROBI KENYATTA','T','2018-04-11'),(404,'NAIROBI KENYATTA','ANTANANARIVO IVAT','T','2018-04-17'),(405,'ANTANANARIVO IVAT','NAIROBI KENYATTA','T','2018-04-11'),(406,'NAIROBI KENYATTA','ANTANANARIVO IVAT','T','2018-04-17'),(407,'ANTANANARIVO IVAT','NAIROBI KENYATTA','T','2018-04-11'),(408,'NAIROBI KENYATTA','ANTANANARIVO IVAT','T','2018-04-17'),(409,'ANTANANARIVO IVAT','TOLANARO MARILLAC','M','2018-04-01'),(410,'TOLANARO MARILLAC','TOLIARA MD0733','M','2018-04-01'),(411,'TOLIARA TOLANARO','MARILLAC MD0734','M','2018-04-04'),(412,'TOLANARO MARILLAC','ANTANANARIVO IVAT','M','2018-04-04'),(413,'ANTANANARIVO IVAT','TOLANARO MARILLAC','M','2018-04-01'),(414,'TOLANARO MARILLAC','TOLIARA MD0733','M','2018-04-01'),(415,'TOLIARA TOLANARO','MARILLAC MD0734','M','2018-04-04'),(416,'TOLANARO MARILLAC','ANTANANARIVO IVAT','M','2018-04-04'),(417,'ANTANANARIVO IVAT','TOLANARO MARILLAC','M','2018-04-01'),(418,'TOLANARO MARILLAC','TOLIARA MD0733','M','2018-04-01'),(419,'TOLIARA TOLANARO','MARILLAC MD0734','M','2018-04-04'),(420,'TOLANARO MARILLAC','ANTANANARIVO IVAT','M','2018-04-04'),(421,'ANTANANARIVO IVAT','TOLANARO MARILLAC','E','2018-04-01'),(422,'TOLANARO MARILLAC','TOLIARA MD0733','E','2018-04-01'),(423,'TOLIARA TOLANARO','MARILLAC MD0734','E','2018-04-04'),(424,'TOLANARO MARILLAC','ANTANANARIVO IVAT','E','2018-04-04'),(425,'ANTANANARIVO IVAT','MAURITIUS MK0289','H','2018-04-05'),(426,'MAURITIUS PARIS CDG','MK0034 S','S','2018-04-05'),(427,'PARIS CDG','MAURITIUS MK0923','Q','2018-04-29'),(428,'MAURITIUS ANTANANARIVO','IVAT MK0288','H','2018-04-30'),(429,'ANTANANARIVO IVAT','TOAMASINA MD0502','M','2018-04-05'),(430,'TOAMASINA ANTANANARIVO','IVAT MD0504','M','2018-04-06'),(431,'ANTANANARIVO IVAT','MAURITIUS MK0289','R','2018-05-06'),(432,'MAURITIUS PARIS CDG','MK0034 R','I','2018-05-08'),(433,'PARIS CDG','MAURITIUS MK0045','R','2018-05-16'),(434,'MAURITIUS ANTANANARIVO','IVAT MK0288','I','2018-05-20'),(435,'MAURITIUS ANTANANARIVO','IVAT MK0288','I','2018-04-13'),(436,'ANTANANARIVO IVAT','MAURITIUS MK0289','I','2018-04-15'),(437,'MAURITIUS ANTANANARIVO','IVAT MK0288','I','2018-04-13'),(438,'ANTANANARIVO IVAT','MAURITIUS MK0289','I','2018-04-15'),(439,'MAURITIUS ANTANANARIVO','IVAT MK0288','I','2018-04-13'),(440,'ANTANANARIVO IVAT','MAURITIUS MK0289','I','2018-04-15'),(441,'MAURITIUS ANTANANARIVO','IVAT MK0288','I','2018-04-30'),(442,'ANTANANARIVO IVAT','MAURITIUS MK0289','I','2018-05-06'),(443,'MAURITIUS ANTANANARIVO','IVAT MK0288','I','2018-04-30'),(444,'ANTANANARIVO IVAT','MAURITIUS MK0289','I','2018-05-06'),(445,'MAURITIUS ANTANANARIVO','IVAT MK0288','I','2018-04-30'),(446,'ANTANANARIVO IVAT','MAURITIUS MK0289','I','2018-05-06'),(447,'ANTANANARIVO IVAT','TOLIARA MD0712','E','2018-05-03'),(448,'TOLIARA ANTANANARIVO','IVAT MD0713','E','2018-05-05'),(449,'ANTANANARIVO IVAT','SAMBAVA MD0310','E','2018-04-18'),(450,'SAMBAVA ANTANANARIVO','IVAT MD0319','E','2018-05-02'),(451,'ANTANANARIVO IVAT','MD0310 E','E','2018-04-18'),(452,'ANTANANARIVO IVAT','SAMBAVA','E','2018-04-18'),(453,'ANTANANARIVO IVAT','SAMBAVA','E','2018-04-18'),(454,'SAINTE MARIE','ANTANANARIVO IVAT','E','2018-04-22'),(455,'ANTANANARIVO IVAT','SAINTE MARIE','E','2018-05-14'),(456,'SAINTE MARIE','ANTANANARIVO IVAT','E','2018-04-22'),(457,'ANTANANARIVO IVAT','SAINTE MARIE','E','2018-05-14'),(458,'SAINTE MARIE','ANTANANARIVO IVAT','E','2018-04-22'),(459,'ANTANANARIVO IVAT','SAINTE MARIE','E','2018-05-14'),(460,'SAINTE MARIE','ANTANANARIVO IVAT','E','2018-04-22'),(461,'ANTANANARIVO IVAT','SAINTE MARIE','E','2018-05-14'),(462,'ANTANANARIVO IVAT','NOSY BE','E','2018-04-15'),(463,'NOSY BE','FASCENE ANTANANARIVO','E','2018-04-16'),(464,'BERLIN TEGEL','PARIS CDG','L','2018-04-19'),(465,'PARIS CDG','ANTANANARIVO IVAT','N','2018-04-19'),(466,'SAINTE MARIE','ST DENIS','O','2018-05-11'),(467,'ST DENIS','ANTANANARIVO IVAT','O','2018-06-11'),(468,'ANTANANARIVO IVAT','SAINTE MARIE','E','2018-06-15'),(469,'ANTANANARIVO IVAT','NAIROBI KENYATTA','T','2018-04-15'),(470,'NAIROBI KENYATTA','BKK SUVARNABHUMI','T','2018-04-15'),(471,'BKK SUVARNABHUMI','NAIROBI KENYATTA','N','2018-04-27'),(472,'NAIROBI KENYATTA','ANTANANARIVO IVAT','N','2018-04-27'),(473,'SAMBAVA ANTANANARIVO','IVAT MD0319','E','2018-05-04'),(474,'ANTANANARIVO IVAT','TOAMASINA MD0500','E','2018-04-18'),(475,'TOAMASINA ANTANANARIVO','IVAT MD0502','E','2018-04-19'),(476,'ANTANANARIVO IVAT','TOAMASINA MD0500','Y','2018-04-18'),(477,'TOAMASINA ANTANANARIVO','IVAT MD0502','Y','2018-04-19'),(478,'ANTANANARIVO IVAT','MAURITIUS MK0289','I','2018-04-20'),(479,'MAURITIUS ANTANANARIVO','IVAT MK0288','I','2018-04-23'),(480,'ANTANANARIVO IVAT','MAURITIUS MK0289','I','2018-04-17'),(481,'MAURITIUS ANTANANARIVO','IVAT MK0288','I','2018-04-23'),(487,'MRU','DXB','I','2018-04-25'),(488,'DXB','CDG','I','2018-04-26'),(489,'CDG','DXB','I','2018-05-03'),(490,'DXB','MRU','I','2018-05-13'),(491,'DXB','SIN','L','2018-05-08'),(492,'SIN','DXB','L','2018-05-12'),(493,'DXB','SIN','L','2018-05-08'),(494,'SIN','DXB','L','2018-05-12'),(497,'DXB','SIN','L','2018-05-08'),(498,'SIN','DXB','L','2018-05-12'),(502,'ANTANANARIVO IVAT','SAMBAVA MD0318','E','2018-05-04'),(505,'ANTANANARIVO IVAT','MAURITIUS MK0289','L','2018-04-24'),(506,'MAURITIUS ANTANANARIVO','IVAT MK0288','L','2018-05-13'),(507,'DBX','SIN','L','2018-05-08'),(508,'SIN','DBX','L','2018-05-12'),(509,'DXB','SIN','L','2018-05-08'),(510,'SIN','DXB','L','2018-05-12'),(515,'MRU','DXB','I','2018-04-25'),(516,'DXB','CDG','I','2018-04-26'),(517,'CDG','DXB','I','2018-05-03'),(518,'DXB','MRU','I','2018-05-13'),(519,'DXB','SIN','L','2018-05-08'),(520,'SIN','DXB','L','2018-05-12'),(521,'ANTANANARIVO IVAT','MAURITIUS MK0289','H','2018-05-03'),(522,'MAURITIUS DUBAI','MK0912 Q','Q','2018-05-03'),(523,'DUBAI MAURITIUS','MK0911 I','I','2018-05-13'),(524,'MAURITIUS ANTANANARIVO','IVAT MK0288','I','2018-05-13'),(525,'DXB','SIN','L','2018-05-08'),(526,'SIN','DXB','L','2018-05-12'),(527,'ANTANANARIVO IVAT','MAURITIUS MK0289','L','2018-04-24'),(528,'MAURITIUS ANTANANARIVO','IVAT MK0288','I','2018-05-13'),(529,'ANTANANARIVO IVAT','MAURITIUS MK0289','L','2018-04-24'),(530,'MAURITIUS ANTANANARIVO','IVAT MK0288','L','2018-04-30'),(531,'TNR','MRU','H','2018-05-10'),(532,'MRU','MAA','L','2018-07-17'),(533,'MAA','MRU','L','2018-05-10'),(534,'MRU','TNR','H','2018-07-17'),(535,'PARIS CDG','MAURITIUS MK0045','V','2018-06-23'),(536,'MAURITIUS ANTANANARIVO','IVAT MK0288','V','2018-06-24'),(537,'ANTANANARIVO IVAT','NOSY BE','E','2018-04-26'),(538,'BKK SUVARNABHUMI','NAIROBI KENYATTA','T','2018-05-04'),(539,'NAIROBI KENYATTA','ANTANANARIVO IVAT','T','2018-05-04'),(540,'ANTANANARIVO IVAT','MAURITIUS MK0289','L','2018-04-27'),(541,'MAURITIUS ANTANANARIVO','IVAT MK0288','L','2018-04-30'),(542,'ANTANANARIVO IVAT','NOSY BE','K','2018-04-29'),(543,'NOSY BE','FASCENE ANTANANARIVO','K','2018-05-01'),(544,'ANTANANARIVO IVAT','NOSY BE','K','2018-04-29'),(545,'NOSY BE','FASCENE ANTANANARIVO','K','2018-05-01'),(546,'MAURITIUS ANTANANARIVO','IVAT MK0288','I','2018-05-01'),(547,'ANTANANARIVO IVAT','MAURITIUS MK0289','I','2018-05-04'),(548,'ANTANANARIVO IVAT','NOSY BE','E','2018-05-06'),(549,'NOSY BE','FASCENE ANTANANARIVO','E','2018-05-09'),(550,'ANTANANARIVO IVAT','NOSY BE','E','2018-05-06'),(551,'NOSY BE','FASCENE ANTANANARIVO','E','2018-05-10'),(552,'ANTANANARIVO IVAT','NOSY BE','E','2018-05-06'),(553,'NOSY BE','FASCENE ANTANANARIVO','E','2018-05-10'),(554,'ANTANANARIVO IVAT','NOSY BE','E','2018-05-06'),(555,'NOSY BE','FASCENE ANTANANARIVO','E','2018-05-10'),(556,'ANTANANARIVO IVAT','SAINTE MARIE','E','2018-05-08'),(557,'SAINTE MARIE','ANTANANARIVO IVAT','E','2018-05-11'),(558,'ANTANANARIVO IVAT','MAURITIUS MK0289','L','2018-05-13'),(559,'MAURITIUS ANTANANARIVO','IVAT MK0288','L','2018-05-22'),(560,'ANTANANARIVO IVAT','MAURITIUS MK0289','L','2018-05-17'),(561,'MAURITIUS ANTANANARIVO','IVAT MK0288','L','2018-05-22'),(562,'ANTANANARIVO IVAT','MAURITIUS MK0289','L','2018-05-17'),(563,'MAURITIUS ANTANANARIVO','IVAT MK0288','L','2018-05-22'),(564,'ANTANANARIVO IVAT','MAHAJANGA PHILIBE','E','2018-05-07'),(565,'MAHAJANGA PHILIBE','ANTANANARIVO IVAT','E','2018-05-10'),(566,'ANTANANARIVO IVAT','TOAMASINA MD0500','E','2018-05-08'),(567,'TOAMASINA ANTANANARIVO','IVAT MD0504','E','2018-05-09'),(568,'MARSEILLE ANTANANARIVO','IVAT MD0059','W','2018-05-22'),(569,'ANTANANARIVO IVAT','MARSEILLE MD0056','W','2018-07-21'),(570,'MARSEILLE ANTANANARIVO','IVAT MD0059','W','2018-05-22'),(571,'ANTANANARIVO IVAT','MARSEILLE MD0056','W','2018-07-21'),(572,'NOSY BE','FASCENE ANTANANARIVO','E','2018-05-10'),(573,'ANTANANARIVO IVAT','SAMBAVA MD0318','E','2018-05-15'),(574,'SAMBAVA ANTANANARIVO','IVAT MD0311','E','2018-05-17'),(575,'ANTANANARIVO IVAT','MD0502 E','E','2018-05-10'),(576,'ANTANANARIVO IVAT','NAIROBI KENYATTA','Q','2018-05-15'),(577,'NAIROBI KENYATTA','PARIS CDG','Q','2018-05-15'),(578,'MAURITIUS SIN CHANGI','MK0646 I','I','2018-08-15'),(579,'SIN CHANGI','MAURITIUS MK0647','I','2018-08-23'),(580,'MAURITIUS SIN CHANGI','MK0646 I','I','2018-08-15'),(581,'SIN CHANGI','MAURITIUS MK0647','I','2018-08-23'),(582,'TOAMASINA IVAT','MD0502 E','E','2018-05-17'),(583,'TOAMASINA ANTANANARIVO','IVAT MD0502','E','2018-05-17'),(584,'TMM','TNR','E','2018-05-17'),(585,'TNR','TMM','E','2018-05-25'),(586,'ANTANANARIVO IVAT','TOAMASINA MD0504','E','2018-05-16'),(587,'TNR','TMM','E','2018-05-16'),(588,'ANTANANARIVO IVAT','MAURITIUS MK0289','H','2018-08-23'),(589,'MAURITIUS LONDON LHR','MK0042 T','T','2018-08-23'),(590,'LONDON LHR','MAURITIUS MK0057','X','2018-12-29'),(591,'MAURITIUS ANTANANARIVO','IVAT MK0288','H','2018-12-30'),(592,'PARIS CDG','ANTANANARIVO IVAT','X','2018-06-07'),(593,'ANTANANARIVO IVAT','PARIS CDG','X','2018-06-10'),(594,'TOAMASINA ANTANANARIVO','IVAT MD0504','M','2018-05-16'),(595,'MAURITIUS ANTANANARIVO','IVAT MK0288','I','2018-05-21'),(596,'TNR','TLE','E','2018-06-10'),(597,'TLE','TNR','E','2018-06-17'),(598,'TNR','TLE','E','2018-06-10'),(599,'TLE','TNR','E','2018-06-17'),(600,'TNR','TLE','E','2018-06-10'),(601,'TLE','TNR','E','2018-06-17'),(602,'TNR','TLE','E','2018-06-10'),(603,'TLE','TNR','E','2018-06-17'),(606,'TNR','ADD','L','2018-05-19'),(607,'ADD','CKY','L','2018-05-20'),(608,'CKY','ADD','L','2018-09-03'),(609,'ADD','TNR','L','2018-09-04'),(610,'ANTANANARIVO IVAT','TOLIARA MD0718','E','2018-06-10'),(611,'TOLIARA ANTANANARIVO','IVAT MD0713','E','2018-06-17'),(612,'TNR','TLE','E','2018-06-10'),(613,'TLE','TNR','E','2018-06-17'),(614,'TNR','ADD','L','2018-05-19'),(615,'ADD','CKY','L','2018-05-20'),(616,'CKY','ADD','L','2018-09-03'),(617,'ADD','TNR','L','2018-09-04'),(618,'TOLANARO MARILLAC','TOLIARA MD0733','E','2018-05-22'),(619,'TOLIARA ANTANANARIVO','IVAT MD0713','E','2018-05-22'),(620,'PARIS CDG','ANTANANARIVO IVAT','C','2018-05-26'),(621,'ANTANANARIVO IVAT','PARIS CDG','C','2018-06-04'),(622,'ISTANBUL ANTANANARIVO','IVAT TK0160','L','2018-05-26'),(623,'ANTANANARIVO IVAT','ISTANBUL TK0161','T','2018-05-31'),(624,'ANTANANARIVO IVAT','PARIS CDG','C','2018-06-15'),(625,'PARIS CDG','ANTANANARIVO IVAT','C','2018-07-04'),(626,'ANTANANARIVO IVAT','ISTANBUL TK0161','L','2018-05-29'),(627,'ISTANBUL ANTANANARIVO','IVAT TK0160','V','2018-06-02'),(628,'ANTANANARIVO IVAT','ISTANBUL TK0161','L','2018-05-29'),(629,'ISTANBUL ANTANANARIVO','IVAT TK0160','V','2018-06-02'),(630,'ANTANANARIVO IVAT','MAURITIUS MK0289','I','2018-06-01'),(631,'MAURITIUS ANTANANARIVO','IVAT MK0288','I','2018-06-05'),(632,'ANTANANARIVO IVAT','ISTANBUL TK0161','E','2018-05-31'),(633,'ISTANBUL ANTANANARIVO','IVAT TK0160','L','2018-06-05'),(634,'ISTANBUL ANTANANARIVO','IVAT TK0160','L','2018-06-05'),(635,'ISTANBUL ANTANANARIVO','IVAT TK0160','L','2018-06-05'),(636,'ANTANANARIVO IVAT','PARIS CDG','G','2018-06-18'),(637,'PARIS CDG','ANTANANARIVO IVAT','R','2018-07-10'),(638,'ANTANANARIVO IVAT','PARIS CDG','G','2018-06-18'),(639,'PARIS CDG','ANTANANARIVO IVAT','R','2018-07-10'),(640,'ANTANANARIVO IVAT','PARIS CDG','R','2018-06-18'),(641,'PARIS CDG','ANTANANARIVO IVAT','R','2019-05-19'),(642,'ANTANANARIVO IVAT','PARIS CDG','R','2018-06-18'),(643,'PARIS CDG','ANTANANARIVO IVAT','R','2019-05-19'),(644,'ANTANANARIVO IVAT','NOSY BE','E','2018-06-05'),(645,'NOSY BE','FASCENE ANTANANARIVO','E','2018-06-09'),(646,'ANTANANARIVO IVAT','NOSY BE','E','2018-06-05'),(647,'NOSY BE','FASCENE ANTANANARIVO','E','2018-06-09'),(648,'ANTANANARIVO IVAT','NOSY BE','E','2018-06-07'),(649,'NOSY BE','FASCENE ANTANANARIVO','E','2018-06-09'),(650,'ANTANANARIVO IVAT','NOSY BE','E','2018-06-07'),(651,'NOSY BE','FASCENE ANTANANARIVO','E','2018-06-09'),(652,'TOLIARA ANTANANARIVO','IVAT MD0719','K','2018-06-13'),(653,'TOLIARA ANTANANARIVO','IVAT MD0719','K','2018-06-13'),(654,'PARIS CDG','ANTANANARIVO IVAT','N','2018-06-07'),(655,'ANTANANARIVO IVAT','PARIS CDG','N','2018-06-20'),(656,'NOSY BE','FASCENE ANTANANARIVO','E','2018-06-11'),(657,'NOSY BE','FASCENE ANTANANARIVO','E','2018-06-11'),(658,'ANTANANARIVO IVAT','NOSY BE','E','2018-06-07'),(659,'NOSY BE','FASCENE ANTANANARIVO','E','2018-06-11'),(660,'ANTANANARIVO IVAT','NOSY BE','E','2018-06-07'),(661,'NOSY BE','FASCENE ANTANANARIVO','E','2018-06-11'),(662,'MAURITIUS ANTANANARIVO','IVAT MK0288','I','2018-06-15'),(663,'ANTANANARIVO IVAT','MAURITIUS MK0289','I','2018-06-17'),(664,'MAURITIUS ANTANANARIVO','IVAT MK0288','I','2018-06-15'),(665,'ANTANANARIVO IVAT','MAURITIUS MK0289','I','2018-06-17'),(666,'MAURITIUS ANTANANARIVO','IVAT MK0288','I','2018-06-15'),(667,'ANTANANARIVO IVAT','MAURITIUS MK0289','I','2018-06-17'),(668,'ANTANANARIVO IVAT','MAURITIUS MK0289','I','2018-06-19'),(669,'MAURITIUS ANTANANARIVO','IVAT MK0288','I','2018-06-25'),(670,'ANTANANARIVO IVAT','MAURITIUS MK0289','L','2018-06-10'),(671,'MAURITIUS ANTANANARIVO','IVAT MK0288','L','2018-06-24'),(672,'ANTANANARIVO IVAT','TOLIARA MD0712','E','2018-06-14'),(673,'TOLIARA TOLANARO','MARILLAC MD0734','E','2018-06-14'),(674,'TOLANARO MARILLAC','TOLIARA MD0733','E','2018-06-17'),(675,'TOLIARA ANTANANARIVO','IVAT MD0713','E','2018-06-17'),(676,'ANTANANARIVO IVAT','MAURITIUS MK0289','I','2018-06-14'),(677,'MAURITIUS ANTANANARIVO','IVAT MK0288','I','2018-06-17'),(678,'ANTANANARIVO IVAT','MAURITIUS MK0289','I','2018-06-14'),(679,'MAURITIUS ANTANANARIVO','IVAT MK0288','I','2018-06-17'),(680,'ANTANANARIVO IVAT','SAMBAVA MD0310','J','2018-06-13'),(681,'ANTANANARIVO IVAT','TOLANARO MARILLAC','E','2018-06-12'),(682,'TOLANARO MARILLAC','TOLIARA MD0733','E','2018-06-12'),(683,'TOLIARA ANTANANARIVO','IVAT MD0713','E','2018-06-16'),(684,'ANTANANARIVO IVAT','TOLANARO MARILLAC','E','2018-06-12'),(685,'TOLANARO MARILLAC','TOLIARA MD0733','E','2018-06-12'),(686,'TOLIARA ANTANANARIVO','IVAT MD0713','E','2018-06-16'),(690,'ANTANANARIVO IVAT','SAINTE MARIE','E','2018-06-15'),(691,'SAINTE MARIE','ANTANANARIVO IVAT','E','2018-06-22'),(692,'ANTANANARIVO IVAT','SAINTE MARIE','E','2018-06-15'),(693,'SAINTE MARIE','ANTANANARIVO IVAT','E','2018-06-22'),(694,'ANTANANARIVO IVAT','SAINTE MARIE','E','2018-06-15'),(695,'SAINTE MARIE','ANTANANARIVO IVAT','E','2018-06-22'),(696,'ANTANANARIVO IVAT','SMS','E','2018-06-18'),(697,'SMS','TNR','E','2018-06-24'),(698,'ANTANANARIVO IVAT','ISTANBUL TK0161','T','2018-06-21'),(699,'ISTANBUL ANTANANARIVO','IVAT TK0160','V','2018-06-28'),(700,'ANTSIRANANA ARRAC','ANTANANARIVO IVAT','Y','2018-07-14'),(701,'ANTANANARIVO IVAT','SAINTE MARIE','Y','2018-07-15'),(702,'SAINTE MARIE','ANTANANARIVO IVAT','Y','2018-07-24'),(703,'ANTANANARIVO IVAT','ANTSIRANANA ARRAC','Y','2018-07-27'),(704,'ANTSIRANANA ARRAC','ANTANANARIVO IVAT','K','2018-07-14'),(705,'ANTANANARIVO IVAT','SAINTE MARIE','K','2018-07-15'),(706,'SAINTE MARIE','ANTANANARIVO IVAT','K','2018-07-24'),(707,'ANTANANARIVO IVAT','ANTSIRANANA ARRAC','K','2018-07-27'),(708,'ANTANANARIVO IVAT','SAMBAVA MD0318','J','2018-06-17'),(709,'ANTANANARIVO IVAT','MAURITIUS MK0289','R','2018-06-21'),(710,'MAURITIUS ANTANANARIVO','IVAT MK0288','I','2018-06-25'),(711,'ANTANANARIVO IVAT','ANTSIRANANA ARRAC','E','2018-06-22'),(712,'ANTSIRANANA ARRAC','ANTANANARIVO IVAT','E','2018-06-23'),(713,'ANTANANARIVO IVAT','TOAMASINA MD0502','E','2018-06-21'),(714,'TOAMASINA ANTANANARIVO','IVAT MD0504','E','2018-06-22'),(715,'ANTANANARIVO IVAT','NOSY BE','E','2018-06-20'),(716,'NOSY BE','FASCENE ANTANANARIVO','E','2018-06-25'),(717,'ANTANANARIVO IVAT','SAMBAVA MD0310','J','2018-06-20'),(718,'SAMBAVA ANTANANARIVO','IVAT MD0311','E','2018-06-23'),(719,'ANTANANARIVO IVAT','PARIS CDG','N','2018-07-15'),(720,'PARIS ORLY','TOULOUSE','L','2018-07-26'),(721,'TOULOUSE','PARIS CDG','L','2018-09-09'),(722,'PARIS CDG','ANTANANARIVO IVAT','N','2018-09-09'),(723,'ANTANANARIVO IVAT','PARIS CDG','H','2018-08-17'),(724,'PARIS CDG','TOULOUSE AF7528','K','2018-08-17'),(725,'TOULOUSE PARIS CDG','AF7529 L','L','2018-09-09'),(726,'PARIS CDG','ANTANANARIVO IVAT','N','2018-09-09'),(727,'ANTANANARIVO IVAT','PARIS CDG','C','2018-07-02'),(728,'PARIS CDG','ANTANANARIVO IVAT','C','2018-07-06'),(729,'ANTANANARIVO IVAT','ANTSIRANANA ARRAC','E','2018-06-30'),(730,'ANTSIRANANA ARRAC','ANTANANARIVO IVAT','E','2018-07-03'),(731,'ANTANANARIVO IVAT','MAHAJANGA PHILIBE','E','2018-06-24'),(732,'MAHAJANGA PHILIBE','ANTANANARIVO IVAT','E','2018-06-28'),(733,'ANTANANARIVO IVAT','TOLIARA MD0712','M','2018-06-22'),(734,'TOLIARA ANTANANARIVO','IVAT MD0713','M','2018-06-25'),(735,'PARIS CDG','SABIHA GOKCEN','O','2018-06-24'),(736,'SABIHA GOKCEN','PARIS CDG','Q','2018-06-28'),(737,'PARIS CDG','ANTANANARIVO IVAT','C','2018-08-29'),(738,'ANTANANARIVO IVAT','PARIS CDG','C','2018-11-01'),(739,'FTU','TLE','R','2018-07-01'),(740,'TLE','TNR','R','2018-07-01'),(741,'ANTANANARIVO IVAT','PARIS CDG','R','2018-08-08'),(742,'PARIS CDG','ANTANANARIVO IVAT','R','2018-08-25'),(743,'ANTANANARIVO IVAT','PARIS CDG','R','2018-08-08'),(744,'PARIS CDG','ANTANANARIVO IVAT','R','2018-08-25'),(745,'ANTANANARIVO IVAT','PARIS CDG','R','2018-08-08'),(746,'PARIS CDG','ANTANANARIVO IVAT','R','2019-06-18'),(747,'ANTANANARIVO IVAT','MAURITIUS MK0289','H','2018-07-08'),(748,'MAURITIUS PARIS CDG','MK0034 B','B','2018-07-08'),(749,'PARIS CDG','MAURITIUS MK0047','B','2018-08-26'),(750,'MAURITIUS ANTANANARIVO','IVAT MK0288','H','2018-08-27'),(751,'ANTANANARIVO IVAT','PARIS CDG','T','2018-07-01'),(752,'PARIS CDG','MONTREAL TRUDEAU','T','2018-07-01'),(753,'MONTREAL TRUDEAU','PARIS CDG','N','2018-07-11'),(754,'PARIS CDG','ANTANANARIVO IVAT','N','2018-07-12'),(755,'ANTANANARIVO IVAT','MAURITIUS MK0289','H','2018-07-09'),(756,'MAURITIUS DUBAI','MK0912 X','X','2018-07-09'),(757,'DUBAI MAURITIUS','MK0913 X','X','2018-07-14'),(758,'MAURITIUS ANTANANARIVO','IVAT MK0288','H','2018-07-19'),(759,'ANTANANARIVO IVAT','MAURITIUS MK0289','H','2018-07-09'),(760,'MAURITIUS DUBAI','MK0912 X','X','2018-07-09'),(761,'DUBAI MAURITIUS','MK0913 X','X','2018-07-14'),(762,'MAURITIUS ANTANANARIVO','IVAT MK0288','H','2018-07-19'),(763,'ANTANANARIVO IVAT','MAURITIUS MK0289','H','2018-07-09'),(764,'MAURITIUS DUBAI','MK0912 X','X','2018-07-09'),(765,'DUBAI MAURITIUS','MK0913 X','X','2018-07-14'),(766,'MAURITIUS ANTANANARIVO','IVAT MK0288','H','2018-07-19'),(767,'ANTANANARIVO IVAT','MAURITIUS MK0289','H','2018-07-09'),(768,'MAURITIUS DUBAI','MK0912 X','X','2018-07-09'),(769,'DUBAI MAURITIUS','MK0913 X','X','2018-07-14'),(770,'MAURITIUS ANTANANARIVO','IVAT MK0288','H','2018-07-19'),(771,'ANTANANARIVO IVAT','MAURITIUS MK0289','H','2018-07-09'),(772,'MAURITIUS DUBAI','MK0912 X','X','2018-07-09'),(773,'DUBAI MAURITIUS','MK0913 X','X','2018-07-14'),(774,'MAURITIUS ANTANANARIVO','IVAT MK0288','H','2018-07-19'),(775,'ANTANANARIVO IVAT','TOAMASINA MD0500','E','2018-07-03'),(776,'TOAMASINA ANTANANARIVO','IVAT MD0504','E','2018-07-04'),(777,'ANTANANARIVO IVAT','MAURITIUS MK0289','H','2018-07-09'),(778,'MAURITIUS DUBAI','MK0912 X','X','2018-07-09'),(779,'DUBAI MAURITIUS','MK0911 X','X','2018-07-14'),(780,'MAURITIUS ANTANANARIVO','IVAT MK0286','H','2018-07-14'),(781,'ANTANANARIVO IVAT','TAMATAVE','E','2018-08-01'),(782,'TAMATAVE','ANTANANARIVO IVAT','E','2018-08-03'),(783,'ANTANANARIVO IVAT','TOAMASINA MD0502','Y','2018-08-01'),(784,'TOAMASINA ANTANANARIVO','IVAT MD0504','Y','2018-08-03'),(785,'TNR','RUN','H','2018-08-11'),(786,'RUN','TNR','M','2018-08-25'),(787,'TNR','RUN','H','2018-08-11'),(788,'RUN','TNR','M','2018-08-25'),(789,'TNR','RUN','H','2018-08-11'),(790,'RUN','TNR','M','2018-08-25'),(791,'TNR','RUN','N','2018-08-11'),(792,'RUN','CDG','N','2018-08-22'),(793,'CDG','RUN','X','2019-06-20'),(794,'RUN','TNR','N','2019-06-21'),(795,'ANTANANARIVO IVAT','TOAMASINA MD0502','E','2018-07-15'),(796,'TOAMASINA ANTANANARIVO','IVAT MD0503','E','2018-07-21'),(797,'ANTANANARIVO IVAT','SMS','E','2018-07-10'),(798,'SMS','ANTANANARIVO IVAT','E','2018-07-16'),(799,'ANTANANARIVO IVAT','SMS','E','2018-07-10'),(800,'SMS','ANTANANARIVO IVAT','E','2018-07-16'),(801,'ANTANANARIVO IVAT','SAINTE MARIE','Y','2018-12-04'),(802,'SAINTE MARIE','ANTANANARIVO IVAT','Y','2018-12-09'),(803,'ANTANANARIVO IVAT','SAINTE MARIE','Y','2018-12-04'),(804,'SAINTE MARIE','ANTANANARIVO IVAT','Y','2018-12-09'),(805,'ANTANANARIVO IVAT','SAINTE MARIE','Y','2018-12-04'),(806,'SAINTE MARIE','ANTANANARIVO IVAT','Y','2018-12-09'),(807,'ANTANANARIVO IVAT','SAINTE MARIE','Y','2018-12-04'),(808,'SAINTE MARIE','ANTANANARIVO IVAT','Y','2018-12-09'),(809,'ANTANANARIVO IVAT','NOSY BE','K','2018-07-31'),(810,'NOSY BE','FASCENE ANTANANARIVO','K','2018-08-06'),(811,'ANTANANARIVO IVAT','NOSY BE FASCENE','K','2018-07-31'),(812,'NOSY BE FASCENE','ANTANANARIVO IVAT','K','2018-08-06'),(813,'ANTANANARIVO IVAT','NOSY BE','E','2018-07-31'),(814,'NOSY BE','FASCENE ANTANANARIVO','E','2018-08-06');
/*!40000 ALTER TABLE `parcour` ENABLE KEYS */;
UNLOCK TABLES;

--
-- Table structure for table `piece_jointe`
--

DROP TABLE IF EXISTS `piece_jointe`;
/*!40101 SET @saved_cs_client     = @@character_set_client */;
/*!40101 SET character_set_client = utf8 */;
CREATE TABLE `piece_jointe` (
  `id` int(11) NOT NULL AUTO_INCREMENT,
  `file_name` varchar(255) COLLATE utf8_unicode_ci NOT NULL,
  PRIMARY KEY (`id`)
) ENGINE=InnoDB AUTO_INCREMENT=94 DEFAULT CHARSET=utf8 COLLATE=utf8_unicode_ci;
/*!40101 SET character_set_client = @saved_cs_client */;

--
-- Dumping data for table `piece_jointe`
--

LOCK TABLES `piece_jointe` WRITE;
/*!40000 ALTER TABLE `piece_jointe` DISABLE KEYS */;
INSERT INTO `piece_jointe` VALUES (1,'pj_paiement_3pdf'),(2,'Ck Ravoavahy.pdf'),(3,'pj_paiement_4pdf'),(4,'Tarif Corpo 030972 RAJABALI.docx'),(5,'pj_paiement_8pdf'),(6,'pj_paiement_9pdf'),(7,'pj_paiement_18pdf'),(8,'pj_paiement_19pdf'),(9,'Bc Buisson Cimelta.pdf'),(10,'pj_paiement_25pdf'),(11,'220118 BC RAVELOJAONA  ET RAHARISON   TNR TMN TNR.pdf'),(12,'220118 BC RAVELOJAONA  ET RAHARISON   TNR TMN TNR.pdf'),(13,'pj_paiement_26pdf'),(14,'pj_paiement_34pdf'),(15,'pj_paiement_35pdf'),(16,'pj_paiement_36pdf'),(17,'pj_paiement_38pdf'),(18,'BC Ibis Nairobi.pdf'),(19,'pj_paiement_39pdf'),(20,'Bc SIDI.pdf'),(21,'pj_paiement_41pdf'),(22,'pj_paiement_42pdf'),(23,'220218 BC RAHARISON ANDRIA 0203 0403 TNR TMN TNR.pdf'),(24,'pj_paiement_45pdf'),(25,'BC Razafimahefa.pdf'),(26,'pj_paiement_47pdf'),(27,'BC n°62119 (HSM VOYAGES).pdf'),(28,'pj_paiement_49pdf'),(29,'pj_paiement_52pdf'),(30,'Provisional visa HAHN Charlotte.pdf'),(31,'pj_paiement_54pdf'),(32,'260318 bon pour accord.pdf'),(33,'pj_paiement_55pdf'),(34,'BC n° 56860 (HSM Voyages) 001.jpg'),(35,'pj_paiement_60pdf'),(36,'EMD Rafalimanana.docx'),(37,'Poblete.pdf'),(38,'Ck Tang siou mi.pdf'),(39,'pj_paiement_66pdf'),(40,'pj_paiement_67pdf'),(41,'Fenozanany EK SINGAPORE.pdf'),(42,'pj_paiement_68pdf'),(43,'Fenozanany EK PARIS.pdf'),(44,'pj_paiement_69pdf'),(45,'Bordereau versement TANG.jpg'),(46,'Bordereau versement TANG.jpg'),(47,'Bordereau Difference FENOZANANY.jpg'),(48,'pj_paiement_73pdf'),(49,'pj_paiement_79pdf'),(50,'pj_paiement_80pdf'),(51,'pj_paiement_81pdf'),(52,'pj_paiement_82pdf'),(53,'pj_paiement_83pdf'),(54,'pj_paiement_84pdf'),(55,'Nethanel.pdf'),(56,'pj_paiement_86pdf'),(57,'pj_paiement_87pdf'),(58,'pj_paiement_88pdf'),(59,'pj_paiement_89pdf'),(60,'pj_paiement_93pdf'),(61,'pj_paiement_98pdf'),(62,'pj_paiement_99pdf'),(63,'billet-040518.pdf'),(64,'BC Raharison.pdf'),(65,'Bc Samisoa.pdf'),(66,'pj_paiement_110pdf'),(67,'pj_paiement_111pdf'),(68,'pj_paiement_112pdf'),(69,'Accord DEIBER.tif'),(70,'pj_paiement_117pdf'),(71,'pj_paiement_118pdf'),(72,'BC Cimelta.pdf'),(73,'BC Cimelta.pdf'),(74,'110618 RANDRIANJAFIMANANA 1406 1706 TNR FTU TNR.pdf'),(75,'pj_paiement_124pdf'),(76,'pj_paiement_125pdf'),(77,'pj_paiement_126pdf'),(78,'pj_paiement_127pdf'),(79,'pj_paiement_128pdf'),(80,'pj_paiement_129pdf'),(81,'bc5694 hsm-.pdf'),(82,'210618 BC RAMAMONJISOA TNR DIE TNR 3006 0307.pdf'),(83,'pj_paiement_135pdf'),(84,'pj_paiement_137pdf'),(85,'020718 RAHARISON Andrianjanahary TNR TMN TNR 0307 0407.pdf'),(86,'030718 BC RANDRIANIRINA  Jean Blaise TNR TMN TNR 1507 2107.pdf'),(87,'pj_paiement_142pdf'),(88,'pj_paiement_143pdf'),(89,'pj_paiement_146pdf'),(90,'pj_paiement_148pdf'),(91,'pj_paiement_149pdf'),(92,'pj_paiement_150pdf');
/*!40000 ALTER TABLE `piece_jointe` ENABLE KEYS */;
UNLOCK TABLES;

--
-- Table structure for table `plus_vente`
--

DROP TABLE IF EXISTS `plus_vente`;
/*!40101 SET @saved_cs_client     = @@character_set_client */;
/*!40101 SET character_set_client = utf8 */;
CREATE TABLE `plus_vente` (
  `id` int(11) NOT NULL AUTO_INCREMENT,
  `libelle` varchar(255) COLLATE utf8_unicode_ci NOT NULL,
  `montant` varchar(255) COLLATE utf8_unicode_ci NOT NULL,
  PRIMARY KEY (`id`)
) ENGINE=InnoDB DEFAULT CHARSET=utf8 COLLATE=utf8_unicode_ci;
/*!40101 SET character_set_client = @saved_cs_client */;

--
-- Dumping data for table `plus_vente`
--

LOCK TABLES `plus_vente` WRITE;
/*!40000 ALTER TABLE `plus_vente` DISABLE KEYS */;
/*!40000 ALTER TABLE `plus_vente` ENABLE KEYS */;
UNLOCK TABLES;

--
-- Table structure for table `reglement`
--

DROP TABLE IF EXISTS `reglement`;
/*!40101 SET @saved_cs_client     = @@character_set_client */;
/*!40101 SET character_set_client = utf8 */;
CREATE TABLE `reglement` (
  `id` int(11) NOT NULL AUTO_INCREMENT,
  `cie_id` int(11) DEFAULT NULL,
  `montant` double NOT NULL,
  `date` datetime NOT NULL,
  PRIMARY KEY (`id`),
  KEY `IDX_EBE4C14C3E78D278` (`cie_id`),
  CONSTRAINT `FK_EBE4C14C3E78D278` FOREIGN KEY (`cie_id`) REFERENCES `tiers` (`id`)
) ENGINE=InnoDB AUTO_INCREMENT=18 DEFAULT CHARSET=utf8 COLLATE=utf8_unicode_ci;
/*!40101 SET character_set_client = @saved_cs_client */;

--
-- Dumping data for table `reglement`
--

LOCK TABLES `reglement` WRITE;
/*!40000 ALTER TABLE `reglement` DISABLE KEYS */;
INSERT INTO `reglement` VALUES (1,5,13378700,'2018-01-12 00:00:00'),(2,7,23758100,'2018-01-12 00:00:00'),(3,8,38080400,'2018-01-12 00:00:00'),(4,44,5796500,'2018-01-06 00:00:00'),(5,7,22083100,'2018-02-09 00:00:00'),(6,8,25319500,'2018-02-09 00:00:00'),(7,5,21335700,'2018-02-09 00:00:00'),(8,3,4284300,'2018-03-09 00:00:00'),(9,7,21040400,'2018-04-09 00:00:00'),(10,8,56441000,'2018-03-05 00:00:00'),(11,37,13102700,'2018-03-05 00:00:00'),(12,44,2694800,'2018-03-05 00:00:00'),(13,8,16575500,'2018-04-09 00:00:00'),(14,7,29423400,'2018-04-09 00:00:00'),(15,5,17009500,'2018-04-09 00:00:00'),(16,46,3932600,'2018-04-09 00:00:00'),(17,44,14028100,'2018-04-09 00:00:00');
/*!40000 ALTER TABLE `reglement` ENABLE KEYS */;
UNLOCK TABLES;

--
-- Table structure for table `responsable`
--

DROP TABLE IF EXISTS `responsable`;
/*!40101 SET @saved_cs_client     = @@character_set_client */;
/*!40101 SET character_set_client = utf8 */;
CREATE TABLE `responsable` (
  `id` int(11) NOT NULL AUTO_INCREMENT,
  `nom` varchar(255) COLLATE utf8_unicode_ci NOT NULL,
  `prenom` varchar(255) COLLATE utf8_unicode_ci NOT NULL,
  `fonction` varchar(255) COLLATE utf8_unicode_ci NOT NULL,
  `mail` varchar(255) COLLATE utf8_unicode_ci NOT NULL,
  PRIMARY KEY (`id`)
) ENGINE=InnoDB DEFAULT CHARSET=utf8 COLLATE=utf8_unicode_ci;
/*!40101 SET character_set_client = @saved_cs_client */;

--
-- Dumping data for table `responsable`
--

LOCK TABLES `responsable` WRITE;
/*!40000 ALTER TABLE `responsable` DISABLE KEYS */;
/*!40000 ALTER TABLE `responsable` ENABLE KEYS */;
UNLOCK TABLES;

--
-- Table structure for table `responsable_contact`
--

DROP TABLE IF EXISTS `responsable_contact`;
/*!40101 SET @saved_cs_client     = @@character_set_client */;
/*!40101 SET character_set_client = utf8 */;
CREATE TABLE `responsable_contact` (
  `responsable_id` int(11) NOT NULL,
  `contact_id` int(11) NOT NULL,
  PRIMARY KEY (`responsable_id`,`contact_id`),
  UNIQUE KEY `UNIQ_50AD5ACBE7A1254A` (`contact_id`),
  KEY `IDX_50AD5ACB53C59D72` (`responsable_id`),
  CONSTRAINT `FK_50AD5ACB53C59D72` FOREIGN KEY (`responsable_id`) REFERENCES `responsable` (`id`),
  CONSTRAINT `FK_50AD5ACBE7A1254A` FOREIGN KEY (`contact_id`) REFERENCES `contact` (`id`)
) ENGINE=InnoDB DEFAULT CHARSET=utf8 COLLATE=utf8_unicode_ci;
/*!40101 SET character_set_client = @saved_cs_client */;

--
-- Dumping data for table `responsable_contact`
--

LOCK TABLES `responsable_contact` WRITE;
/*!40000 ALTER TABLE `responsable_contact` DISABLE KEYS */;
/*!40000 ALTER TABLE `responsable_contact` ENABLE KEYS */;
UNLOCK TABLES;

--
-- Table structure for table `t_v_a`
--

DROP TABLE IF EXISTS `t_v_a`;
/*!40101 SET @saved_cs_client     = @@character_set_client */;
/*!40101 SET character_set_client = utf8 */;
CREATE TABLE `t_v_a` (
  `id` int(11) NOT NULL AUTO_INCREMENT,
  `taux` double NOT NULL,
  PRIMARY KEY (`id`)
) ENGINE=InnoDB AUTO_INCREMENT=2 DEFAULT CHARSET=utf8 COLLATE=utf8_unicode_ci;
/*!40101 SET character_set_client = @saved_cs_client */;

--
-- Dumping data for table `t_v_a`
--

LOCK TABLES `t_v_a` WRITE;
/*!40000 ALTER TABLE `t_v_a` DISABLE KEYS */;
INSERT INTO `t_v_a` VALUES (1,20);
/*!40000 ALTER TABLE `t_v_a` ENABLE KEYS */;
UNLOCK TABLES;

--
-- Table structure for table `taux_com`
--

DROP TABLE IF EXISTS `taux_com`;
/*!40101 SET @saved_cs_client     = @@character_set_client */;
/*!40101 SET character_set_client = utf8 */;
CREATE TABLE `taux_com` (
  `id` int(11) NOT NULL AUTO_INCREMENT,
  `taux` double NOT NULL,
  PRIMARY KEY (`id`)
) ENGINE=InnoDB AUTO_INCREMENT=2 DEFAULT CHARSET=utf8 COLLATE=utf8_unicode_ci;
/*!40101 SET character_set_client = @saved_cs_client */;

--
-- Dumping data for table `taux_com`
--

LOCK TABLES `taux_com` WRITE;
/*!40000 ALTER TABLE `taux_com` DISABLE KEYS */;
INSERT INTO `taux_com` VALUES (1,5);
/*!40000 ALTER TABLE `taux_com` ENABLE KEYS */;
UNLOCK TABLES;

--
-- Table structure for table `tiers`
--

DROP TABLE IF EXISTS `tiers`;
/*!40101 SET @saved_cs_client     = @@character_set_client */;
/*!40101 SET character_set_client = utf8 */;
CREATE TABLE `tiers` (
  `id` int(11) NOT NULL AUTO_INCREMENT,
  `responsable_id` int(11) DEFAULT NULL,
  `societe_id` int(11) DEFAULT NULL,
  `logo_id` int(11) DEFAULT NULL,
  `nom` varchar(255) COLLATE utf8_unicode_ci DEFAULT NULL,
  `prenom` varchar(255) COLLATE utf8_unicode_ci DEFAULT NULL,
  `raisonSociale` varchar(255) COLLATE utf8_unicode_ci DEFAULT NULL,
  `adresse` varchar(255) COLLATE utf8_unicode_ci NOT NULL,
  `mail` varchar(255) COLLATE utf8_unicode_ci DEFAULT NULL,
  `discriminator` varchar(255) COLLATE utf8_unicode_ci NOT NULL,
  `type` varchar(255) COLLATE utf8_unicode_ci NOT NULL,
  `type_soc` varchar(255) COLLATE utf8_unicode_ci DEFAULT NULL,
  `type_cli` varchar(255) COLLATE utf8_unicode_ci DEFAULT NULL,
  `num_stat` varchar(255) COLLATE utf8_unicode_ci DEFAULT NULL,
  `num_nif` varchar(255) COLLATE utf8_unicode_ci DEFAULT NULL,
  `num_rcs` varchar(255) COLLATE utf8_unicode_ci DEFAULT NULL,
  `num_cif` varchar(255) COLLATE utf8_unicode_ci DEFAULT NULL,
  `date_cif` date DEFAULT NULL,
  `linked` tinyint(1) NOT NULL,
  `num_compte` varchar(255) COLLATE utf8_unicode_ci DEFAULT NULL,
  PRIMARY KEY (`id`),
  UNIQUE KEY `UNIQ_16473BA253C59D72` (`responsable_id`),
  UNIQUE KEY `UNIQ_16473BA2F98F144A` (`logo_id`),
  KEY `IDX_16473BA2FCF77503` (`societe_id`),
  CONSTRAINT `FK_16473BA253C59D72` FOREIGN KEY (`responsable_id`) REFERENCES `responsable` (`id`),
  CONSTRAINT `FK_16473BA2F98F144A` FOREIGN KEY (`logo_id`) REFERENCES `logo` (`id`),
  CONSTRAINT `FK_16473BA2FCF77503` FOREIGN KEY (`societe_id`) REFERENCES `tiers` (`id`) ON DELETE CASCADE
) ENGINE=InnoDB AUTO_INCREMENT=100 DEFAULT CHARSET=utf8 COLLATE=utf8_unicode_ci;
/*!40101 SET character_set_client = @saved_cs_client */;

--
-- Dumping data for table `tiers`
--

LOCK TABLES `tiers` WRITE;
/*!40000 ALTER TABLE `tiers` DISABLE KEYS */;
INSERT INTO `tiers` VALUES (1,NULL,NULL,1,NULL,NULL,'HSM Voyage','EDEN GALLERY - Enceinte Hôtel Ibis Rue Ravoninahitriniarivo Ankorondrano ANTANANARIVO 101 -Madagascar','contact@hsmv.mg','generale','societe','Agence de voyage','autre','55101 11 2007 0 10921','4000037742','2002B00215','0241659/DGI-E','2017-12-15',0,NULL),(3,NULL,NULL,NULL,NULL,NULL,'AIR AUSTRAL','A modifier','air_austral@mail.com','fournisseurs','societe','compagnie aérienne',NULL,NULL,NULL,NULL,NULL,NULL,0,'468AIRAU'),(4,NULL,32,NULL,NULL,NULL,'AIR CARAIBES','A modifier','AIR_CARAIBES@mail.com','fournisseurs','societe','compagnie aérienne',NULL,NULL,NULL,NULL,NULL,NULL,1,'468AIRCA'),(5,NULL,NULL,NULL,NULL,NULL,'AIR FRANCE','Tour Zital 5 eme étage','AIR_FRANCE@mail.com','fournisseurs','societe','Compagnie aérienne','autre','51101 11 1944 0 10001','2000006808',NULL,NULL,NULL,0,'468AIRFR'),(6,NULL,32,NULL,NULL,NULL,'AIR LINK','A modifier','AIR_LINK@mail.com','fournisseurs','societe','compagnie aérienne',NULL,NULL,NULL,NULL,NULL,NULL,1,'468AIRLI'),(7,NULL,NULL,NULL,NULL,NULL,'AIR MADAGASCAR','A modifier','AIR_MADAGASCAR@mail.com','fournisseurs','societe','compagnie aérienne',NULL,NULL,NULL,NULL,NULL,NULL,0,'468AIRMD'),(8,NULL,NULL,NULL,NULL,NULL,'AIR MAURITIUS','A modifier','air_mauritius@mail.com','fournisseurs','societe','compagnie aérienne',NULL,NULL,NULL,NULL,NULL,NULL,0,'468AIRMK'),(9,NULL,32,NULL,NULL,NULL,'AIR SEYCHELLES','A modifier','air_shey@mail.com','fournisseurs','societe','compagnie aérienne',NULL,NULL,NULL,NULL,NULL,NULL,1,'468AIRSE'),(10,NULL,31,NULL,NULL,NULL,'ALITALIA','A modifier','aalitalia@mail.com','fournisseurs','societe','compagnie aérienne',NULL,NULL,NULL,NULL,NULL,NULL,1,'468ALI00'),(11,NULL,NULL,NULL,NULL,NULL,'SIDI','Mahatony ivandry',NULL,'client','societe',NULL,'client-grp','68101 11 1995 0 10050','2000022714','1','1','2017-01-01',0,'41150000'),(12,NULL,NULL,NULL,NULL,NULL,'SCB','Lot IVW 18D Anosizato',NULL,'client','societe',NULL,'client-grp','41001 11 1958 0 10003','2000016707','1','1','2016-01-01',0,'41150000'),(13,NULL,NULL,NULL,'DUBOIS','Jean Claude','','36 Bis Rue Pasteur RABARY',NULL,'client','personne',NULL,'client-grp',NULL,NULL,NULL,NULL,NULL,0,'41150000'),(14,NULL,NULL,NULL,NULL,NULL,'BATPRO','BD RATSIMANDRAVA',NULL,'client','societe',NULL,'client-grp','51434 11 1962 1 00002','2000012715','1','1','2017-02-01',0,'41150000'),(15,NULL,NULL,NULL,'CAMARA','ANSOUMANE','','Logt 67 Cité 67 ha Sud',NULL,'client','personne',NULL,'autre',NULL,NULL,NULL,NULL,NULL,0,'41160000'),(16,NULL,NULL,NULL,NULL,NULL,'IBIS HOTEL','Route des hydrocarbures',NULL,'client','societe',NULL,'client-grp','68101 11 2006 0 10946','6000100020','1','1','2017-01-02',0,'41150000'),(17,NULL,NULL,NULL,NULL,NULL,'EDEN  NOVOTEL','Route des hydrocarbures',NULL,'client','societe',NULL,'client-grp','68101 11 2006 0 10946','6000100020','1','1','2017-01-01',0,'41150000'),(18,NULL,NULL,NULL,'RAMARIJAONA','Jean Yves','','Androhibe',NULL,'client','personne',NULL,'client-grp',NULL,NULL,NULL,NULL,NULL,0,'41150000'),(19,NULL,NULL,NULL,'ANDRIA BOARLAZA','Misa','','Antananarivo 101',NULL,'client','personne',NULL,'client-grp',NULL,NULL,NULL,NULL,NULL,0,'41150000'),(20,NULL,NULL,NULL,'ANDRIANASOLO','Renaud','','Antananarivo 101',NULL,'client','personne',NULL,'client-grp',NULL,NULL,NULL,NULL,NULL,0,'41150000'),(21,NULL,NULL,NULL,NULL,NULL,'CIMELTA','447 Bd RATSIMANDRAVA BP 382',NULL,'client','societe',NULL,'client-grp','51366 11 1986 0 00106','4000035955','1','1','2017-01-01',0,'41150000'),(22,NULL,NULL,NULL,'SIKINA','Roberto','','Villa turon FARANGO',NULL,'client','personne',NULL,'autre',NULL,NULL,NULL,NULL,NULL,0,'41160000'),(23,NULL,NULL,NULL,'MORIZOT','Michel','','lot II H 129 Soavimasoandro',NULL,'client','personne',NULL,'client-grp',NULL,NULL,NULL,NULL,NULL,0,'41150000'),(24,NULL,NULL,NULL,'MAINNEMARE','Jean Pierre','','Lot AV454 Résidence FITIA',NULL,'client','personne',NULL,'client-grp',NULL,NULL,NULL,NULL,NULL,0,'41150000'),(25,NULL,NULL,NULL,NULL,NULL,'MARIMA','C/o BATPRO',NULL,'client','societe',NULL,'client-grp','03216 11 2012 0 10097','4000718545','2012B00389','1','2017-01-01',0,'41150000'),(26,NULL,NULL,NULL,NULL,NULL,'SIDEF','Zone Forello TANJOMBATO',NULL,'client','societe',NULL,'client-grp','51331 11 2006 0 10137','3000059517',NULL,NULL,NULL,0,'41150000'),(27,NULL,NULL,NULL,NULL,NULL,'ACCORD KNITS','Batiment flexknit ZI Galaxy',NULL,'client','societe',NULL,'autre','14101 11 2000 0 10119','3000021931',NULL,NULL,NULL,0,'41160000'),(28,NULL,NULL,NULL,NULL,NULL,'TROPICAL FRUIT','C/o BATPRO',NULL,'client','societe',NULL,'client-grp','01223 11 2013 0 10434','5000032990',NULL,NULL,NULL,0,'41150000'),(29,NULL,NULL,NULL,NULL,NULL,'FRIENDS TRAVEL ET AVIATION','Immeuble Ex SICAM',NULL,'fournisseurs','societe','Agence de voyage','autre','79110 11 2013 10879','400141630','2013B00688',NULL,NULL,0,NULL),(31,NULL,NULL,NULL,NULL,NULL,'BLUEBERRY','Pres lot 001 A Bis Andranomena',NULL,'fournisseurs','societe','Agence de voyage','autre','79110 11 2015 0 10304','3001932513','2015B00293',NULL,NULL,0,NULL),(32,NULL,NULL,NULL,NULL,NULL,'ROGERS AVIATION','Lalana Solombavambahoaka Frantsay',NULL,'fournisseurs','societe','Agence de voyage','autre','51101 11 1994 0 10008','1000006001','2015B00293',NULL,NULL,0,NULL),(33,NULL,31,NULL,NULL,NULL,'AIR SEYCHELLES B','Pres lot 001 A Bis Andranomena','accounts.tnr@blueberry-travel.com','fournisseurs','societe','Compagnie aérienne','autre','79110 11 2015 0 10304','3001932513','2015B00293',NULL,NULL,1,'468AIRSE'),(34,NULL,NULL,NULL,NULL,NULL,'MADA AVIATION','23 Avenue de l\'indépendance','gsa@iblgroupmada.com','fournisseurs','societe','Agence de voyage','autre','62001 11 2001 0 10095','1007006149','2001B2925',NULL,NULL,0,NULL),(35,NULL,34,NULL,NULL,NULL,'CATHAY PACIFIC','23 Avenue de l\'indépendance','gsa@iblgroupmada.com','fournisseurs','societe','Compagnie aérienne','autre','62001 11 2001 0 10095','1007006149','2001B2925',NULL,NULL,1,'468CATH0'),(36,NULL,NULL,NULL,NULL,NULL,'OCEANE AVENTURE','22, rue Andrianary Ratianarivo Ampasamadinika','corsair@corsair.mg','fournisseurs','societe','Agence de voyage','autre','79120 11 1992 0 10031','3000035825','2002B00587',NULL,NULL,0,NULL),(37,NULL,36,NULL,NULL,NULL,'CORSAIR','22, rue Andrianary Ratianarivo Ampasamadinika','corsair@corsair.mg','fournisseurs','societe','Compagnie aérienne','autre','79120 11 1992 0 10031','3000035825','2002B00587',NULL,NULL,1,'468CORS0'),(38,NULL,32,NULL,NULL,NULL,'EMIRATES','Lalana Solombavambahoaka Frantsay','contact@rogers-aviation.mg','fournisseurs','societe','Compagnie aérienne','autre','51101 11 1994 0 10008','1000006001',NULL,NULL,NULL,1,'468EMIR0'),(39,NULL,29,NULL,NULL,NULL,'ETHIOPIANES AIRLINES','Immeuble Ex SICAM','accountnr1@ethiopianairlines.com','fournisseurs','societe','Compagnie aérienne','autre','79110 11 2013 10879','4001416360','2013B00688',NULL,NULL,1,'468ETHIO'),(40,NULL,31,NULL,NULL,NULL,'HAHN AIR B','Pres lot 001 A Bis Andranomena','accounts.tnr@blueberry-travel.com','fournisseurs','societe','Compagnie aérienne','autre','79110 11 2015 0 10304','3001932513','2015B00293',NULL,NULL,1,'468HAHN0'),(41,NULL,32,NULL,NULL,NULL,'HAHN AIR','Lalana Solombavambahoaka Frantsay',NULL,'fournisseurs','societe','Compagnie aérienne','autre','51101 11 1994 0 10008','1000006001',NULL,NULL,NULL,1,'468HAHN0'),(42,NULL,31,NULL,NULL,NULL,'IBERIA','Pres lot 001 A Bis Andranomena','accounts.tnr@blueberry-travel.com','fournisseurs','societe','Compagnie aérienne','autre','79110 11 2015 0 10304','3001932513','2015B00293',NULL,NULL,1,'468IBERI'),(43,NULL,31,NULL,NULL,NULL,'JET AIRWAYS','Pres lot 001 A Bis Andranomena','accounts.tnr@blueberry-travel.com','fournisseurs','societe','Compagnie aérienne','autre','79110 11 2015 0 10304','3001932513',NULL,NULL,NULL,1,'468JETAI'),(44,NULL,32,NULL,NULL,NULL,'KENYA AIRWAYS','Lalana Solombavambahoaka Frantsay',NULL,'fournisseurs','societe','Compagnie aérienne','autre','51101 11 1994 0 10008','1000006001',NULL,NULL,NULL,1,'468KENYA'),(45,NULL,NULL,NULL,NULL,NULL,'M/KARA AIRWAYS','La City',NULL,'fournisseurs','societe','Compagnie aérienne','autre','51202 11 2010 0 10487','500164867','2010B00460',NULL,NULL,0,'468MKARA'),(46,NULL,32,NULL,NULL,NULL,'SOUTH AFRICAN AIRLINES','Lalana Solombavambahoaka Frantsay',NULL,'fournisseurs','societe','Compagnie aérienne','autre','51101 11 1994 0 10008','1000006001',NULL,NULL,NULL,1,'468SOUTH'),(47,NULL,NULL,NULL,NULL,NULL,'TURKISH AIRLINES','Pres lot 001 A Bis Andranomena','accounts.tnr@blueberry-travel.com','fournisseurs','societe','Compagnie aérienne','autre','79110 11 2015 0 10304','3001932513','2015B00293',NULL,NULL,0,'468TURK0'),(48,NULL,NULL,NULL,'MANANJARA','TAMARA','','Analamahitsy','samesame666@yahoo.fr','client','personne',NULL,'autre',NULL,NULL,NULL,NULL,NULL,0,'41160000'),(49,NULL,NULL,NULL,NULL,NULL,'DELTA AUDIT & ASSOCIES','ANDREFAN\'AMBOHIJANAHARY','yemaurice@gmail.com','client','societe',NULL,'autre','69202 11 1994 0 00813','3000006925',NULL,NULL,'2017-12-19',0,'41160000'),(50,NULL,NULL,NULL,'RAVOAVAHY','Clara','','Lot IVK 51 Bis Ankadifotsy Tana (101)','claravoavahy@gmail.com','client','personne',NULL,'autre',NULL,NULL,NULL,NULL,NULL,0,'41160000'),(51,NULL,NULL,NULL,'PREMDJEE','Rishena','','Lot 806 Résidence Ambatobe Ilafy','reeshpremdjee@yahoo.fr','client','personne',NULL,'autre',NULL,NULL,NULL,NULL,NULL,0,'41160000'),(52,NULL,NULL,NULL,NULL,NULL,'ANJAJAVY HOTEL','C/o BATPRO','hasina@batpro.mg','client','societe',NULL,'client-grp','55101 11 1998 0 10017','2000015526','1998B00461','0241529/DGI-E','2017-10-27',0,'41150000'),(53,NULL,NULL,NULL,'BELHOMME','Cyril','','6 Boute de Saint Martin 24666 FRANCE','cyrilbelhomme403@gmail.com','client','personne',NULL,'autre',NULL,NULL,NULL,NULL,NULL,0,'41160000'),(54,NULL,NULL,NULL,'MBOTIROBY','Gisèle','','Tanambao Daoud Sambava',NULL,'client','personne',NULL,'autre',NULL,NULL,NULL,NULL,NULL,0,'41160000'),(55,NULL,NULL,NULL,'DAHY','Marie Annick','','ANDREFAN\'AMBOHIJANAHARY','dmarieannick@ymail.com','client','personne',NULL,'autre',NULL,NULL,NULL,NULL,NULL,0,'41160000'),(56,NULL,NULL,NULL,NULL,NULL,'MBOANGUI CRéATIONS EXPORT','Lot II N 17 Ter Ambatobe','mboangui.creations@gmail.com','client','societe',NULL,'autre','14101112010010287','2000114269','1111111111111','11111111111','2010-03-15',0,'41160000'),(57,NULL,NULL,NULL,'RAZAKAMAHEFA','Marco','','Maison de la Réunion 2ème Etage Isoraka','marco.r@pic.mg','client','personne',NULL,'autre',NULL,NULL,NULL,NULL,NULL,0,'41160000'),(58,NULL,NULL,NULL,'RASOHAGA','Jose Alain','','Collaborateur Etude Maitre Rabesaotra','rasohaga@moov.mg','client','personne',NULL,'autre',NULL,NULL,NULL,NULL,NULL,0,'41160000'),(59,NULL,NULL,NULL,'BODET','Lydie Helene','','3,Rue Jean Jaurès BP897 Ambatomena','lydie.bodet@diplomatie.gouv.fr','client','personne',NULL,'autre',NULL,NULL,NULL,NULL,NULL,0,'41160000'),(60,NULL,NULL,NULL,'RAHARISON','Andrianjanahary','','Ambatobe','raharison.andria@gmail.com','client','personne',NULL,'autre',NULL,NULL,NULL,NULL,NULL,0,'41160000'),(61,NULL,NULL,NULL,'FENITRA','Iankinana','','Lot G IV 117 Bis Soamanandrariny','iankinana@hotmail.com','client','personne',NULL,'autre',NULL,NULL,NULL,NULL,NULL,0,'41160000'),(62,NULL,NULL,NULL,'ANDRIANOMENA','LOVA','','Lot II J 91 Ivandry','andrianomena_lova@yahoo.fr','client','personne',NULL,'autre',NULL,NULL,NULL,NULL,NULL,0,'41160000'),(63,NULL,NULL,NULL,'TESOLIN','Sylvain','','Ambassade de France','sylvain.tesolin@diplomatie.gov.fr','client','personne',NULL,'autre',NULL,NULL,NULL,NULL,NULL,0,'41160000'),(64,NULL,NULL,NULL,'BELALAHY','Anouchka','','Trano Fitaratra/SIMAD','anouchka.belalahy@gmail.com','client','personne',NULL,'autre',NULL,NULL,NULL,NULL,NULL,0,'41160000'),(65,NULL,NULL,NULL,'RAKOTOARIMANANA','Antsa ny Aina','','Lot IHB 01 Ambaramasoandro TALATA VOLONONDRY','tahiry1306@yahoo.fr','client','personne',NULL,'autre',NULL,NULL,NULL,NULL,NULL,0,'41160000'),(66,NULL,NULL,NULL,'HASSANBAY','Farida','','Lot IVE 26A Behoririka Tananarivo','farida.hassanbay@gmail.com','client','personne',NULL,'autre',NULL,NULL,NULL,NULL,NULL,0,'41160000'),(67,NULL,NULL,NULL,'STEFAN','Andreas','','Hotel Ibis Ankorondrano Room 103','stefan@mucphotos.de','client','personne',NULL,'autre',NULL,NULL,NULL,NULL,NULL,0,'41160000'),(68,NULL,NULL,NULL,'PREMDJEE','Rishena','','Antananarivo 101',NULL,'client','personne',NULL,'autre',NULL,NULL,NULL,NULL,NULL,0,'41160000'),(69,NULL,NULL,NULL,'BERTUCAT','Anouck Virginie','','Villa 5.05 Residence Ambatobe','anouk.bertucat@orange.com','client','personne',NULL,'autre',NULL,NULL,NULL,NULL,NULL,0,'41160000'),(70,NULL,NULL,NULL,'GODARD','Daniele','','Ivandry','dhgodard@moov.mg','client','personne',NULL,'autre',NULL,NULL,NULL,NULL,NULL,0,'41160000'),(71,NULL,NULL,NULL,'HASSANALY','Chakin','','Lot II J 2Ter Ivandry','h_chakin@yahoo.fr','client','personne',NULL,'autre',NULL,NULL,NULL,NULL,NULL,0,'41160000'),(72,NULL,NULL,NULL,'RATOLONJANAHARY','Damy','','EASTA Ambatobe','damyjb@yahoo.fr','client','personne',NULL,'autre',NULL,NULL,NULL,NULL,NULL,0,'41160000'),(73,NULL,NULL,NULL,'RANDRIANAMBININTSOA','Ernest','','Lot IVT 146 Tsaramasay','emelie.fara@yahoo.fr','client','personne',NULL,'autre',NULL,NULL,NULL,NULL,NULL,0,'41160000'),(74,NULL,NULL,NULL,'DJAFFAR','Aleck Houssen','','Immeuble VITASOA Analakely','aleck786110@gmail.com','client','personne',NULL,'autre',NULL,NULL,NULL,NULL,NULL,0,'41160000'),(75,NULL,NULL,NULL,'FENOZANANY','AMANDA','','Lot 472 ME Mandrosoa Ivato','amandafenozanany@gmail.com','client','personne',NULL,'autre',NULL,NULL,NULL,NULL,NULL,0,'41160000'),(76,NULL,NULL,NULL,NULL,NULL,'SARL','Lot M 100 Alasora','eva.andriamiaranarivo@gmail.com','client','societe',NULL,'autre','31004112016010183','4002195929','2016B00182','0111904/DGI-E','2017-07-25',0,'41160000'),(77,NULL,NULL,NULL,NULL,NULL,'HOME BUILDERS SARL','Lot M 100 Alasora Tana 101','eva.andriamiaranarivo@gmail.com','client','societe',NULL,'autre','31004112016010183','4002195929','2016B00182','0111904/DGI-E','2017-07-25',0,'41160000'),(78,NULL,NULL,NULL,'RAFALIMANANA','Fidel','','Lot VO 26 Bis Marohoho','fidelfaly@yahoo.de','client','personne',NULL,'autre',NULL,NULL,NULL,NULL,NULL,0,'41160000'),(79,NULL,NULL,NULL,'Pobelete','Eduardo','','ibis hotel',NULL,'client','personne',NULL,'autre',NULL,NULL,NULL,NULL,NULL,0,'41160000'),(80,NULL,NULL,NULL,'POBLETE','Eduardo','','ibis hotel',NULL,'client','personne',NULL,'autre',NULL,NULL,NULL,NULL,NULL,0,'41160000'),(81,NULL,NULL,NULL,'RASOANAINA','Jacquis(OLEP)','','Près EASTA Ambatobe','cnolep@yahoo.fr','client','personne',NULL,'autre',NULL,NULL,NULL,NULL,NULL,0,'41160000'),(82,NULL,NULL,NULL,NULL,NULL,'ORIENTAL MADAGASCAR','Logt 512 Cité Ampefiloha TANA(101)','oriental_mada@yahoo.fr','client','societe',NULL,'autre','0','0','0','0','2018-04-24',0,'41160000'),(83,NULL,NULL,NULL,'MOLOU','Souraya','','Lot AZ 207 AI Anosizato','souraya.molou19@gmail.com','client','personne',NULL,'autre',NULL,NULL,NULL,NULL,NULL,0,'41160000'),(84,NULL,NULL,NULL,NULL,NULL,'DUBOIS & ASSOCIES','Près Lot II L U 57C Andrainarivo Tana','hanta@duboisetassocies.com','client','societe',NULL,'autre','0000','2000003252','000000','00000','2018-05-04',0,'41160000'),(85,NULL,NULL,NULL,NULL,NULL,'DANI FOODS','Villa Tranquille Anjoma Pcelle 22/24 Tamatave 501','andrianarinosys@gmail.com','client','societe',NULL,'autre','00000','000000','0000','00000','2018-05-15',0,'41160000'),(86,NULL,NULL,NULL,'RAMANANA','Esthor','','Sahavola Marbout Fénérive Est 509 Toamasina','lepoivrier509@gmail.com','client','personne',NULL,'autre',NULL,NULL,NULL,NULL,NULL,0,'41160000'),(87,NULL,NULL,NULL,'RAMANANKONENANA','Liantsoa Mendrika','','Lot II N 189 B Besarety','liantsoarama@gmail.com','client','personne',NULL,'autre',NULL,NULL,NULL,NULL,NULL,0,'41160000'),(88,NULL,NULL,NULL,'RASOANAIVO','Etienne Solomampionona','','Lot 1140 Cité des 67 Ha Tana(101)','titikelyra@yahoo.fr','client','personne',NULL,'autre',NULL,NULL,NULL,NULL,NULL,0,'41160000'),(89,NULL,NULL,NULL,'SOMUTTE KONE','Christian','','c/o BATPRO','sk.christian@moov.mg','client','personne',NULL,'client-grp',NULL,NULL,NULL,NULL,NULL,0,'41150000'),(90,NULL,NULL,NULL,'RANDRIANANTOANDRO','Harisolo','','Lot 7 B II Antanetibe Antehiroka','harisolo66@gmail.com','client','personne',NULL,'autre',NULL,NULL,NULL,NULL,NULL,0,'41160000'),(91,NULL,NULL,NULL,'TESOKA','Laurent','','211 Rue Fra Angelico 34000 Montpellier','cabinetlaurenttesoka@hotmail.fr','client','personne',NULL,'autre',NULL,NULL,NULL,NULL,NULL,0,'41160000'),(92,NULL,NULL,NULL,'RAVELOMANANTSOA','Odon Bertrand','','Besarety','ravel52@yahoo.fr','client','personne',NULL,'autre',NULL,NULL,NULL,NULL,NULL,0,'41160000'),(93,NULL,NULL,NULL,'RAZAFINDRAJOHA','Fatimanirina Theodile','','Lot IF 05 Ter Faravohitra Avaratra Sabotsy Namehana','fatima02@yahoo.fr','client','personne',NULL,'autre',NULL,NULL,NULL,NULL,NULL,0,'41160000'),(94,NULL,NULL,NULL,'WAN','Cecile','','Les Jardins d\'Ambatobe Lot 17 B 37ème Etage','cecile_wan@yahoo.fr','client','personne',NULL,'autre',NULL,NULL,NULL,NULL,NULL,0,'41160000'),(95,NULL,NULL,NULL,'ANDRIAMAMPIANINA','Nirson Mamy','','Lot 10 Bat A6 Toby Ratsimandrava Ouest Ambohijanahary','direction@abs.mg','client','personne',NULL,'autre',NULL,NULL,NULL,NULL,NULL,0,'41160000'),(96,NULL,NULL,NULL,'RAZAFINDRAMAMBA','Andry Benarivelo','','Amparibe Antananarivo','a.razafindramamba@gmail.com','client','personne',NULL,'autre',NULL,NULL,NULL,NULL,NULL,0,'41160000'),(97,NULL,NULL,NULL,'RAJAOBELINA','Mamy','','132 Rue Rainandriamampandry Faravohitra BP12162','orchid.mamy@gmail.com','client','personne',NULL,'autre',NULL,NULL,NULL,NULL,NULL,0,'41160000'),(98,NULL,NULL,NULL,'BLOKKER','Cornelia','','Po BOX 8 Add Postnet Kgale View Gaborone BOTSWANA','blokker@home.co.bw','client','personne',NULL,'autre',NULL,NULL,NULL,NULL,NULL,0,'41160000'),(99,NULL,NULL,NULL,'RAVELONARIVO','Jean Saturnin','','Antananarivo','sravelonarivo@gmail.com','client','personne',NULL,'autre',NULL,NULL,NULL,NULL,NULL,0,'41160000');
/*!40000 ALTER TABLE `tiers` ENABLE KEYS */;
UNLOCK TABLES;

--
-- Table structure for table `tiers_contact`
--

DROP TABLE IF EXISTS `tiers_contact`;
/*!40101 SET @saved_cs_client     = @@character_set_client */;
/*!40101 SET character_set_client = utf8 */;
CREATE TABLE `tiers_contact` (
  `tiers_id` int(11) NOT NULL,
  `contact_id` int(11) NOT NULL,
  PRIMARY KEY (`tiers_id`,`contact_id`),
  UNIQUE KEY `UNIQ_87DB4EEAE7A1254A` (`contact_id`),
  KEY `IDX_87DB4EEA68B77723` (`tiers_id`),
  CONSTRAINT `FK_87DB4EEA68B77723` FOREIGN KEY (`tiers_id`) REFERENCES `tiers` (`id`) ON DELETE CASCADE,
  CONSTRAINT `FK_87DB4EEAE7A1254A` FOREIGN KEY (`contact_id`) REFERENCES `contact` (`id`) ON DELETE CASCADE
) ENGINE=InnoDB DEFAULT CHARSET=utf8 COLLATE=utf8_unicode_ci;
/*!40101 SET character_set_client = @saved_cs_client */;

--
-- Dumping data for table `tiers_contact`
--

LOCK TABLES `tiers_contact` WRITE;
/*!40000 ALTER TABLE `tiers_contact` DISABLE KEYS */;
INSERT INTO `tiers_contact` VALUES (1,1),(3,3),(4,4),(5,5),(6,6),(7,7),(8,8),(9,9),(10,10),(11,11),(12,12),(13,13),(14,14),(15,15),(16,16),(17,17),(18,18),(19,19),(20,20),(21,21),(22,22),(23,23),(24,24),(25,25),(26,26),(27,27),(28,28),(29,29),(31,31),(32,32),(33,33),(34,34),(35,35),(36,36),(37,37),(38,38),(39,39),(40,40),(41,41),(42,42),(43,43),(44,44),(45,45),(46,46),(47,47),(48,48),(49,49),(50,50),(51,51),(52,52),(53,53),(54,54),(55,55),(56,56),(57,57),(58,58),(59,59),(60,60),(61,61),(62,62),(63,63),(64,64),(65,65),(66,66),(67,67),(68,68),(69,69),(70,70),(71,71),(72,72),(73,73),(74,74),(75,75),(76,76),(77,77),(78,78),(79,79),(80,80),(81,81),(82,82),(83,83),(84,84),(85,85),(86,86),(87,87),(88,88),(89,89),(90,90),(91,91),(92,92),(93,93),(94,94),(95,95),(96,96),(97,97),(98,98),(99,99);
/*!40000 ALTER TABLE `tiers_contact` ENABLE KEYS */;
UNLOCK TABLES;

--
-- Table structure for table `user`
--

DROP TABLE IF EXISTS `user`;
/*!40101 SET @saved_cs_client     = @@character_set_client */;
/*!40101 SET character_set_client = utf8 */;
CREATE TABLE `user` (
  `id` int(11) NOT NULL AUTO_INCREMENT,
  `username` varchar(255) COLLATE utf8_unicode_ci NOT NULL,
  `username_canonical` varchar(255) COLLATE utf8_unicode_ci NOT NULL,
  `email` varchar(255) COLLATE utf8_unicode_ci NOT NULL,
  `email_canonical` varchar(255) COLLATE utf8_unicode_ci NOT NULL,
  `enabled` tinyint(1) NOT NULL,
  `salt` varchar(255) COLLATE utf8_unicode_ci NOT NULL,
  `password` varchar(255) COLLATE utf8_unicode_ci NOT NULL,
  `last_login` datetime DEFAULT NULL,
  `locked` tinyint(1) NOT NULL,
  `expired` tinyint(1) NOT NULL,
  `expires_at` datetime DEFAULT NULL,
  `confirmation_token` varchar(255) COLLATE utf8_unicode_ci DEFAULT NULL,
  `password_requested_at` datetime DEFAULT NULL,
  `roles` longtext COLLATE utf8_unicode_ci NOT NULL COMMENT '(DC2Type:array)',
  `credentials_expired` tinyint(1) NOT NULL,
  `credentials_expire_at` datetime DEFAULT NULL,
  `nom` varchar(255) COLLATE utf8_unicode_ci DEFAULT NULL,
  `prenom` varchar(255) COLLATE utf8_unicode_ci DEFAULT NULL,
  PRIMARY KEY (`id`),
  UNIQUE KEY `UNIQ_8D93D64992FC23A8` (`username_canonical`),
  UNIQUE KEY `UNIQ_8D93D649A0D96FBF` (`email_canonical`)
) ENGINE=InnoDB AUTO_INCREMENT=16 DEFAULT CHARSET=utf8 COLLATE=utf8_unicode_ci;
/*!40101 SET character_set_client = @saved_cs_client */;

--
-- Dumping data for table `user`
--

LOCK TABLES `user` WRITE;
/*!40000 ALTER TABLE `user` DISABLE KEYS */;
INSERT INTO `user` VALUES (1,'hasina','hasina','hasina@batpro.mg','hasina@batpro.mg',1,'h84zfu06mcoo0c84gwwg0ck8s0ww88s','$2y$13$h84zfu06mcoo0c84gwwg0Ovs/AFTqaGRh8ngzfRxuUsNK3i5j4.6C','2018-07-09 14:23:02',0,0,NULL,NULL,NULL,'a:1:{i:0;s:10:\"ROLE_ADMIN\";}',0,NULL,'ANDRIANJOHARY','Hasina'),(3,'oly','oly','compta@hsm.mg','compta@hsm.mg',1,'4iovukx2os2s48kggw8o0c40cowkc4g','$2y$13$4iovukx2os2s48kggw8o0O937KLdfUPU76M55ullEkZh3aEr7xcry','2018-07-03 07:29:03',0,0,NULL,NULL,NULL,'a:1:{i:0;s:17:\"ROLE_RECOUVREMENT\";}',0,NULL,'RAZAFIMANANTSOA','Oly'),(6,'laza','laza','laza@mail.com','laza@mail.com',1,'dquzifg9l9sswgkog4wkwkc4kkoos04','$2y$13$dquzifg9l9sswgkog4wkweRH8UeLGweumLABxkAMSGBZgDC1Nw4NS','2018-02-07 10:38:34',0,0,NULL,NULL,NULL,'a:2:{i:0;s:10:\"ROLE_VENTE\";i:1;s:17:\"ROLE_RECOUVREMENT\";}',0,NULL,'Houlder','Laza'),(12,'clementine','clementine','contact@hsmvoyages.com','contact@hsmvoyages.com',1,'pscljfe1c2swss44ok0ggg0k8wwogws','$2y$13$pscljfe1c2swss44ok0ggeU6JtPbzmey44GXXpowW3Ixorfe54bPq','2018-07-09 13:11:03',0,0,NULL,NULL,NULL,'a:1:{i:0;s:10:\"ROLE_VENTE\";}',0,NULL,'BOTONINAMA','Clémentine'),(14,'sarindra','sarindra','sarindra@mail.com','sarindra@mail.com',1,'g9c3z7xm2fww4gogcckw4w8gg00wg08','$2y$13$g9c3z7xm2fww4gogcckw4u3XiC8nS9zC4IxNVNfv47Mx1DVQ/VLM.','2018-07-04 08:02:44',0,0,NULL,NULL,NULL,'a:2:{i:0;s:11:\"ROLE_COMPTA\";i:1;s:17:\"ROLE_RECOUVREMENT\";}',0,NULL,'RANDRIANANTOANDRO','Sarindra'),(15,'Sahondra','sahondra','hasina@batpro.mgh','hasina@batpro.mgh',1,'cr45mixlfb40gc8cgc44ck40wkg0k08','$2y$13$cr45mixlfb40gc8cgc44ceRk5yA2iAh1snOUk/CTMz3b3h7j7/4OC',NULL,0,0,NULL,NULL,NULL,'a:2:{i:0;s:10:\"ROLE_VENTE\";i:1;s:11:\"ROLE_COMPTA\";}',0,NULL,'HSM','Sahondra');
/*!40000 ALTER TABLE `user` ENABLE KEYS */;
UNLOCK TABLES;

--
-- Table structure for table `vente`
--

DROP TABLE IF EXISTS `vente`;
/*!40101 SET @saved_cs_client     = @@character_set_client */;
/*!40101 SET character_set_client = utf8 */;
CREATE TABLE `vente` (
  `id` int(11) NOT NULL AUTO_INCREMENT,
  `currency_code` varchar(255) COLLATE utf8_unicode_ci DEFAULT NULL,
  `fees_id` int(11) DEFAULT NULL,
  `classes_id` int(11) DEFAULT NULL,
  `facture_id` int(11) DEFAULT NULL,
  `cie_id` int(11) DEFAULT NULL,
  `bc_id` int(11) DEFAULT NULL,
  `num_billet` varchar(255) COLLATE utf8_unicode_ci DEFAULT NULL,
  `book_ref` varchar(255) COLLATE utf8_unicode_ci DEFAULT NULL,
  `passager` varchar(255) COLLATE utf8_unicode_ci NOT NULL,
  `montant_transport` int(11) DEFAULT NULL,
  `taxe` int(11) DEFAULT NULL,
  `remboursement` double NOT NULL,
  `etat` varchar(255) COLLATE utf8_unicode_ci NOT NULL,
  `reglee` tinyint(1) NOT NULL,
  `type` varchar(255) COLLATE utf8_unicode_ci DEFAULT NULL,
  `remboursable` tinyint(1) NOT NULL,
  `type_billet` varchar(255) COLLATE utf8_unicode_ci NOT NULL,
  `type_vente` varchar(255) COLLATE utf8_unicode_ci NOT NULL,
  `autre_fees` double NOT NULL,
  `date_vente` date NOT NULL,
  `fees_agv` double NOT NULL,
  `prevente` tinyint(1) NOT NULL,
  PRIMARY KEY (`id`),
  KEY `IDX_888A2A4CFDA273EC` (`currency_code`),
  KEY `IDX_888A2A4C9C6BD325` (`fees_id`),
  KEY `IDX_888A2A4C9E225B24` (`classes_id`),
  KEY `IDX_888A2A4C7F2DEE08` (`facture_id`),
  KEY `IDX_888A2A4C3E78D278` (`cie_id`),
  KEY `IDX_888A2A4C954397FF` (`bc_id`),
  CONSTRAINT `FK_888A2A4C3E78D278` FOREIGN KEY (`cie_id`) REFERENCES `tiers` (`id`),
  CONSTRAINT `FK_888A2A4C7F2DEE08` FOREIGN KEY (`facture_id`) REFERENCES `facture` (`id`),
  CONSTRAINT `FK_888A2A4C954397FF` FOREIGN KEY (`bc_id`) REFERENCES `bonCommande` (`id`) ON DELETE CASCADE,
  CONSTRAINT `FK_888A2A4C9C6BD325` FOREIGN KEY (`fees_id`) REFERENCES `fees` (`id`),
  CONSTRAINT `FK_888A2A4C9E225B24` FOREIGN KEY (`classes_id`) REFERENCES `classes` (`id`),
  CONSTRAINT `FK_888A2A4CFDA273EC` FOREIGN KEY (`currency_code`) REFERENCES `currency` (`code_iso`)
) ENGINE=InnoDB AUTO_INCREMENT=383 DEFAULT CHARSET=utf8 COLLATE=utf8_unicode_ci;
/*!40101 SET character_set_client = @saved_cs_client */;

--
-- Dumping data for table `vente`
--

LOCK TABLES `vente` WRITE;
/*!40000 ALTER TABLE `vente` DISABLE KEYS */;
INSERT INTO `vente` VALUES (1,'MGA',6,10,39,5,NULL,'057-1405072809','JVPNUN','MR Ramarijaona Jean Yves',3431400,1290300,0,'facture',1,'allerRetour',1,'normal','normal',0,'2017-12-06',0,0),(2,'MGA',1,1,2,7,NULL,'258-2400865026','M9OK68','MRS Mananjara Tamara',230800,358200,0,'facture',1,'allerRetour',1,'normal','normal',0,'2017-12-06',0,0),(3,'MGA',1,1,3,7,NULL,'258-2400865027','JUWPVT','MR Andrianasolo Renaud',230800,357000,0,'facture',1,'allerRetour',1,'normal','normal',0,'2017-12-08',0,0),(4,'MGA',3,5,4,7,NULL,'258-2400865025','ODORL3','MR Rajabali Sameer (ADT)',1346100,472900,0,'facture',1,'simple',1,'normal','normal',0,'2017-12-08',0,0),(5,'MGA',3,5,5,8,NULL,'239-2402307351','ODORL3','RAJABALI Sameer',2062800,390000,0,'facture',1,'simple',1,'normal','normal',0,'2017-12-08',0,0),(6,'MGA',1,1,6,7,NULL,'258-2400865028','K6QICI','YE Maurice',452600,372700,0,'facture',1,'allerRetour',1,'normal','normal',0,'2017-12-08',0,0),(18,'MGA',1,1,7,7,NULL,'258-2400865029','WG2MIL','Ravoavahy Vonimbola Clara',360800,392600,0,'facture',1,'allerRetour',1,'normal','normal',0,'2017-12-11',0,0),(20,'MGA',1,1,7,7,NULL,'258-2400865030','WG2MIL','RAZAFINDRATAVY ZANAKOLONA',360800,392600,0,'facture',1,'allerRetour',1,'normal','normal',0,'2017-12-11',0,0),(21,'MGA',1,1,7,7,NULL,'258-2400865031','WG2MIL','Ravoavahy Harenanirina',241800,392600,0,'facture',1,'allerRetour',1,'normal','normal',0,'2017-12-11',0,0),(22,'MGA',1,1,7,7,NULL,'25-2400865032','WG2MIL','Ravoavahy Ny Tiana Illona',241800,392600,0,'facture',1,'allerRetour',1,'normal','normal',0,'2017-12-11',0,0),(23,'MGA',1,1,8,7,NULL,'258-2400865033','JUCCU6','ANDRIANASOLO Renaud',230800,356200,0,'facture',1,'allerRetour',1,'normal','normal',0,'2017-12-11',0,0),(24,'MGA',3,5,9,8,NULL,'239-2402307352','JPDSIG','HASSIM Yvana',1755100,848300,0,'facture',1,'allerRetour',1,'normal','normal',0,'2017-12-12',0,0),(25,'MGA',3,5,9,8,NULL,'239-2402307353','JPDSIG','RAJABALI Esha(CHD)',1755100,792800,0,'facture',1,'allerRetour',1,'normal','normal',0,'2017-12-12',0,0),(26,'MGA',3,5,9,8,NULL,'239-2402307354','JPDSIG','RAJABALI Sohel(CHD)',1755100,792800,0,'facture',1,'allerRetour',1,'normal','normal',0,'2017-12-12',0,0),(32,'MGA',3,5,11,8,NULL,'239-2402307355','PSJ9OZ','RAJABALI Amir',2896700,909100,0,'facture',1,'allerRetour',1,'normal','normal',0,'2017-12-14',0,0),(33,'MGA',9,17,11,8,NULL,'239-2402307356','psj9oz','RAJABALI Sameer',847700,10600,0,'facture',1,'allerRetour',1,'normal','normal',0,'2017-12-14',0,0),(35,'MGA',4,6,13,44,NULL,'706-2481815122','NLDV29','DUBOIS Jean Claude',1714900,675600,0,'facture',1,'simple',1,'normal','normal',0,'2017-12-15',0,0),(36,'MGA',6,10,14,5,NULL,'057-1405072810','PFIN2S','MR Goulamaly Kamil Reza',2491400,1492700,0,'facture',1,'allerRetour',1,'normal','normal',0,'2017-12-15',0,0),(37,'MGA',1,1,15,7,NULL,'258-2400865034','OA4ZDX','Koh Buck Song (ADT)',969600,357200,0,'facture',1,'allerRetour',1,'normal','normal',0,'2017-12-15',0,0),(38,'MGA',1,1,15,7,NULL,'258-2400865035','OA4ZDX','NEO Swee Suan Dora',969600,357200,0,'facture',1,'allerRetour',1,'normal','normal',0,'2017-12-15',0,0),(39,'MGA',1,1,16,7,NULL,'258-2400865036','UR3RF3','MR Randriamiarantsoa',252500,132700,0,'facture',1,'simple',1,'normal','normal',0,'2017-12-15',0,0),(40,'MGA',1,1,17,7,NULL,'258-2400865037','N48NZG','MR Belhomme Cyril (ADT)',484800,153500,0,'facture',1,'simple',1,'normal','normal',0,'2017-12-18',0,0),(41,'MGA',1,1,17,7,NULL,'258-2400865038','N48NZG','MRS Lalot Ep Belhomme',484800,153500,0,'facture',1,'simple',1,'normal','normal',0,'2017-12-18',0,0),(42,'MGA',3,4,18,8,NULL,'239-2402307357','TRFRAJ','MR Veerayen Luis Carlino',846700,907000,0,'facture',1,'allerRetour',1,'normal','normal',0,'2017-12-19',0,0),(43,'MGA',4,7,19,8,NULL,'239-2402307358','WYD4IJ','MRS Rajabali Farida (ADT)',6447600,1285800,0,'facture',1,'allerRetour',1,'normal','normal',0,'2017-12-19',0,0),(44,'MGA',1,1,20,7,NULL,'258-2400865039','UPQY64','MRS Mbotiroby Gisele (ADT)',252500,225500,0,'facture',1,'simple',1,'normal','normal',0,'2017-12-20',0,0),(45,'MGA',1,1,21,7,NULL,'258-2400865040','QIDBTG','MR Dahy Jose (ADT)',180400,133200,0,'facture',1,'simple',1,'normal','normal',0,'2017-12-20',0,0),(46,'MGA',1,1,22,7,NULL,'258-2400865041','SS4WED','MR Baude Gerard (ADT)',432900,395100,0,'facture',1,'allerRetour',1,'normal','normal',0,'2017-12-20',0,0),(47,'MGA',1,1,22,7,NULL,'258-2400865042','SS4WED','MR Baude Ugo (ADT)',432900,395100,0,'facture',1,'allerRetour',1,'normal','normal',0,'2017-12-20',0,0),(48,'MGA',1,1,22,7,NULL,'258-2400865043','SS4WED','MRS Ranaivojaona Ep Baude',432900,395100,0,'facture',1,'allerRetour',1,'normal','normal',0,'2017-12-20',0,0),(49,'MGA',1,1,22,7,NULL,'258-2400865044','UUM9I4','MR Baude Ryan (ADT)',432900,395100,0,'facture',1,'allerRetour',1,'normal','normal',0,'2017-12-20',0,0),(50,'MGA',1,1,23,7,NULL,'258-2400865045','JCP74M','MRS Raharinjatovo Ep',505000,380400,0,'facture',1,'allerRetour',1,'normal','normal',0,'2017-12-21',0,0),(51,'MGA',1,1,24,7,NULL,'258-2400865048','JCP74M','Razakamahefa Gaudio (CHD)',338400,380400,0,'facture',1,'allerRetour',1,'normal','normal',0,'2017-12-21',0,0),(52,'MGA',1,1,23,7,NULL,'258-2400865046','JCP74M','MR Razakamahefa Hilario',505000,380400,0,'facture',1,'allerRetour',1,'normal','normal',0,'2017-12-21',0,0),(53,'MGA',1,1,23,7,NULL,'258-2400865047','JCP74M','MR Razakamahefa Marco',505000,380400,0,'facture',1,'allerRetour',1,'normal','normal',0,'2017-12-21',0,0),(56,'MGA',9,15,27,8,NULL,'239-2402307359','LYYL3S','RAZAFIMANANTSOA ANDRIANASOLO LOVAHARISOA',162900,0,0,'facture',1,'simple',1,'normal','normal',0,'2017-12-27',0,0),(57,'MGA',1,1,28,7,NULL,'258-2400865049','W4A2CT','MR Rasohaga Harivola Jose',793600,380000,0,'facture',1,'allerRetour',1,'normal','normal',0,'2017-12-27',0,0),(58,'MGA',1,1,28,7,NULL,'258-2400865050','W4EIZ8','MRS Raminoson Hantaniaina',793600,380000,0,'facture',1,'allerRetour',1,'normal','normal',0,'2017-12-27',0,0),(59,'MGA',1,1,28,7,NULL,'258-2400865051','W4EIOY','Rasohaga Rotsy Voahary',406700,380000,0,'facture',1,'allerRetour',1,'normal','normal',0,'2017-12-27',0,0),(60,'MGA',1,1,28,7,NULL,'258-2400865052','W4EIOY','Rasohaga Sarobidy',406700,380000,0,'facture',1,'allerRetour',1,'normal','normal',0,'2017-12-27',0,0),(61,'MGA',4,6,29,44,NULL,'706-2300181090','VRTTBM','MR Camara Ansoumane',1539600,1866400,0,'facture',1,'allerRetour',1,'normal','normal',0,'2017-12-27',0,0),(63,'MGA',4,6,30,8,NULL,'239-2402307361','MIJCYH','MR Leong Alexandre James',1630600,934800,0,'facture',1,'allerRetour',1,'normal','normal',0,'2017-12-29',0,0),(64,'MGA',4,6,30,8,NULL,'239-2402307362','MIJCYH','Ponne Lam Mr (ADT)',1630600,934800,0,'facture',1,'allerRetour',1,'normal','normal',0,'2017-12-29',0,0),(65,'MGA',4,6,31,8,NULL,'239-2402307360','MIJCYH','CHANG KAI ODETTE',1630600,934800,0,'facture',1,'allerRetour',1,'normal','normal',0,'2017-12-29',0,0),(66,'MGA',1,1,32,7,NULL,'258-2400865053','PFHUDW','BODET Lydie Hélène',478800,381000,0,'facture',1,'allerRetour',1,'normal','normal',0,'2017-12-29',0,0),(67,'MGA',4,6,33,8,NULL,'239-2402307363','SAD5GE','MR Dubois Jean Claude',3619800,2298300,0,'facture',1,'allerRetour',1,'normal','normal',0,'2017-12-29',0,0),(68,'MGA',6,10,34,5,NULL,'057-1405072811','PELRNZ','MRS Raharisoanaivo Ep RAHARISON',3372400,1300500,0,'facture',1,'allerRetour',1,'normal','normal',0,'2017-12-31',0,0),(69,'MGA',1,1,36,7,NULL,'258-2400865054','TOU9SM','MRS Chang Kai Odette (ADT)',128900,133500,0,'facture',1,'simple',1,'normal','normal',0,'2018-01-05',0,0),(70,'MGA',1,1,36,7,NULL,'258-2400865055','TOU9SM','Ponne Lam Mr (ADT)',128900,133500,0,'facture',1,'simple',1,'normal','normal',0,'2018-01-05',0,0),(72,'MGA',4,6,40,7,NULL,'258-2400865056','VN8PRD','MR Buisson Frederic (ADT)',2356500,1757300,0,'facture',1,'allerRetour',1,'normal','normal',0,'2018-01-06',0,0),(74,'MGA',3,5,41,8,NULL,'239-2402307364','MWCNMM','MR Rajabali Sameer (ADT)',2070700,931800,0,'facture',1,'allerRetour',1,'normal','normal',0,'2018-01-10',0,0),(75,'MGA',6,10,NULL,5,NULL,'057-1405072812','MUZ4GR','Gitareau Jeanne Ida',3086000,1300800,0,'non-facture',1,'allerRetour',1,'normal','normal',0,'2018-01-10',0,0),(76,'MGA',1,1,42,7,NULL,'258-2400865057','RVGCZC','MRS Rajoelina Fehy Ariandro',226300,226600,0,'facture',1,'simple',1,'normal','normal',0,'2018-01-11',0,0),(77,'MGA',8,14,43,8,NULL,'239-2402307365','SAD5GE','DUBOIS Jean Claude',806400,0,0,'facture',1,'simple',1,'normal','normal',0,'2018-01-13',0,0),(78,'MGA',1,1,NULL,7,NULL,'258-2400865058','MYSIP4','MR De Foucault Cedric (ADT)',226300,133900,0,'non-facture',1,'simple',1,'normal','normal',0,'2018-01-15',0,0),(79,'MGA',1,1,44,7,NULL,'258-2400865059','N4S7PZ','MR Raharison Rivoniaina',323200,362200,0,'facture',1,'allerRetour',1,'normal','normal',0,'2018-01-15',0,0),(80,'MGA',1,1,45,7,NULL,'258-2400865060','UAN5LU','MR Raharison',323200,363100,0,'facture',1,'allerRetour',1,'normal','normal',0,'2018-01-19',0,0),(81,'MGA',9,17,46,8,NULL,'239-2402307366','MWCNMM','RAJABALI Sameer',0,17900,0,'facture',1,'allerRetour',1,'normal','normal',0,'2018-01-19',0,0),(82,'MGA',6,11,NULL,5,NULL,'057-1405072813','UOYXCC','MR Rajabali Amirali (ADT)',11856800,1801000,0,'non-facture',1,'allerRetour',1,'normal','normal',0,'2018-01-19',0,0),(83,'MGA',3,5,NULL,8,NULL,'239-2402307367','J8EYX9','MISS Andrianasolo Danyella',2184000,884200,0,'non-facture',1,'allerRetour',1,'normal','normal',0,'2018-01-19',0,0),(84,'MGA',4,6,48,7,NULL,'258-2400865061','JH3S4P','MR Rakotondrasolo',1798000,1565200,0,'facture',1,'allerRetour',1,'normal','normal',0,'2018-01-19',0,0),(85,'MGA',1,1,49,7,NULL,'258-2400865062','LAUNGY','MR Tesolin Sylvain (ADT)',452600,400000,0,'facture',1,'allerRetour',1,'normal','normal',0,'2018-01-20',0,0),(86,'MGA',1,1,50,7,NULL,'258-2400865063','QKWSTK','MR Ravelojaona Jose (ADT)',323200,363500,0,'facture',1,'allerRetour',1,'normal','normal',0,'2018-01-22',0,0),(87,'MGA',9,15,51,7,NULL,'258-2400865065','QUYSU6','RAHARISON Andrianjanahary',50000,22300,0,'facture',1,'allerRetour',1,'normal','normal',0,'2018-01-23',0,0),(88,'MGA',1,1,NULL,7,NULL,'258-2400865066','SS87JC','MR Rafanomezamalala',452600,361900,0,'non-facture',1,'allerRetour',1,'normal','normal',0,'2018-01-23',0,0),(89,'MGA',1,1,NULL,7,NULL,'258-2400865067','SS87JC','MR Rakotoarimino',452600,361900,0,'non-facture',1,'allerRetour',1,'normal','normal',0,'2018-01-23',0,0),(90,'MGA',1,1,52,7,NULL,'258-2400865068','JT4GHF','MRS Chang Kai Odette (ADT)',115400,133200,0,'facture',1,'simple',1,'normal','normal',0,'2018-01-25',0,0),(91,'MGA',1,1,52,7,NULL,'258-2400865069','JT4GHF','Ponne Lam Mr (ADT)',115400,133200,0,'facture',1,'simple',1,'normal','normal',0,'2018-01-25',0,0),(92,'MGA',1,1,53,7,NULL,'258-2400865070','MEVJG9','MR Andriatsilavo Jose',452600,459000,0,'facture',1,'allerRetour',1,'normal','normal',0,'2018-01-26',0,0),(93,'MGA',1,1,54,7,NULL,'258-2400865071','MWTR5J','MR Bayo Amadou (ADT)',161600,229500,0,'facture',1,'simple',1,'normal','normal',0,'2018-01-26',0,0),(94,'MGA',1,1,54,7,NULL,'258-2400865072','MWTR5J','MR Camara Ansoumane',161600,229500,0,'facture',1,'simple',1,'normal','normal',0,'2018-01-26',0,0),(95,'MGA',1,1,54,7,NULL,'258-2400865073','MWTR5J','MR Camara Mamady (ADT)',161600,229500,0,'facture',1,'simple',1,'normal','normal',0,'2018-01-26',0,0),(96,'MGA',4,7,57,8,NULL,'239-2402307368','MEV8BL','MRS Rajabali Nisha (ADT)',10516800,2321300,0,'facture',1,'allerRetour',1,'normal','normal',0,'2018-01-26',0,0),(97,'MGA',6,10,55,5,NULL,'057-1405072814','QYKIGL','MR Sikina Roberto (ADT)',1985600,1305500,0,'facture',1,'allerRetour',1,'normal','normal',0,'2018-01-26',0,0),(98,'MGA',4,6,56,8,NULL,'239-2402307369','LVOMXE','MRS Rakotoarimanana Ep',408400,2384800,0,'facture',1,'allerRetour',1,'normal','normal',0,'2018-01-27',0,0),(99,'MGA',4,6,56,8,NULL,'239-2402307370','LVOMXE','MRS Rakotoarimanana Ep',408400,2384800,0,'facture',1,'allerRetour',1,'normal','normal',0,'2018-01-27',0,0),(100,'MGA',3,5,58,7,NULL,'258-2400865074','JXEYCI','MRS Hassim Yvana (ADT)',1341700,489000,0,'facture',1,'simple',1,'normal','normal',0,'2018-01-29',0,0),(101,'MGA',3,5,58,7,NULL,'258-2400865075','JXF25U','Rajabali Esha (CHD)',1215300,489000,0,'facture',1,'simple',1,'normal','normal',0,'2018-01-29',0,0),(102,'MGA',3,5,58,7,NULL,'258-2400865076','JXF25U','Rajabali Sohel (CHD)',1215300,489000,0,'facture',1,'simple',1,'normal','normal',0,'2018-01-29',0,0),(103,'MGA',1,1,NULL,7,NULL,'258-2400865077','WHYM66','MR Arrive Andre (ADT)',452600,381900,0,'non-facture',1,'allerRetour',1,'normal','normal',0,'2018-01-31',0,0),(104,'MGA',4,7,59,8,NULL,'239-2402307371','NKZARN','MRS Hassim Yvana (ADT)',10571300,2321500,0,'facture',1,'allerRetour',1,'normal','normal',0,'2018-02-01',0,0),(105,'MGA',1,1,60,7,NULL,'258-2400865078','LQMHWR','MRS Mananjara Tamara',115400,229700,0,'facture',1,'simple',1,'normal','normal',0,'2018-02-05',0,0),(106,'MGA',1,1,61,7,NULL,'258-2400865079','K6XSXJ','Hassanbay Farida (ADT)',969600,350400,0,'facture',1,'allerRetour',1,'normal','normal',0,'2018-02-06',0,0),(107,'MGA',1,1,61,7,NULL,'258-2400865080','JOMJLX','MRS Akbaraly Ep Issoufaly',323200,350400,0,'facture',1,'allerRetour',1,'normal','normal',0,'2018-02-06',0,0),(108,'MGA',1,1,61,7,NULL,'258-2400865081','JOLS7E','Issoufaly Dawood (ADT)',249100,253900,0,'facture',1,'allerRetour',1,'normal','normal',0,'2018-02-06',0,0),(112,'MGA',1,1,NULL,7,NULL,'258-2400865082','W4E6RL','HUGUET ANNE',161600,153000,0,'non-facture',1,'simple',1,'normal','normal',0,'2018-02-07',0,0),(113,'MGA',3,4,NULL,3,NULL,'760-2402752489','W4E6RL','HUGUET ANNE',761200,541100,0,'non-facture',1,'allerRetour',1,'normal','normal',0,'2018-02-07',0,0),(114,'MGA',4,6,62,7,NULL,'258-2400865083','JTMTYV','MR Dubois Jean Claude',1999800,1785000,0,'facture',1,'allerRetour',1,'normal','normal',0,'2018-02-08',0,0),(115,'MGA',4,7,63,37,NULL,'923-2403022670','U8GDOK','MR Mathe Patrice (ADT)',10762800,2339900,0,'facture',1,'allerRetour',1,'normal','normal',0,'2018-02-08',0,0),(116,'MGA',1,1,65,7,NULL,'258-2400865084','RVCQBR','Andriatsitohaina Robinson',452600,456000,0,'facture',1,'allerRetour',1,'normal','normal',0,'2018-02-08',0,0),(117,'MGA',1,1,65,7,NULL,'258-2400865085','RVCQBR','Rakotomahazo Rivolalaina',452600,456000,0,'facture',1,'allerRetour',1,'normal','normal',0,'2018-02-08',0,0),(118,'MGA',1,1,65,7,NULL,'258-2400865086','RVCQBR','MRS Ramaroson Stephanie',452600,456000,0,'facture',1,'allerRetour',1,'normal','normal',0,'2018-02-08',0,0),(119,'MGA',3,4,64,44,NULL,'706-2300181091','QO6E5T','MR Mouafik Abderrazzak',1630100,1064700,0,'facture',1,'allerRetour',1,'normal','normal',0,'2018-02-09',0,0),(120,'MGA',1,2,66,7,NULL,'258-2400865087','UANM69','MR Rajabali Amirali (ADT)',1082200,452800,0,'facture',1,'allerRetour',1,'normal','normal',0,'2018-02-13',0,0),(121,'MGA',1,2,66,7,NULL,'258-2400865088','Q3WTKX','Rasolofoniaina Haga',452600,452800,0,'facture',1,'allerRetour',1,'normal','normal',0,'2018-02-13',0,0),(122,'MGA',1,2,66,7,NULL,'258-2400865090','QH7THV','Rambeloson Iavy Tatiana',609000,226400,0,'facture',1,'simple',1,'normal','normal',0,'2018-02-13',0,0),(123,'MGA',1,1,67,7,NULL,'258-2400865091','PYZID5','MR Beesoo Patrick (ADT)',969600,358200,0,'facture',1,'allerRetour',1,'normal','normal',0,'2018-02-14',0,0),(124,'MGA',1,1,68,7,NULL,'258-2400865092','V5PNYX','Wengermeier Stefan Andreas',484800,227500,0,'facture',1,'simple',1,'normal','normal',0,'2018-02-15',0,0),(125,'MGA',1,1,69,7,NULL,'258-2400865093','R8CN3F','MR Randriamiarantsoa',484800,224900,0,'facture',1,'simple',1,'normal','normal',0,'2018-02-19',0,0),(126,'MGA',4,7,NULL,8,NULL,'239-2402307372','RESKDC','MRS Hassim Yvana (ADT)',10891800,2266000,0,'non-facture',1,'allerRetour',1,'normal','normal',0,'2018-02-20',0,0),(127,'MGA',4,7,NULL,8,NULL,'239-2402307373','R4QJK6','Rajabali Esha (CHD)',10050300,2191300,0,'non-facture',1,'allerRetour',1,'normal','normal',0,'2018-02-20',0,0),(128,'MGA',4,7,NULL,8,NULL,'239-2402307374','R4QJK6','Rajabali Sohel (CHD)',10050300,2191300,0,'non-facture',1,'allerRetour',1,'normal','normal',0,'2018-02-20',0,0),(130,'MGA',3,4,81,3,NULL,'760-2402831987','PNSHRZ','MR Goulamaly Kamil Reza',739700,687900,0,'facture',1,'allerRetour',1,'normal','normal',0,'2018-02-22',38600,0),(132,'MGA',1,1,82,7,NULL,'258-2400865094','KQ4EJB','MR Raharison',323200,355500,0,'facture',1,'allerRetour',1,'normal','normal',0,'2018-02-22',0,0),(134,'MGA',3,5,NULL,8,NULL,'239-2402307375','UNIRUV','MR Rajabali Sameer (ADT)',1627300,477500,0,'non-facture',1,'simple',1,'normal','normal',0,'2018-02-26',0,0),(135,'MGA',3,4,NULL,3,NULL,'760-2402832048','UNIRUV','MR Rajabali Sameer (ADT)',1095100,420700,0,'non-facture',1,'simple',1,'normal','normal',0,'2018-02-26',0,0),(136,'MGA',1,1,84,7,NULL,'258-2400865095','VFN6CP','MR Razafimahefa Jean Yves',226300,224600,0,'facture',1,'simple',1,'normal','normal',0,'2018-02-26',0,0),(137,'MGA',4,6,83,8,NULL,'239-2402307376','V46B9J','MR Dubois Jean Claude',1500700,2301700,0,'facture',1,'allerRetour',1,'normal','normal',0,'2018-02-27',0,0),(138,'MGA',3,5,NULL,7,NULL,'258-2400865096','URFGKD','Hassim Yvana',1265700,388800,0,'non-facture',1,'simple',1,'normal','normal',0,'2018-02-28',0,0),(139,'MGA',3,5,NULL,7,NULL,'258-2400865097','URFGKD','Rajabali Esha',949700,332200,0,'non-facture',1,'simple',1,'normal','normal',0,'2018-02-28',0,0),(140,'MGA',3,5,NULL,7,NULL,'258-2402865098','URFGKD','Rajabali Sohel',949700,332200,0,'non-facture',1,'simple',1,'normal','normal',0,'2018-02-28',0,0),(141,'MGA',9,17,NULL,8,NULL,'239-2402307377','URFGKD','Hassim Yvana',0,0,0,'non-facture',1,'simple',1,'normal','normal',0,'2018-02-28',0,0),(142,'MGA',9,17,NULL,8,NULL,'239-2402307378','URFGKD','Rajabali Esha',0,0,0,'non-facture',1,'simple',1,'normal','normal',0,'2018-02-28',0,0),(143,'MGA',9,17,NULL,8,NULL,'239-2402307379','URFGKD','Rajabali Sohel',0,0,0,'non-facture',1,'simple',1,'normal','normal',0,'2018-02-28',0,0),(144,'MGA',4,6,85,44,NULL,'706-2300181092','KWPLKS','MR Camara Ansoumane',1067300,1824200,0,'facture',1,'allerRetour',1,'normal','normal',0,'2018-03-05',0,0),(145,'MGA',1,1,86,7,NULL,'258-2400865099','ND9KLX','MR Dahy Jose (ADT)',161600,222100,0,'facture',1,'simple',1,'normal','normal',0,'2018-03-09',0,0),(146,'MGA',4,6,NULL,46,NULL,'083-2488506408','OARE7X','MR De Foucault Cedric (ADT)',2588500,1344100,0,'non-facture',1,'allerRetour',1,'normal','normal',0,'2018-03-09',0,0),(147,'MGA',4,7,87,7,NULL,'258-2400902300','UIICB2','MR Deiber Rene (ADT)',8080500,1869800,0,'facture',1,'allerRetour',1,'normal','normal',0,'2018-03-13',0,0),(148,'MGA',3,5,NULL,8,NULL,'239-2402307380','JMX9YQ','MR Rajabali Sameer (ADT)',1991300,913400,0,'non-facture',1,'allerRetour',1,'normal','normal',0,'2018-03-14',0,0),(149,'MGA',3,4,NULL,8,NULL,'239-2402307381','JMG6OP','MR Rajabali Amirali (ADT)',1991300,913400,0,'non-facture',1,'allerRetour',1,'normal','normal',0,'2018-03-14',0,0),(150,'MGA',1,1,88,7,NULL,'258-2400902301','TLXFJH','MRS Geolier Chantal (ADT)',484800,221100,0,'facture',1,'simple',1,'normal','normal',0,'2018-03-14',0,0),(151,'MGA',1,1,88,7,NULL,'258-2400902302','TMNR85','BERTUCAT Anouk MRS',161600,236500,0,'facture',1,'simple',1,'normal','normal',0,'2018-03-14',0,0),(152,'MGA',1,1,88,7,NULL,'258-2400902303','TMNR85','GIRARD Fabien MR',161600,236500,0,'facture',1,'simple',1,'normal','normal',0,'2018-03-14',0,0),(153,'MGA',1,1,88,7,NULL,'258-2400902304','TMNR85','BERTUCAT GIRARD Jerome(Chd)',108300,236500,0,'facture',1,'simple',1,'normal','normal',0,'2018-03-14',0,0),(154,'MGA',1,1,88,7,NULL,'258-2400902305','TMHCFM','BERTUCAT GIRARD Yann(Chd)',151700,236500,0,'facture',1,'simple',1,'normal','normal',0,'2018-03-14',0,0),(155,'MGA',3,5,NULL,8,NULL,'239-2402307382','TBNQAO','MR Rajabali Sameer (ADT)',1991300,913400,0,'non-facture',1,'allerRetour',1,'normal','normal',0,'2018-03-14',0,0),(156,'MGA',3,5,NULL,8,NULL,'239-2402307383','TBOXSG','MR Deiber Rene (ADT)',1991300,913400,0,'non-facture',1,'allerRetour',1,'normal','normal',0,'2018-03-14',0,0),(161,'MGA',3,4,89,3,NULL,'760-2402832296','UT3CQW','MR Raharison',759000,667600,0,'facture',0,'allerRetour',1,'normal','normal',0,'2018-03-14',0,0),(162,'MGA',3,4,89,3,NULL,'760-2402832297','UT3CQW','Raharison Yveline (ADT)',759000,667600,0,'facture',0,'allerRetour',1,'normal','normal',0,'2018-03-14',0,0),(163,'MGA',1,1,91,7,NULL,'258-2400902306','NG6XMD','MRS Bondon Francoise',969600,442200,0,'facture',1,'allerRetour',1,'normal','normal',0,'2018-03-15',0,0),(164,'MGA',1,1,91,7,NULL,'258-2400902307','NG8JKU','MRS Godard Corinne',452600,442200,0,'facture',1,'allerRetour',1,'normal','normal',0,'2018-03-15',0,0),(165,'MGA',1,1,91,7,NULL,'258-2400902308','NG8JKU','MRS Hahn Godard Daniele',452600,442200,0,'facture',1,'allerRetour',1,'normal','normal',0,'2018-03-15',0,0),(166,'MGA',1,1,121,7,NULL,'258-2400902310','U8LWWP','Firoul Jean Yves (ADT)',692400,349200,0,'facture',1,'allerRetour',1,'normal','normal',0,'2018-03-15',0,0),(167,'MGA',1,1,122,7,NULL,'258-2400902311','U8LWWP','Poblete Eduardo (ADT)',692400,349200,0,'facture',1,'allerRetour',1,'normal','normal',0,'2018-03-15',0,0),(168,'MGA',1,1,121,3,NULL,'258-2400902309','U84KQK','Mocoeur Patrick',323200,349200,1041600,'facture',0,'allerRetour',1,'normal','normal',0,'2018-03-15',0,0),(170,'MGA',6,10,NULL,5,NULL,'057-1411203955','VUDFMY','MRS Rajabali Farida (ADT)',328200,0,0,'non-facture',1,'allerRetour',1,'normal','normal',0,'2018-03-16',0,0),(171,'MGA',6,10,94,5,NULL,'057-1405072816','KZZT9F','MRS Coste Virginie Chloe',1884400,1280600,0,'facture',1,'allerRetour',1,'normal','normal',0,'2018-03-16',0,0),(172,'MGA',8,14,93,8,NULL,'239-2402307384','V46B9J','DUBOIS Jean Claude',315000,0,0,'facture',1,'simple',1,'normal','normal',0,'2018-03-19',0,0),(173,'MGA',1,1,NULL,5,10,'057-1411203955 R','VUDFMY','RAJABALI Farida',77800,0,0,'non-facture',1,'allerRetour',1,'normal','normal',0,'2018-03-20',0,1),(178,'MGA',6,11,NULL,5,NULL,'057-1405072817','JIR7GK','MRS Rajabali Farida (ADT)',8697000,1584300,0,'non-facture',1,'allerRetour',1,'normal','normal',0,'2018-03-22',0,0),(180,'MGA',3,4,95,3,NULL,'760-2402832420','LJ7AR9','HASSANALY  Zahra',885900,674900,0,'facture',0,'allerRetour',1,'normal','normal',0,'2018-03-22',0,0),(181,'MGA',1,1,96,7,NULL,'258-2400902312','VA7X8I','Ramitandrinarivo Bon Temps',452600,384600,0,'facture',1,'allerRetour',1,'normal','normal',0,'2018-03-22',0,0),(182,'MGA',3,4,97,8,NULL,'239-2402307386','SGHOIX','HAHN Marie Charlotte Lahatra Nirina',749700,923600,0,'facture',1,'allerRetour',1,'normal','normal',0,'2018-03-23',0,0),(183,'MGA',6,10,98,5,NULL,'057-1405072818','KF7YPC','MRS RAZAFIMANANTSOA RAKOTOMAVO Emelie',1863300,1293900,0,'facture',1,'allerRetour',1,'normal','normal',0,'2018-03-23',0,0),(184,'MGA',3,4,99,8,NULL,'239-2402307387','RCB3WN','MR Dubois Jean Claude',560000,924200,0,'facture',1,'allerRetour',1,'normal','normal',0,'2018-03-26',0,0),(185,'MGA',3,4,99,8,NULL,'239-2402307388','VSB2EA','MRS Ndriampisora Agnes',560000,924200,0,'facture',1,'allerRetour',1,'normal','normal',0,'2018-03-26',0,0),(186,'MGA',4,6,100,7,NULL,'258-2400902313','R295BJ','MR Bayles Fabien Yves',1381200,1682900,0,'facture',1,'allerRetour',1,'normal','normal',0,'2018-03-26',0,0),(187,'MGA',1,1,101,7,NULL,'258-2400902314','MUN9XM','DJAFFAR Aleck Houssen',323200,377500,0,'facture',1,'allerRetour',0,'normal','normal',0,'2018-03-28',0,0),(188,'MGA',1,1,101,7,NULL,'258-2400902315','MUN9XM','DJAFFARALY Nazoura',323200,377500,0,'facture',1,'allerRetour',1,'normal','normal',0,'2018-03-28',0,0),(189,'MGA',1,1,101,7,NULL,'258-2400902316','MUN9XM','ALECK HOUSSEN Sakina Fatema(CHD)',216600,377500,0,'facture',1,'allerRetour',1,'normal','normal',0,'2018-03-28',0,0),(190,'MGA',1,1,101,7,NULL,'258-2400902317','MUN9XM','DJAFFAR Sahil Abbas(Chd)',216600,377500,0,'facture',1,'allerRetour',1,'normal','normal',0,'2018-03-28',0,0),(191,'MGA',1,1,101,7,NULL,'258-2400902318','MUN9XM','DJAFFAR Saniya Fatema(CHD)',216600,377500,0,'facture',1,'allerRetour',1,'normal','normal',0,'2018-03-28',0,0),(192,'MGA',1,1,102,7,NULL,'258-2400902319','MT8T6Q','RAJERIARIVONY',452600,372300,0,'facture',1,'allerRetour',1,'normal','normal',0,'2018-03-28',0,0),(193,'MGA',1,1,102,7,NULL,'258-2400902320','MT8T6Q','MR Randrianarivony',452600,372300,0,'facture',1,'allerRetour',1,'normal','normal',0,'2018-03-28',0,0),(194,'MGA',3,4,103,44,NULL,'706-2300181093','UNKSJH','Jivan Karim Jasmin (CHD)',1475800,1062900,0,'facture',1,'allerRetour',1,'normal','normal',0,'2018-03-31',0,0),(195,'MGA',3,4,103,44,NULL,'706-2300181094','UNKSJH','Jivani Danish Karim (CHD)',1475800,1062900,0,'facture',1,'allerRetour',1,'normal','normal',0,'2018-03-31',0,0),(196,'MGA',3,4,103,44,NULL,'706-2300181095','UNKSJH','MRS Jivani Karim Dilsad',1966700,1062900,0,'facture',1,'allerRetour',1,'normal','normal',0,'2018-03-31',0,0),(197,'MGA',3,4,103,44,NULL,'706-2300181096','UNKSJH','MR Jivani Karim Samsuddin',1966700,1062900,0,'facture',1,'allerRetour',1,'normal','normal',0,'2018-03-31',0,0),(198,'MGA',1,1,104,7,NULL,'258-2400902321','V7JU9W','MR Fenozanany Hiarisolo',323200,390500,0,'facture',1,'allerRetour',1,'normal','normal',0,'2018-03-31',0,0),(199,'MGA',1,1,104,7,NULL,'258-2400902322','V7JU9W','MRS Tang Siou Mi Jade',323200,390500,0,'facture',1,'allerRetour',1,'normal','normal',0,'2018-03-31',0,0),(200,'MGA',1,1,104,7,NULL,'258-2400902323','V7JVCL','MRS Djvannie Chan Ho (ADT)',323200,390500,0,'facture',1,'allerRetour',1,'normal','normal',0,'2018-03-31',0,0),(201,'MGA',1,1,104,7,NULL,'258-2400902324','V3FFG5','Fenozanany Loo Ki Arthur',303300,390500,0,'facture',1,'allerRetour',1,'normal','normal',0,'2018-03-31',0,0),(202,'MGA',4,6,105,8,NULL,'239-2402307389','O2HRNI','MR Dubois Jean Claude',2057200,2367400,0,'facture',0,'allerRetour',1,'normal','normal',0,'2018-04-04',0,0),(203,'MGA',1,1,106,7,NULL,'258-2400902325','QG4CFL','MRS Andriamiaranarivo',230800,360700,0,'facture',0,'allerRetour',1,'normal','normal',0,'2018-04-04',0,0),(204,'MGA',1,1,NULL,8,NULL,'239-2402307385','S44RC3','MR Rajabali Sameer (ADT)',0,0,0,'non-facture',0,'allerRetour',1,'normal','normal',0,'2018-04-04',0,0),(205,'MGA',3,5,NULL,8,NULL,'239-2402307390','NYCDK3','MRS Hassim Yvana (ADT)',1670900,881500,0,'non-facture',0,'allerRetour',1,'normal','normal',0,'2018-04-06',0,0),(206,'MGA',3,5,NULL,8,NULL,'239-2402307391','NYCDK3','Rajabali Esha (CHD)',1362500,824400,0,'non-facture',0,'allerRetour',1,'normal','normal',0,'2018-04-06',0,0),(207,'MGA',3,5,NULL,8,NULL,'239-2402307392','NYCDK3','Rajabali Sohel (CHD)',1362500,824400,0,'non-facture',0,'allerRetour',1,'normal','normal',0,'2018-04-06',0,0),(208,'MGA',3,5,NULL,8,NULL,'239-2402307393','NY4QMT','MRS Hassim Yvana (ADT)',1675700,884300,0,'non-facture',0,'allerRetour',1,'normal','normal',0,'2018-04-10',0,0),(209,'MGA',3,5,NULL,8,NULL,'239-2402307394','NY4QMT','Rajabali Esha (CHD)',1366500,827000,0,'non-facture',0,'allerRetour',1,'normal','normal',0,'2018-04-10',0,0),(210,'MGA',3,5,NULL,8,NULL,'239-2402307395','NY4QMT','Rajabali Sohel (CHD)',1366500,827000,0,'non-facture',0,'allerRetour',1,'normal','normal',0,'2018-04-10',0,0),(211,'MGA',1,1,107,7,NULL,'258-2400902330','VOGQM7','MR Ye Maurice (ADT)',452600,361300,0,'facture',0,'allerRetour',1,'normal','normal',0,'2018-04-11',0,0),(212,'MGA',1,1,108,7,NULL,'258-2400902331','JF9IHP','MRS Tang Siou Mi Jade',452600,351300,0,'facture',0,'allerRetour',1,'normal','normal',0,'2018-04-12',0,0),(213,'MGA',1,1,108,7,NULL,'258-2400902332','JDRURG','MRS Razanajafy Christelle',226300,228600,0,'facture',0,'simple',1,'normal','normal',0,'2018-04-12',0,0),(214,'MGA',1,1,108,7,NULL,'258-2400902333','JDRURG','FENOZANANY LOO KI Thomas(INF)',0,0,0,'facture',0,'simple',1,'normal','normal',0,'2018-04-12',0,0),(215,'MGA',1,1,108,7,NULL,'258-2400902334','JDSAEF','Fenozanany Loo Ki Arthur',151700,228600,0,'facture',0,'simple',1,'normal','normal',0,'2018-04-12',0,0),(216,'MGA',1,1,NULL,7,NULL,'258-2400902335','WVBCFW','MRS Raharimalala Lucienne',452600,382000,0,'non-facture',0,'allerRetour',1,'normal','normal',0,'2018-04-13',0,0),(217,'MGA',1,1,NULL,7,NULL,'258-2400902336','WVBCFW','MR Randriamampianina',452600,382000,0,'non-facture',0,'allerRetour',1,'normal','normal',0,'2018-04-13',0,0),(218,'MGA',1,1,NULL,7,NULL,'258-2400902337','WVBCFW','Randriamampianina Ihoby',303300,382000,0,'non-facture',0,'allerRetour',1,'normal','normal',0,'2018-04-13',0,0),(219,'MGA',1,1,NULL,7,NULL,'258-2400902338','WVBCFW','Randriamampianina Koly',303300,382000,0,'non-facture',0,'allerRetour',1,'normal','normal',0,'2018-04-13',0,0),(220,'MGA',1,1,126,7,NULL,'258-2400902339','LZDN32','Mrs RAMAROSON Stephanie',452600,457600,0,'facture',0,'allerRetour',1,'normal','normal',0,'2018-04-13',0,0),(221,'MGA',8,14,109,5,NULL,'057-1405072819','PXQPHM','RAFALIMANANA Fidel',389200,0,0,'facture',0,'simple',1,'normal','normal',0,'2018-04-13',0,0),(222,'MGA',3,4,NULL,7,NULL,'258-2400902340','LXHPF4','MRS Deplucinski Christine',681100,621500,0,'non-facture',0,'allerRetour',1,'normal','normal',0,'2018-04-13',0,0),(223,'MGA',1,1,NULL,7,NULL,'258-2400902341','LXHPF4','MRS Deplucinski Christine',226300,228800,0,'non-facture',0,'simple',1,'normal','normal',0,'2018-04-13',0,0),(224,'MGA',4,6,110,44,NULL,'706-2300181097','JGOQKH','MR Camara Ansoumane',1244600,1863900,0,'facture',0,'allerRetour',1,'normal','normal',0,'2018-04-14',0,0),(225,'MGA',1,1,111,7,NULL,'258-2400902344','L89YZZ','MRS Nivoarisoa Marie',226300,122600,0,'facture',0,'simple',1,'normal','normal',0,'2018-04-14',0,0),(226,'MGA',9,15,112,7,NULL,'258-2400902342','U84KQX','MOCOEUR Patrick',50000,0,0,'facture',0,'allerRetour',1,'normal','normal',0,'2018-04-16',0,0),(227,'MGA',1,1,NULL,7,NULL,'258-2400902343','U8LWWP','POBELETE',0,0,0,'non-facture',0,'allerRetour',1,'normal','normal',0,'2018-04-16',0,0),(228,'MGA',3,5,NULL,8,NULL,'239-2402307396','SOLOD9','MR Rajabali Amirali (ADT)',2058200,943200,0,'non-facture',0,'allerRetour',1,'normal','normal',0,'2018-04-16',0,0),(229,'MGA',3,5,NULL,8,NULL,'239-2402307397','M2QROM','MR Rajabali Sameer (ADT)',2058200,943200,0,'non-facture',0,'allerRetour',1,'normal','normal',0,'2018-04-16',0,0),(232,'MGA',NULL,NULL,NULL,38,18,NULL,NULL,'FENOZANANY HIARISOLO Loo Ki Jerry',7376200,3369900,0,'attente',0,'allerRetour',1,'normal','normal',0,'2018-04-16',240000,1),(233,'MGA',NULL,NULL,NULL,38,19,NULL,NULL,'FENOZANANY HIARISOLO Loo Ki Jerry',414900,1549600,0,'attente',0,'allerRetour',1,'normal','normal',0,'2018-04-16',120000,1),(234,'MGA',NULL,NULL,NULL,38,19,NULL,NULL,'TANG SIOU MI/Jade Amanda',414900,1549600,0,'attente',0,'allerRetour',1,'normal','normal',0,'2018-04-16',120000,1),(236,'MGA',NULL,NULL,NULL,38,22,NULL,NULL,'FENOZANANY HIARISOLO Loo Ki Jerry',414900,1549600,0,'attente',0,'allerRetour',1,'normal','normal',0,'2018-04-16',120000,1),(239,'MGA',1,1,113,7,NULL,'258-2400902345','TDO5RZ','MRS Raharisoa Dalila (ADT)',226300,228500,0,'facture',0,'simple',1,'normal','normal',0,'2018-04-16',0,0),(241,'MGA',3,4,114,8,NULL,'239-2402307398','ULBJUY','MR Fenozanany Hiarisolo',567200,935200,0,'facture',0,'allerRetour',1,'normal','normal',0,'2018-04-16',0,0),(242,'MGA',NULL,NULL,NULL,38,26,NULL,NULL,'FENOZANANY Fiarisolo Loo Ki Jerry',414900,1549600,0,'attente',0,'allerRetour',1,'normal','normal',0,'2018-04-16',120000,1),(243,'MGA',5,8,115,38,NULL,'176-2113928308','O2JUWW','FENOZANANY Hiarisolo Loo Ki Jerry',534300,1548100,0,'facture',0,'allerRetour',1,'normal','normal',0,'2018-04-17',0,0),(245,'MGA',5,9,116,38,NULL,'176-2113928309','2RSGZW','FENOZANANY Hiarisolo Loo Ki Jerry',7580800,3365600,0,'facture',0,'allerRetour',1,'normal','normal',0,'2018-04-17',0,0),(246,'MGA',NULL,NULL,NULL,38,27,NULL,NULL,'TANG SIOU MI/Jade Amanda',414200,1547200,0,'attente',0,'allerRetour',1,'normal','normal',0,'2018-04-19',120000,1),(247,'MGA',4,7,117,8,NULL,'239-2402307399','ULBKK5','MRS Tang Siou Mi Jade',2792400,2157100,0,'facture',0,'allerRetour',1,'normal','normal',0,'2018-04-19',0,0),(248,'MGA',5,8,118,38,NULL,'176-2113928310','2BZGZW','TANG SIOU MI Jade Amanda',534200,1547200,0,'facture',0,'allerRetour',1,'normal','normal',0,'2018-04-19',0,0),(249,'MGA',8,16,119,8,NULL,'239-2402568100','ULBJUY','FENOZANANY HIARISOLO Loo Ki Jerry',1077600,4200,0,'facture',0,'allerRetour',1,'normal','normal',0,'2018-04-19',0,0),(250,'MGA',3,4,123,8,NULL,'239-2402568101','S45JZB','MR Rasoanaina Jacquis',566000,934300,0,'facture',0,'allerRetour',1,'normal','normal',0,'2018-04-21',0,0),(251,'MGA',4,6,124,8,NULL,'239-2402568102','SYR9ZO/1A','JEEVAN GV',1293000,1716800,0,'facture',0,'allerRetour',1,'normal','normal',0,'2018-04-24',0,0),(252,'MGA',4,6,125,8,NULL,'239-2402568103','O36H4P','MISS Molou Soraya (ADT)',2318800,1174300,0,'facture',0,'simple',1,'normal','normal',0,'2018-04-25',0,0),(253,'MGA',1,1,127,7,NULL,'258-2400902346','O4LACW','Razafimahefa Jean Yves',226300,227500,0,'facture',0,'simple',1,'normal','normal',0,'2018-04-25',0,0),(254,'MGA',8,14,128,44,NULL,'706-2300181098','JGOQKH','CAMARA Ansoumane',317500,324000,0,'facture',0,'simple',1,'normal','normal',0,'2018-04-26',0,0),(255,'MGA',3,4,129,8,NULL,'239-2402568104','QES3F5','MR Ratolonjanahary Damy',567000,927100,0,'facture',0,'allerRetour',1,'normal','normal',0,'2018-04-26',0,0),(256,'MGA',1,1,130,7,NULL,'258-2400902347','TCOCSN','Monja Fanevasoa Mrs (ADT)',323200,454600,0,'facture',0,'allerRetour',1,'normal','normal',0,'2018-04-27',0,0),(257,'MGA',1,1,130,7,NULL,'258-2400902348','TCOCSN','MR Ratolonjanahary Damy',323200,454600,0,'facture',0,'allerRetour',1,'normal','normal',0,'2018-04-27',0,0),(258,'MGA',3,5,NULL,8,NULL,'239-2402568105','UZKQ24','MRS Rajabali Nisha (ADT)',1665200,874000,0,'non-facture',0,'allerRetour',1,'normal','normal',0,'2018-04-28',0,0),(259,'MGA',1,1,NULL,7,NULL,'258-2400902351','UJPP6L','MRS Ramaroson Stephanie',452600,455200,0,'non-facture',0,'allerRetour',1,'normal','normal',0,'2018-05-03',0,0),(260,'MGA',1,1,NULL,7,NULL,'258-2400902352','UIZTO5','MR Andriatsitohaina',452600,455200,0,'non-facture',0,'allerRetour',1,'normal','normal',0,'2018-05-03',0,0),(261,'MGA',1,1,NULL,7,NULL,'258-2400902353','UIZTO5','Rakotomahazo Rivolalaina',452600,455200,0,'non-facture',0,'allerRetour',1,'normal','normal',0,'2018-05-03',0,0),(262,'MGA',1,1,NULL,7,NULL,'258-2400902354','UIZTO5','MR Ranaivoson Jean Desire',452600,455200,0,'non-facture',0,'allerRetour',1,'normal','normal',0,'2018-05-03',0,0),(263,'MGA',1,1,131,7,NULL,'258-2400902355','WINDSU','MR Ramarosaona',452600,383400,0,'facture',0,'allerRetour',1,'normal','normal',0,'2018-05-04',0,0),(264,'MGA',3,4,132,8,NULL,'239-2402568106','RH8EB4','MRS Razafimanantsoa Ep',574700,926600,0,'facture',0,'allerRetour',1,'normal','normal',0,'2018-05-04',0,0),(265,'MGA',3,4,132,8,NULL,'239-2402568107','RGHYGY','MR Andrianasolo Jonathan',568600,923400,0,'facture',0,'allerRetour',1,'normal','normal',0,'2018-05-04',0,0),(266,'MGA',3,4,132,8,NULL,'239-2402568108','RGHYGY','MR Andrianasolo Renaud',568600,923400,0,'facture',0,'allerRetour',1,'normal','normal',0,'2018-05-04',0,0),(267,'MGA',1,1,133,7,NULL,'258-2400902356','PUZXAA','MRS Andriamiaranarivo',452600,361000,0,'facture',0,'allerRetour',1,'normal','normal',0,'2018-05-07',0,0),(268,'MGA',1,1,134,7,NULL,'258-2400902357','PVQECA','Andrianjanahary (ADT)',323200,361000,0,'facture',0,'allerRetour',1,'normal','normal',0,'2018-05-07',0,0),(269,'MGA',4,6,149,7,NULL,'258-2400902358','PXEFHI','MRS Charbonnier Michelle',2114000,1672700,0,'facture',0,'allerRetour',1,'normal','normal',0,'2018-05-07',0,0),(270,'MGA',4,6,149,7,NULL,'258-2400902359','PXEFHI','MR Ducourtioux Jean',2114000,1672700,0,'facture',0,'allerRetour',1,'normal','normal',0,'2018-05-07',0,0),(271,'MGA',9,15,NULL,7,NULL,'258-2400902360','UJPP6L','RAMAROSON Stephanie',50000,0,0,'non-facture',0,'simple',1,'normal','normal',0,'2018-05-08',0,0),(272,'MGA',1,1,135,7,NULL,'258-2400902361','SGADVN','MR Randrianjafimanana',452600,349700,0,'facture',0,'allerRetour',1,'normal','normal',0,'2018-05-08',0,0),(273,'MGA',1,1,136,7,NULL,'258-2400902362','QD2M9K','MR Thaina Joary Nantenaina',161600,226900,0,'facture',0,'simple',1,'normal','normal',0,'2018-05-09',0,0),(274,'MGA',4,6,138,44,NULL,'706-2300181099','LZRRPS','MR Dubois Jean Claude',1787900,690600,0,'facture',0,'simple',1,'normal','normal',0,'2018-05-11',0,0),(275,'MGA',4,7,NULL,8,NULL,'239-2402568109','SRHEML','MRS Barday Ep Rajabali',7213900,1104100,0,'non-facture',0,'allerRetour',1,'normal','normal',0,'2018-05-11',0,0),(276,'MGA',4,7,NULL,8,NULL,'239-2402568110','SRHEML','MRS Rajabali Nisha (ADT)',7213900,1104100,0,'non-facture',0,'allerRetour',1,'normal','normal',0,'2018-05-11',0,0),(277,'MGA',1,1,139,7,NULL,'258-2400902363','W49PGE','Kuriyeri Sophie Garcia',108300,133100,0,'facture',0,'simple',1,'normal','normal',0,'2018-05-15',0,0),(278,'MGA',1,1,139,7,NULL,'258-2400902364','W49PGE','Kuriyerie Sree Kumar Jonas',108300,133100,0,'facture',0,'simple',1,'normal','normal',0,'2018-05-15',0,0),(279,'MGA',1,1,139,7,NULL,'258-2400902365','W49PLB','KURIYERI Prasanth',323200,359700,0,'facture',0,'allerRetour',1,'normal','normal',0,'2018-05-15',0,0),(280,'MGA',1,1,140,7,NULL,'258-2400902366','W6DNV7','Fihononana Seheno (ADT)',161600,226600,0,'facture',0,'simple',1,'normal','normal',0,'2018-05-15',0,0),(281,'MGA',1,1,140,7,NULL,'258-2400902367','W6DNV7','VITTIL Aiden INF',0,0,0,'facture',0,'simple',1,'normal','normal',0,'2018-05-15',0,0),(282,'MGA',4,6,141,8,NULL,'239-2402568111','J5BNEB','MR Ramanana Esthor (ADT)',1538300,2600300,0,'facture',0,'allerRetour',1,'normal','normal',0,'2018-05-15',0,0),(283,'MGA',6,10,NULL,5,NULL,'057-1405072820','W7WOTV','MRS Affairoux Manon Marie',1856900,1378200,0,'non-facture',0,'allerRetour',1,'normal','normal',0,'2018-05-15',0,0),(284,'MGA',1,1,142,7,NULL,'258-2400902368','L428GT','MR Ratolonjanahary Damy',115400,133200,0,'facture',0,'simple',1,'normal','normal',0,'2018-05-16',0,0),(285,'MGA',9,17,NULL,8,NULL,'239-2402568112','S44RC3','RAJABALI Sameer',0,0,0,'non-facture',0,'simple',1,'normal','normal',0,'2018-05-16',0,0),(286,'MGA',1,1,144,7,NULL,'258-2400902369','SDIQBG','N GBICHI Jean Marie',969600,360300,0,'facture',0,'allerRetour',1,'normal','normal',0,'2018-05-17',0,0),(287,'MGA',1,1,144,7,NULL,'258-2400902370','SDIQBG','PRIMMER Irene',969600,360300,0,'facture',0,'allerRetour',1,'normal','normal',0,'2018-05-17',0,0),(288,'MGA',1,1,144,7,NULL,'258-2400902372','RRAD4W','RAMANANKONENANA Liantsoa',452600,360300,0,'facture',0,'allerRetour',1,'normal','normal',0,'2018-05-17',0,0),(289,'MGA',9,15,144,7,NULL,'258-2400902374','VOGQM7','YE MAURICE',50000,0,0,'facture',0,'allerRetour',1,'normal','normal',0,'2018-05-17',0,0),(291,'MGA',NULL,NULL,NULL,39,29,NULL,NULL,'CAMARA Ansoumane',1957600,1410050,0,'attente',0,'allerRetour',1,'normal','normal',0,'2018-05-17',120000,1),(292,'MGA',1,1,145,7,NULL,'258-2400902371','RRAD4W','RAMAHERISON Clark Michel (ADT)',452600,360300,0,'facture',0,'allerRetour',1,'normal','normal',0,'2018-05-17',0,0),(293,'MGA',1,1,145,7,NULL,'258-2400902373','RRAD4W','RAMAHERISON Carl(INF)',0,0,0,'facture',0,'allerRetour',1,'normal','normal',0,'2018-05-17',0,0),(294,'MGA',4,6,146,39,NULL,'071-2120321337','N9ZPK5/1A-ABYVOF/ET','CAMARA Ansoumane',2077600,1410050,0,'facture',0,'allerRetour',1,'normal','normal',0,'2018-05-17',0,0),(295,'MGA',1,1,147,7,NULL,'258-2400902375','PX4EQJ','RASOANAIVO Etienne Solomampionona (ADT)',226300,149900,0,'facture',0,'simple',1,'normal','normal',0,'2018-05-21',0,0),(296,'MGA',4,7,150,7,NULL,'258-2400902376','TIV8UC','MR Mathe Patrice (ADT)',10811300,1892600,0,'facture',0,'allerRetour',1,'normal','normal',0,'2018-05-22',0,0),(297,'MGA',4,6,NULL,47,NULL,'235-2494712205','MHO4L4','SIRRIEH Edward Michel',1961300,1187500,0,'non-facture',0,'allerRetour',1,'normal','normal',0,'2018-05-22',0,0),(298,'EUR',9,17,NULL,7,NULL,'258-2400902377','VAW9QM','DEIBER Rene',0,0,0,'non-facture',0,'simple',1,'normal','normal',0,'2018-05-25',0,0),(299,'MGA',4,7,148,7,NULL,'258-2400902378','VAW9QM','MR Deiber Rene (ADT)',5926900,1021200,0,'facture',0,'simple',1,'normal','normal',0,'2018-05-25',0,0),(300,'MGA',4,6,151,47,NULL,'235-2494712206','MXCHYO','ARRIVE Andre',2116800,1196900,0,'facture',0,'allerRetour',1,'normal','normal',0,'2018-05-28',0,0),(301,'MGA',4,6,151,47,NULL,'235-2494712207','MXCHYO','BOTTON Pierre Antoine',2116800,1196900,0,'facture',0,'allerRetour',1,'normal','normal',0,'2018-05-28',0,0),(302,'MGA',1,1,NULL,8,NULL,'239-2402568113','NMVO8J','MR Rajabali Sameer (ADT)',2100300,942500,0,'non-facture',0,'allerRetour',1,'normal','normal',0,'2018-05-28',0,0),(303,'MGA',4,6,152,47,NULL,'235-2494712208','SU8WQB','RAYMOND Cynthia Mialy',2744500,1201500,0,'facture',0,'allerRetour',1,'normal','normal',0,'2018-05-30',0,0),(304,'MGA',9,15,152,47,NULL,'235-2494712209','MXCHYO','ARRIVE Andre',561600,0,0,'facture',0,'simple',1,'normal','normal',0,'2018-05-30',0,0),(305,'MGA',9,15,152,47,NULL,'235-2494712210','MXCHYO','BOTTON Pierre Antoine',561600,0,0,'facture',0,'simple',1,'normal','normal',0,'2018-05-30',0,0),(306,'MGA',6,10,NULL,5,NULL,'057-1405072821','SFJXAE','MRS Hobinirina Ep De FOUCAULT',2163700,1394900,0,'non-facture',0,'allerRetour',1,'normal','normal',0,'2018-05-31',0,0),(307,'MGA',6,10,NULL,5,NULL,'057-1405072822','SDZG5V','MR De Foucault Cedric (ADT)',2163700,1394900,0,'non-facture',0,'allerRetour',1,'normal','normal',0,'2018-05-31',0,0),(308,'MGA',6,10,NULL,5,NULL,'057-1405072823','LUTRPN','MISS De Foucault Marie Soa',2147100,1394900,0,'non-facture',0,'allerRetour',1,'normal','normal',0,'2018-05-31',0,0),(309,'MGA',6,10,NULL,5,NULL,'057-1405072824','LUTRPN','De Foucault Thia Soa (CHD)',1609500,1394900,0,'non-facture',0,'allerRetour',1,'normal','normal',0,'2018-05-31',0,0),(310,'MGA',1,1,185,7,NULL,'258-2400902379','JVZQMA','Andriatsitohaina Robinson',452600,461000,0,'facture',0,'allerRetour',1,'normal','normal',0,'2018-06-01',0,0),(311,'MGA',1,1,185,7,NULL,'258-2400902380','JVZQMA','RAKOTOMAHAZO Rivolalaina Celestin (ADT)',452600,461000,0,'facture',0,'allerRetour',1,'normal','normal',0,'2018-06-01',0,0),(312,'MGA',1,1,185,7,NULL,'258-2400902381','JVZPJJ','RAMAROSON Stephanie(ADT)',452600,461000,0,'facture',0,'allerRetour',1,'normal','normal',0,'2018-06-01',0,0),(313,'MGA',1,1,185,7,NULL,'258-2400902382','JVZPJJ','RANAIVOSON Jean Desire(ADT)',452600,461000,0,'facture',0,'allerRetour',1,'normal','normal',0,'2018-06-01',0,0),(314,'MGA',1,1,153,7,NULL,'258-2400902383','RCCM23','MR Kassim Paul Cone (ADT)',161600,136800,0,'facture',0,'simple',1,'normal','normal',0,'2018-06-05',0,0),(315,'MGA',1,1,153,7,NULL,'258-2400902384','RCCM23','MRS Razanamandroso',161600,136800,0,'facture',0,'simple',1,'normal','normal',0,'2018-06-05',0,0),(316,'MGA',4,6,154,5,NULL,'057-1405072825','RI7NXF','MR Dubois Jean Claude',2604600,1388300,0,'facture',0,'allerRetour',1,'normal','normal',0,'2018-06-05',0,0),(317,'MGA',9,15,186,7,NULL,'258-2400902385','JVZQMA','ANDRIATSITOHAINA Robinson Mbolatiana',50000,0,0,'facture',0,'simple',1,'normal','normal',0,'2018-06-06',0,0),(318,'MGA',9,15,186,7,NULL,'258-2400902386','JVZQMA','RAKOTOMAHAZO Rivolalaina Celestin (ADT)',50000,0,0,'facture',0,'simple',1,'normal','normal',0,'2018-06-06',0,0),(319,'MGA',9,15,186,7,NULL,'258-2400902387','JVZPJJ','RAMAROSON Stephanie',50000,5800,0,'facture',0,'allerRetour',1,'normal','normal',0,'2018-06-06',0,0),(320,'MGA',9,15,186,7,NULL,'258-2400902388','JVZPJJ','RANAIVOSON Jean Desire(ADT)',50000,5800,0,'facture',0,'allerRetour',1,'normal','normal',0,'2018-06-06',0,0),(321,'MGA',3,5,NULL,8,NULL,'239-2402568114','W2KAI5','MRS Hassim Yvana (ADT)',1812200,904500,0,'non-facture',0,'allerRetour',1,'normal','normal',0,'2018-06-07',0,0),(322,'MGA',3,5,NULL,8,NULL,'239-2402568115','W2KAI5','Rajabali Esha (CHD)',1477400,845900,0,'non-facture',0,'allerRetour',1,'normal','normal',0,'2018-06-07',0,0),(323,'MGA',3,5,NULL,8,NULL,'239-2402568116','W2KAI5','Rajabali Sohel (CHD)',1477400,845900,0,'non-facture',0,'allerRetour',1,'normal','normal',0,'2018-06-07',0,0),(324,'MGA',3,5,NULL,8,NULL,'239-2402568117','W2IAG4','MR Rajabali Sameer (ADT)',2152000,965800,0,'non-facture',0,'allerRetour',1,'normal','normal',0,'2018-06-07',0,0),(325,'MGA',3,4,155,8,NULL,'239-2402568118','N255TF','MRS Randrianantoandro Harisolo',591900,958900,0,'facture',0,'allerRetour',1,'normal','normal',0,'2018-06-08',0,0),(326,'MGA',1,1,156,7,NULL,'258-2400902389','NFR9K7','MR Randrianjafimanana Samisoa',452600,403500,0,'facture',0,'allerRetour',1,'normal','normal',0,'2018-06-08',0,0),(327,'MGA',3,5,NULL,8,NULL,'239-2402568120','PQT9XY','MR Rajabali Sameer (ADT)',2159800,976200,0,'non-facture',0,'allerRetour',1,'normal','normal',0,'2018-06-09',0,0),(328,'MGA',3,5,NULL,8,NULL,'239-2402568119','PQT9XY','MR Rajabali Amirali (ADT)',2159800,976200,0,'non-facture',0,'allerRetour',1,'normal','normal',0,'2018-06-09',0,0),(329,'MGA',1,2,157,7,NULL,'258-2400902390','NMAQA4','MR Tang Kuo Kung Jeannot',609000,235100,0,'facture',0,'simple',1,'normal','normal',0,'2018-06-11',0,0),(330,'MGA',9,15,159,7,NULL,'258-2400902391','RRAD4W','RAMAHERISON Clark Michel (ADT)',50000,29700,0,'facture',0,'allerRetour',1,'normal','normal',0,'2018-06-11',0,0),(331,'MGA',9,15,160,7,NULL,'258-2400902394','RRAD4W','RAMANANKONENANA Liantsoa Mendrika',50000,29700,0,'facture',0,'allerRetour',1,'normal','normal',0,'2018-06-11',0,0),(333,'MGA',1,1,NULL,7,NULL,'258-2400902396','QXIQSO','Rajaonah Dina (ADT)',452600,396100,0,'non-facture',0,'allerRetour',1,'normal','normal',0,'2018-06-13',0,0),(334,'MGA',1,1,NULL,7,NULL,'258-2400902397','QXIQSO','RAJAONAH Maheritiana(ADT)',452600,396100,0,'non-facture',0,'allerRetour',1,'normal','normal',0,'2018-06-13',0,0),(335,'MGA',1,1,NULL,7,NULL,'258-2400902398','QXIQSO','RAVELONJATOVO Mamy Rija(ADT)',452600,396100,0,'non-facture',0,'allerRetour',1,'normal','normal',0,'2018-06-13',0,0),(336,'MGA',1,1,NULL,7,NULL,'258-2400902399','J5UJ6H','ARRIVE Andre',452600,397000,0,'non-facture',0,'allerRetour',1,'normal','normal',0,'2018-06-14',0,0),(337,'MGA',4,6,161,47,NULL,'235-2494712211','QO5A9V','RANAIVOSON FONTAYNE Fanja Mireille',2352500,1246900,0,'facture',0,'allerRetour',1,'normal','normal',0,'2018-06-15',0,0),(338,'MGA',1,1,162,7,NULL,'258-2400935100','OG8P99','MR Tesoka Laurent (ADT)',2164400,776500,0,'facture',0,'allerRetour',1,'normal','normal',0,'2018-06-15',0,0),(339,'MGA',1,1,162,7,NULL,'258-2400935101','OFII3U','MISS Zafindrafara Anigerlado',721600,776500,0,'facture',0,'allerRetour',1,'normal','normal',0,'2018-06-15',0,0),(340,'MGA',1,2,163,7,NULL,'258-2400935102','TMI6PS','MR Ravelomanantsoa Odon',609000,236400,0,'facture',0,'simple',1,'normal','normal',0,'2018-06-16',0,0),(341,'MGA',9,17,NULL,8,NULL,'239-2402568121','W2IAG4','RAJABALI Sameer',250600,13200,0,'non-facture',0,'allerRetour',1,'normal','normal',0,'2018-06-18',0,0),(342,'MGA',1,1,164,7,NULL,'258-2400935103','K6YEFN','MR Randriamandimbison',452600,376200,0,'facture',0,'allerRetour',1,'normal','normal',0,'2018-06-18',0,0),(343,'MGA',1,1,165,7,NULL,'258-2400935104','JM3MO8','MR Ramarijaona Jean Yves',323200,376200,0,'facture',0,'allerRetour',1,'normal','normal',0,'2018-06-18',0,0),(344,'MGA',1,1,166,7,NULL,'258-2400935105','KRT8Q3','MR Camara Mamady (ADT)',452600,469200,0,'facture',0,'allerRetour',1,'normal','normal',0,'2018-06-19',0,0),(345,'MGA',1,2,167,7,NULL,'258-2400935106','K8BBO8','MR Fenozanany Hiarisolo',835300,363600,0,'facture',0,'allerRetour',1,'normal','normal',0,'2018-06-19',0,0),(346,'MGA',6,10,187,5,NULL,'057-1405072827 - 28','MZJV9I','MRS Raharison Yveline',3375200,1556000,0,'facture',0,'allerRetour',1,'normal','normal',0,'2018-06-20',0,0),(347,'MGA',6,10,187,5,NULL,'057-1405072829','MZHUSL','MR RAHARISON Andrianjanahary',4815800,1515000,0,'facture',0,'allerRetour',1,'normal','normal',0,'2018-06-20',0,0),(348,'MGA',4,7,NULL,7,NULL,'258-2400935107','PJPSN5','MR Rajabali Amirali (ADT)',8918100,1953100,0,'non-facture',0,'allerRetour',1,'normal','normal',0,'2018-06-20',0,0),(349,'MGA',1,1,168,7,NULL,'258-2400935108','PO2D67','MR RAMAMONJISOA Dieudonne',452600,373100,0,'facture',0,'allerRetour',1,'normal','normal',0,'2018-06-21',0,0),(350,'MGA',1,1,169,7,NULL,'258-2400935109','S98TFO','MR Ravelojaona Jose (ADT)',452600,373100,0,'facture',0,'allerRetour',1,'normal','normal',0,'2018-06-22',0,0),(351,'MGA',1,1,170,7,NULL,'258-2400935110','SGFWGT','Razafindrajoha Fatimanirina',323200,373100,0,'facture',0,'allerRetour',1,'normal','normal',0,'2018-06-22',0,0),(352,'MGA',4,6,171,47,NULL,'235-2494712212','U7QJDL','DUBOIS Jean Claude',1635100,591900,0,'facture',0,'allerRetour',1,'normal','normal',0,'2018-06-22',0,0),(353,'MGA',4,7,NULL,7,NULL,'258-2400935111','UJNLSB','MR Ochs Bruno (ADT)',11005200,1929400,0,'non-facture',0,'allerRetour',1,'normal','normal',0,'2018-06-22',0,0),(354,'MGA',1,2,172,7,NULL,'258-2400935112','NLL83P/1A','RAKOTONDRASOLO Andrianomena Lova',226300,154400,0,'facture',0,'simple',1,'normal','normal',0,'2018-06-25',0,0),(355,'MGA',6,10,188,5,NULL,'057-1405072830','Q4CQPT','MR Ramarijaona Jean Yves',2574700,1423300,0,'facture',0,'allerRetour',1,'normal','normal',0,'2018-06-28',0,0),(356,'MGA',6,10,188,5,NULL,'057-1405072831','Q4CQPT','MRS Rasandimalala Ep Ramarijaona Norotiana',2574700,1423300,0,'facture',0,'allerRetour',1,'normal','normal',0,'2018-06-28',0,0),(357,'MGA',6,10,188,5,NULL,'057-1405072832','Q4CU9K','MISS Ramarijaona Ihita Vatosoa Jeanne',2574700,1423300,0,'facture',0,'allerRetour',1,'normal','normal',0,'2018-06-28',0,0),(358,'MGA',4,6,173,8,NULL,'239-2402568122','VBFYRP','Gillet ep WAN Cécile Aline Suzanne (ADT)',425800,2378900,0,'facture',0,'allerRetour',1,'normal','normal',0,'2018-06-28',0,0),(359,'MGA',6,10,174,5,NULL,'057-1405072833','VJRBXV','MR Andriamampianina Nirson Mamy',5149400,2389400,0,'facture',0,'allerRetour',1,'normal','normal',0,'2018-06-28',0,0),(360,'MGA',4,6,176,8,NULL,'239-2402568123','NABC74','MRS Randrianarivony Tinaharilandy Cynthia Annick',304900,1506500,0,'facture',0,'allerRetour',1,'normal','normal',0,'2018-06-29',0,0),(361,'MGA',4,6,176,8,NULL,'239-2402568124','NABC74','MR Razafindramamba Andry Benarivelo',304900,1506500,0,'facture',0,'allerRetour',1,'normal','normal',0,'2018-06-29',0,0),(362,'MGA',4,6,176,8,NULL,'239-2402568125','NABC74','Razafindramamba Ny Andry',304900,1506500,0,'facture',0,'allerRetour',1,'normal','normal',0,'2018-06-29',0,0),(363,'MGA',4,6,176,8,NULL,'239-2402568126','NABC74','Razafindramamba Ny Ary',304900,1506500,0,'facture',0,'allerRetour',1,'normal','normal',0,'2018-06-29',0,0),(364,'MGA',4,6,176,8,NULL,'239-2402568127','NABC74','Razafindramamba Ranjalandy Soairina(CHD)',230400,1411000,0,'facture',0,'allerRetour',1,'normal','normal',0,'2018-06-29',0,0),(365,'MGA',1,1,177,7,NULL,'258-2400935113','QNH2GZ','RAHARISON Andrianjanahary (ADT)',323200,370800,0,'facture',0,'allerRetour',1,'normal','normal',0,'2018-07-02',0,0),(366,'MGA',4,6,NULL,8,NULL,'239-2402568128','VE5ZOH','MR Botton Pierre Antoine',305400,1339500,0,'non-facture',0,'allerRetour',1,'normal','normal',0,'2018-07-02',0,0),(367,'MGA',1,1,178,7,NULL,'258-2400935114','T5X7MY/1A','RAVELOJAONA Jose',360800,370800,0,'facture',0,'allerRetour',1,'normal','normal',0,'2018-07-02',0,0),(368,'MGA',1,1,178,7,NULL,'258-2400935115','T5SWD2','MR Li Alex (ADT)',772400,370800,0,'facture',0,'allerRetour',1,'normal','normal',0,'2018-07-02',0,0),(369,'MGA',3,4,179,3,30,'7602402975014','T9VI8C/1A','MOLOU Mehdi(CHD)',699500,721800,0,'facture',0,'normal',1,'normal','normal',0,'2018-07-03',40200,1),(370,'MGA',3,4,179,3,30,'7602402975015','T9VI8C/1A','MOLOU Soukaina Miss',1044300,721800,0,'facture',0,'normal',1,'normal','normal',0,'2018-07-03',40200,1),(371,'MGA',3,4,179,3,30,'7602402975016','T9VI8C/1A','SORRES Aurelia Marie Claudine Mrs',1044300,721800,0,'facture',0,'normal',1,'normal','normal',0,'2018-07-03',40200,1),(372,'MGA',4,6,180,3,31,'7602402975017','T9T39R/1A','MOLOU Souraya',2781300,2211900,0,'facture',0,'normal',1,'normal','normal',0,'2018-07-03',40200,1),(373,'MGA',1,1,181,7,NULL,'258-2400935116','TBKXKH','RANDRIANIRINA Jean Blaise(ADT)',360800,366900,0,'facture',0,'allerRetour',1,'normal','normal',0,'2018-07-03',0,0),(374,'MGA',1,1,182,7,NULL,'258-2400935117','QSZSZO/1A','COURNARIE Sylvie Mrs(ADT)',505000,394100,0,'facture',0,'allerRetour',1,'normal','normal',0,'2018-07-06',0,0),(375,'MGA',1,1,182,7,NULL,'258-2400935118','QSZSZO/1A','RAJAOBELINA Mamy Mr(ADT)',505000,394100,0,'facture',0,'allerRetour',1,'normal','normal',0,'2018-07-06',0,0),(376,'MGA',1,1,183,7,NULL,'258-2400935119','K4W65E','MISS Blokker Anne (ADT)',969600,394100,0,'facture',0,'allerRetour',1,'normal','normal',0,'2018-07-06',0,0),(377,'MGA',1,1,183,7,NULL,'258-2400935120','K4W65E','MRS Blokker Cornelia (ADT)',969600,394100,0,'facture',0,'allerRetour',1,'normal','normal',0,'2018-07-06',0,0),(378,'MGA',1,1,183,7,NULL,'258-2400935121','K4W65E','MISS Blokker Danita (ADT)',969600,394100,0,'facture',0,'allerRetour',1,'normal','normal',0,'2018-07-06',0,0),(379,'MGA',1,1,183,7,NULL,'258-2400935122','K4W65E','MR Blokker Gert Frederik',969600,394100,0,'facture',0,'allerRetour',1,'normal','normal',0,'2018-07-06',0,0),(380,'MGA',1,1,184,7,NULL,'258-2400935123','PEINEM','MRS Manantany Christelle',360800,465000,0,'facture',0,'allerRetour',1,'normal','normal',0,'2018-07-07',0,0),(381,'MGA',1,1,184,7,NULL,'258-2400935124','PEINEM','RAVELONARIVO Claude Jean Saturnin (ADT)',360800,465000,0,'facture',0,'allerRetour',1,'normal','normal',0,'2018-07-07',0,0),(382,'MGA',1,1,184,7,NULL,'258-2400935125','RF6GRL','DE PINDRAY D Ambelle Shayan (CHD)',338400,465000,0,'facture',0,'allerRetour',1,'normal','normal',0,'2018-07-07',0,0);
/*!40000 ALTER TABLE `vente` ENABLE KEYS */;
UNLOCK TABLES;

--
-- Table structure for table `vente_parcour`
--

DROP TABLE IF EXISTS `vente_parcour`;
/*!40101 SET @saved_cs_client     = @@character_set_client */;
/*!40101 SET character_set_client = utf8 */;
CREATE TABLE `vente_parcour` (
  `vente_id` int(11) NOT NULL,
  `parcour_id` int(11) NOT NULL,
  PRIMARY KEY (`vente_id`,`parcour_id`),
  KEY `IDX_E8EFB5B67DC7170A` (`vente_id`),
  KEY `IDX_E8EFB5B69A561E99` (`parcour_id`),
  CONSTRAINT `FK_E8EFB5B67DC7170A` FOREIGN KEY (`vente_id`) REFERENCES `vente` (`id`) ON DELETE CASCADE,
  CONSTRAINT `FK_E8EFB5B69A561E99` FOREIGN KEY (`parcour_id`) REFERENCES `parcour` (`id`) ON DELETE CASCADE
) ENGINE=InnoDB DEFAULT CHARSET=utf8 COLLATE=utf8_unicode_ci;
/*!40101 SET character_set_client = @saved_cs_client */;

--
-- Dumping data for table `vente_parcour`
--

LOCK TABLES `vente_parcour` WRITE;
/*!40000 ALTER TABLE `vente_parcour` DISABLE KEYS */;
INSERT INTO `vente_parcour` VALUES (1,1),(1,2),(2,3),(2,4),(3,5),(3,6),(4,7),(5,8),(6,9),(6,10),(6,11),(18,45),(18,46),(18,47),(20,51),(20,52),(20,53),(21,54),(21,55),(21,56),(22,57),(22,58),(22,59),(23,60),(23,61),(24,62),(24,63),(25,64),(25,65),(26,66),(26,67),(32,78),(32,79),(33,80),(33,81),(35,84),(35,85),(36,86),(36,87),(36,88),(37,89),(37,90),(38,91),(38,92),(39,93),(40,94),(41,95),(42,96),(42,97),(43,98),(43,99),(43,100),(43,101),(44,102),(45,103),(46,104),(46,105),(46,106),(47,107),(47,108),(47,109),(48,110),(48,111),(48,112),(49,113),(49,114),(49,115),(50,116),(50,117),(51,118),(51,119),(52,120),(52,121),(53,122),(53,123),(56,126),(57,127),(57,128),(58,129),(58,130),(59,131),(59,132),(60,133),(60,134),(61,135),(61,136),(61,137),(61,138),(63,143),(63,144),(63,145),(63,146),(64,147),(64,148),(64,149),(64,150),(65,151),(65,152),(65,153),(65,154),(66,155),(66,156),(67,157),(67,158),(67,159),(67,160),(68,161),(68,162),(69,163),(70,164),(72,167),(72,168),(74,171),(74,172),(75,173),(75,174),(76,175),(77,176),(77,177),(78,178),(79,179),(79,180),(80,181),(80,182),(81,183),(81,184),(82,185),(82,186),(83,187),(83,188),(84,189),(84,190),(85,191),(85,192),(85,193),(86,194),(86,195),(87,196),(87,197),(88,198),(88,199),(89,200),(89,201),(90,202),(91,203),(92,204),(92,205),(93,206),(94,207),(95,208),(96,209),(96,210),(97,211),(97,212),(98,213),(98,214),(98,215),(98,216),(99,217),(99,218),(99,219),(99,220),(100,221),(101,222),(102,223),(103,224),(103,225),(104,226),(104,227),(105,228),(106,229),(106,230),(107,231),(107,232),(108,233),(108,234),(112,241),(113,242),(113,243),(114,244),(114,245),(115,246),(115,247),(115,248),(115,249),(116,250),(116,251),(117,252),(117,253),(118,254),(118,255),(119,256),(119,257),(120,258),(120,259),(121,260),(121,261),(122,262),(123,263),(123,264),(124,265),(125,266),(126,267),(126,268),(127,269),(127,270),(128,271),(128,272),(130,275),(130,276),(132,278),(132,279),(134,281),(135,282),(135,283),(136,284),(137,285),(137,286),(137,287),(137,288),(138,289),(139,290),(140,291),(141,292),(142,293),(143,294),(144,295),(144,296),(144,297),(144,298),(145,299),(146,300),(146,301),(146,302),(146,303),(147,304),(147,305),(148,306),(148,307),(149,308),(149,309),(150,310),(151,311),(151,312),(152,313),(152,314),(153,315),(153,316),(154,317),(154,318),(155,319),(155,320),(156,321),(156,322),(161,331),(161,332),(162,333),(162,334),(163,335),(163,336),(164,337),(164,338),(165,339),(165,340),(166,341),(166,342),(167,343),(167,344),(168,345),(168,346),(170,349),(170,350),(171,351),(171,352),(172,353),(172,354),(173,355),(173,356),(178,365),(178,366),(180,369),(180,370),(181,371),(181,372),(181,373),(181,374),(182,375),(182,376),(183,377),(183,378),(184,379),(184,380),(185,381),(185,382),(186,383),(186,384),(187,385),(187,386),(188,387),(188,388),(189,389),(189,390),(190,391),(190,392),(191,393),(191,394),(192,395),(192,396),(192,397),(193,398),(193,399),(193,400),(194,401),(194,402),(195,403),(195,404),(196,405),(196,406),(197,407),(197,408),(198,409),(198,410),(198,411),(198,412),(199,413),(199,414),(199,415),(199,416),(200,417),(200,418),(200,419),(200,420),(201,421),(201,422),(201,423),(201,424),(202,425),(202,426),(202,427),(202,428),(203,429),(203,430),(204,431),(204,432),(204,433),(204,434),(205,435),(205,436),(206,437),(206,438),(207,439),(207,440),(208,441),(208,442),(209,443),(209,444),(210,445),(210,446),(211,447),(211,448),(212,449),(212,450),(213,451),(214,452),(215,453),(216,454),(216,455),(217,456),(217,457),(218,458),(218,459),(219,460),(219,461),(220,462),(220,463),(221,464),(221,465),(222,466),(222,467),(223,468),(224,469),(224,470),(224,471),(224,472),(225,473),(226,474),(226,475),(227,476),(227,477),(228,478),(228,479),(229,480),(229,481),(232,487),(232,488),(232,489),(232,490),(233,491),(233,492),(234,493),(234,494),(236,497),(236,498),(239,502),(241,505),(241,506),(242,507),(242,508),(243,509),(243,510),(245,515),(245,516),(245,517),(245,518),(246,519),(246,520),(247,521),(247,522),(247,523),(247,524),(248,525),(248,526),(249,527),(249,528),(250,529),(250,530),(251,531),(251,532),(251,533),(251,534),(252,535),(252,536),(253,537),(254,538),(254,539),(255,540),(255,541),(256,542),(256,543),(257,544),(257,545),(258,546),(258,547),(259,548),(259,549),(260,550),(260,551),(261,552),(261,553),(262,554),(262,555),(263,556),(263,557),(264,558),(264,559),(265,560),(265,561),(266,562),(266,563),(267,564),(267,565),(268,566),(268,567),(269,568),(269,569),(270,570),(270,571),(271,572),(272,573),(272,574),(273,575),(274,576),(274,577),(275,578),(275,579),(276,580),(276,581),(277,582),(278,583),(279,584),(279,585),(280,586),(281,587),(282,588),(282,589),(282,590),(282,591),(283,592),(283,593),(284,594),(285,595),(286,596),(286,597),(287,598),(287,599),(288,600),(288,601),(289,602),(289,603),(291,606),(291,607),(291,608),(291,609),(292,610),(292,611),(293,612),(293,613),(294,614),(294,615),(294,616),(294,617),(295,618),(295,619),(296,620),(296,621),(297,622),(297,623),(298,624),(299,625),(300,626),(300,627),(301,628),(301,629),(302,630),(302,631),(303,632),(303,633),(304,634),(305,635),(306,636),(306,637),(307,638),(307,639),(308,640),(308,641),(309,642),(309,643),(310,644),(310,645),(311,646),(311,647),(312,648),(312,649),(313,650),(313,651),(314,652),(315,653),(316,654),(316,655),(317,656),(318,657),(319,658),(319,659),(320,660),(320,661),(321,662),(321,663),(322,664),(322,665),(323,666),(323,667),(324,668),(324,669),(325,670),(325,671),(326,672),(326,673),(326,674),(326,675),(327,676),(327,677),(328,678),(328,679),(329,680),(330,681),(330,682),(330,683),(331,684),(331,685),(331,686),(333,690),(333,691),(334,692),(334,693),(335,694),(335,695),(336,696),(336,697),(337,698),(337,699),(338,700),(338,701),(338,702),(338,703),(339,704),(339,705),(339,706),(339,707),(340,708),(341,709),(341,710),(342,711),(342,712),(343,713),(343,714),(344,715),(344,716),(345,717),(345,718),(346,719),(346,720),(346,721),(346,722),(347,723),(347,724),(347,725),(347,726),(348,727),(348,728),(349,729),(349,730),(350,731),(350,732),(351,733),(351,734),(352,735),(352,736),(353,737),(353,738),(354,739),(354,740),(355,741),(355,742),(356,743),(356,744),(357,745),(357,746),(358,747),(358,748),(358,749),(358,750),(359,751),(359,752),(359,753),(359,754),(360,755),(360,756),(360,757),(360,758),(361,759),(361,760),(361,761),(361,762),(362,763),(362,764),(362,765),(362,766),(363,767),(363,768),(363,769),(363,770),(364,771),(364,772),(364,773),(364,774),(365,775),(365,776),(366,777),(366,778),(366,779),(366,780),(367,781),(367,782),(368,783),(368,784),(369,785),(369,786),(370,787),(370,788),(371,789),(371,790),(372,791),(372,792),(372,793),(372,794),(373,795),(373,796),(374,797),(374,798),(375,799),(375,800),(376,801),(376,802),(377,803),(377,804),(378,805),(378,806),(379,807),(379,808),(380,809),(380,810),(381,811),(381,812),(382,813),(382,814);
/*!40000 ALTER TABLE `vente_parcour` ENABLE KEYS */;
UNLOCK TABLES;

--
-- Table structure for table `vente_plus`
--

DROP TABLE IF EXISTS `vente_plus`;
/*!40101 SET @saved_cs_client     = @@character_set_client */;
/*!40101 SET character_set_client = utf8 */;
CREATE TABLE `vente_plus` (
  `vente_id` int(11) NOT NULL,
  `plus_vente_id` int(11) NOT NULL,
  PRIMARY KEY (`vente_id`,`plus_vente_id`),
  KEY `IDX_80A3E6ED7DC7170A` (`vente_id`),
  KEY `IDX_80A3E6EDBFDD9D61` (`plus_vente_id`),
  CONSTRAINT `FK_80A3E6ED7DC7170A` FOREIGN KEY (`vente_id`) REFERENCES `vente` (`id`) ON DELETE CASCADE,
  CONSTRAINT `FK_80A3E6EDBFDD9D61` FOREIGN KEY (`plus_vente_id`) REFERENCES `plus_vente` (`id`) ON DELETE CASCADE
) ENGINE=InnoDB DEFAULT CHARSET=utf8 COLLATE=utf8_unicode_ci;
/*!40101 SET character_set_client = @saved_cs_client */;

--
-- Dumping data for table `vente_plus`
--

LOCK TABLES `vente_plus` WRITE;
/*!40000 ALTER TABLE `vente_plus` DISABLE KEYS */;
/*!40000 ALTER TABLE `vente_plus` ENABLE KEYS */;
UNLOCK TABLES;

--
-- Dumping events for database 'gesti_db'
--

--
-- Dumping routines for database 'gesti_db'
--
/*!40103 SET TIME_ZONE=@OLD_TIME_ZONE */;

/*!40101 SET SQL_MODE=@OLD_SQL_MODE */;
/*!40014 SET FOREIGN_KEY_CHECKS=@OLD_FOREIGN_KEY_CHECKS */;
/*!40014 SET UNIQUE_CHECKS=@OLD_UNIQUE_CHECKS */;
/*!40101 SET CHARACTER_SET_CLIENT=@OLD_CHARACTER_SET_CLIENT */;
/*!40101 SET CHARACTER_SET_RESULTS=@OLD_CHARACTER_SET_RESULTS */;
/*!40101 SET COLLATION_CONNECTION=@OLD_COLLATION_CONNECTION */;
/*!40111 SET SQL_NOTES=@OLD_SQL_NOTES */;

-- Dump completed on 2018-07-10  7:35:01
